N,gamma,r,Sim_ID,AbsorptionTime,AbsorbingState,Absorbed
1000,1.000000,0.999000,0,0.7245920592,1000,1
1000,1.000000,0.999000,1,1.0503036612,0,1
1000,1.000000,0.999000,2,0.6306088522,0,1
1000,1.000000,0.999000,3,0.4646561757,0,1
1000,1.000000,0.999000,4,0.3559326094,0,1
1000,1.000000,0.999000,5,2.1271582331,0,1
1000,1.000000,0.999000,6,0.3443139647,0,1
1000,1.000000,0.999000,7,0.8496323746,0,1
1000,1.000000,0.999000,8,0.8720155203,1000,1
1000,1.000000,0.999000,9,0.3706879180,0,1
1000,1.000000,0.999000,10,0.6405816015,1000,1
1000,1.000000,0.999000,11,0.8993143078,1000,1
1000,1.000000,0.999000,12,0.5408007160,0,1
1000,1.000000,0.999000,13,0.3311406114,1000,1
1000,1.000000,0.999000,14,0.3294321655,0,1
1000,1.000000,0.999000,15,0.2167572259,0,1
1000,1.000000,0.999000,16,0.1726464864,0,1
1000,1.000000,0.999000,17,0.2199997002,0,1
1000,1.000000,0.999000,18,0.1424661212,0,1
1000,1.000000,0.999000,19,0.1846262650,0,1
1000,1.000000,0.999000,20,0.3767849113,0,1
1000,1.000000,0.999000,21,0.2927513929,1000,1
1000,1.000000,0.999000,22,1.9187991118,0,1
1000,1.000000,0.999000,23,0.8401114048,1000,1
1000,1.000000,0.999000,24,0.2298341458,1000,1
1000,1.000000,0.999000,25,1.6267415807,0,1
1000,1.000000,0.999000,26,0.4720277912,1000,1
1000,1.000000,0.999000,27,0.2588242102,0,1
1000,1.000000,0.999000,28,0.1952249439,0,1
1000,1.000000,0.999000,29,0.1982109407,0,1
1000,1.000000,0.999000,30,0.3286577400,0,1
1000,1.000000,0.999000,31,1.0025772849,1000,1
1000,1.000000,0.999000,32,0.6926952313,1000,1
1000,1.000000,0.999000,33,0.8213708440,0,1
1000,1.000000,0.999000,34,0.6530384040,0,1
1000,1.000000,0.999000,35,0.7964946830,0,1
1000,1.000000,0.999000,36,0.5380672196,0,1
1000,1.000000,0.999000,37,0.2848421799,1000,1
1000,1.000000,0.999000,38,0.2663720250,0,1
1000,1.000000,0.999000,39,0.2140338247,0,1
1000,1.000000,0.999000,40,0.3333391882,0,1
1000,1.000000,0.999000,41,0.2749118688,0,1
1000,1.000000,0.999000,42,0.7537990609,0,1
1000,1.000000,0.999000,43,0.6949183276,0,1
1000,1.000000,0.999000,44,0.5131656301,1000,1
1000,1.000000,0.999000,45,1.0363408432,0,1
1000,1.000000,0.999000,46,0.4790020373,0,1
1000,1.000000,0.999000,47,0.2790761670,0,1
1000,1.000000,0.999000,48,0.3988519530,0,1
1000,1.000000,0.999000,49,0.4532376289,1000,1
1000,1.000000,0.999000,50,0.1285327166,1000,1
1000,1.000000,0.999000,51,0.6615819794,1000,1
1000,1.000000,0.999000,52,0.8874677025,1000,1
1000,1.000000,0.999000,53,0.2291522232,1000,1
1000,1.000000,0.999000,54,1.0705626818,1000,1
1000,1.000000,0.999000,55,1.6233787477,0,1
1000,1.000000,0.999000,56,0.2968999695,1000,1
1000,1.000000,0.999000,57,0.9533785643,0,1
1000,1.000000,0.999000,58,0.7326968870,0,1
1000,1.000000,0.999000,59,0.1561302424,0,1
1000,1.000000,0.999000,60,0.4343071771,0,1
1000,1.000000,0.999000,61,0.6325648092,0,1
1000,1.000000,0.999000,62,1.8666015394,0,1
1000,1.000000,0.999000,63,0.2567733520,0,1
1000,1.000000,0.999000,64,1.1102946270,1000,1
1000,1.000000,0.999000,65,0.4653797398,0,1
1000,1.000000,0.999000,66,0.2070628978,0,1
1000,1.000000,0.999000,67,1.3946212093,0,1
1000,1.000000,0.999000,68,0.3515592503,0,1
1000,1.000000,0.999000,69,1.5677986348,0,1
1000,1.000000,0.999000,70,1.3877590388,0,1
1000,1.000000,0.999000,71,0.7656798785,1000,1
1000,1.000000,0.999000,72,0.4452039747,0,1
1000,1.000000,0.999000,73,0.4931506912,1000,1
1000,1.000000,0.999000,74,1.9983246847,0,1
1000,1.000000,0.999000,75,0.9358177512,0,1
1000,1.000000,0.999000,76,0.3519537520,0,1
1000,1.000000,0.999000,77,0.4694491730,0,1
1000,1.000000,0.999000,78,0.3524427441,1000,1
1000,1.000000,0.999000,79,0.2126253524,0,1
1000,1.000000,0.999000,80,0.7329524786,0,1
1000,1.000000,0.999000,81,1.3842562804,0,1
1000,1.000000,0.999000,82,0.4564497282,0,1
1000,1.000000,0.999000,83,2.3549857756,0,1
1000,1.000000,0.999000,84,0.2210235546,1000,1
1000,1.000000,0.999000,85,0.9434179951,1000,1
1000,1.000000,0.999000,86,1.0677559359,1000,1
1000,1.000000,0.999000,87,0.2438511720,0,1
1000,1.000000,0.999000,88,1.3500235960,0,1
1000,1.000000,0.999000,89,1.0084640884,0,1
1000,1.000000,0.999000,90,0.8610175809,0,1
1000,1.000000,0.999000,91,0.6087815544,0,1
1000,1.000000,0.999000,92,1.1442153101,0,1
1000,1.000000,0.999000,93,2.6015998617,1000,1
1000,1.000000,0.999000,94,0.3074273662,0,1
1000,1.000000,0.999000,95,0.2436304239,0,1
1000,1.000000,0.999000,96,0.3701775781,0,1
1000,1.000000,0.999000,97,0.4730164878,0,1
1000,1.000000,0.999000,98,0.5828345119,0,1
1000,1.000000,0.999000,99,0.4509509506,1000,1
1000,1.000000,0.999000,100,0.2440131451,1000,1
1000,1.000000,0.999000,101,1.0972570791,1000,1
1000,1.000000,0.999000,102,0.1506336033,1000,1
1000,1.000000,0.999000,103,0.3377288448,0,1
1000,1.000000,0.999000,104,0.4433985500,0,1
1000,1.000000,0.999000,105,1.3759932384,0,1
1000,1.000000,0.999000,106,0.2900601730,1000,1
1000,1.000000,0.999000,107,0.2029685338,0,1
1000,1.000000,0.999000,108,0.1241677846,1000,1
1000,1.000000,0.999000,109,0.5818052976,0,1
1000,1.000000,0.999000,110,0.1198561773,0,1
1000,1.000000,0.999000,111,0.4126665138,0,1
1000,1.000000,0.999000,112,0.5584247033,0,1
1000,1.000000,0.999000,113,0.3018473735,1000,1
1000,1.000000,0.999000,114,1.7878256896,0,1
1000,1.000000,0.999000,115,1.1821001530,0,1
1000,1.000000,0.999000,116,0.1790827327,0,1
1000,1.000000,0.999000,117,0.8915723605,0,1
1000,1.000000,0.999000,118,0.3514075796,1000,1
1000,1.000000,0.999000,119,1.2955723682,1000,1
1000,1.000000,0.999000,120,0.2565915611,0,1
1000,1.000000,0.999000,121,0.9944041399,1000,1
1000,1.000000,0.999000,122,1.0231953915,0,1
1000,1.000000,0.999000,123,1.5814502105,0,1
1000,1.000000,0.999000,124,0.2098930257,0,1
1000,1.000000,0.999000,125,1.0184232951,1000,1
1000,1.000000,0.999000,126,0.3770947435,1000,1
1000,1.000000,0.999000,127,0.6113637237,1000,1
1000,1.000000,0.999000,128,1.2465508082,0,1
1000,1.000000,0.999000,129,0.3590707813,0,1
1000,1.000000,0.999000,130,0.6755634254,0,1
1000,1.000000,0.999000,131,0.6217826037,1000,1
1000,1.000000,0.999000,132,1.6616052651,1000,1
1000,1.000000,0.999000,133,0.8659964829,1000,1
1000,1.000000,0.999000,134,0.2449879337,0,1
1000,1.000000,0.999000,135,0.2266573052,0,1
1000,1.000000,0.999000,136,0.8663618026,0,1
1000,1.000000,0.999000,137,0.8340754278,1000,1
1000,1.000000,0.999000,138,0.2471787638,0,1
1000,1.000000,0.999000,139,0.3784050818,1000,1
1000,1.000000,0.999000,140,0.8286876903,1000,1
1000,1.000000,0.999000,141,0.2186393187,0,1
1000,1.000000,0.999000,142,0.2874127893,1000,1
1000,1.000000,0.999000,143,0.4852225461,1000,1
1000,1.000000,0.999000,144,0.2321411971,0,1
1000,1.000000,0.999000,145,0.3392902811,1000,1
1000,1.000000,0.999000,146,0.6930075667,1000,1
1000,1.000000,0.999000,147,0.4601270079,1000,1
1000,1.000000,0.999000,148,0.7037275984,0,1
1000,1.000000,0.999000,149,0.6320108207,0,1
1000,1.000000,0.999000,150,0.6265645413,0,1
1000,1.000000,0.999000,151,0.4992454051,0,1
1000,1.000000,0.999000,152,2.1855655805,0,1
1000,1.000000,0.999000,153,1.3583542538,0,1
1000,1.000000,0.999000,154,0.3614219020,1000,1
1000,1.000000,0.999000,155,1.2451357295,1000,1
1000,1.000000,0.999000,156,0.6271408980,0,1
1000,1.000000,0.999000,157,0.8155927344,0,1
1000,1.000000,0.999000,158,0.3662741486,1000,1
1000,1.000000,0.999000,159,0.7092890558,0,1
1000,1.000000,0.999000,160,0.2790855651,1000,1
1000,1.000000,0.999000,161,0.3507419969,0,1
1000,1.000000,0.999000,162,0.5527305741,0,1
1000,1.000000,0.999000,163,1.6176817749,0,1
1000,1.000000,0.999000,164,1.3604156964,0,1
1000,1.000000,0.999000,165,0.3671310621,0,1
1000,1.000000,0.999000,166,0.6122604335,0,1
1000,1.000000,0.999000,167,0.2875375316,0,1
1000,1.000000,0.999000,168,1.1964794771,0,1
1000,1.000000,0.999000,169,0.2246530075,1000,1
1000,1.000000,0.999000,170,0.3918307047,1000,1
1000,1.000000,0.999000,171,1.3197064127,1000,1
1000,1.000000,0.999000,172,0.6786330952,0,1
1000,1.000000,0.999000,173,1.2421663921,0,1
1000,1.000000,0.999000,174,0.9844069227,0,1
1000,1.000000,0.999000,175,0.3872121156,1000,1
1000,1.000000,0.999000,176,0.4417709460,0,1
1000,1.000000,0.999000,177,0.3828970908,1000,1
1000,1.000000,0.999000,178,0.1223595852,0,1
1000,1.000000,0.999000,179,0.4885987651,1000,1
1000,1.000000,0.999000,180,0.3017254996,1000,1
1000,1.000000,0.999000,181,0.8266613837,0,1
1000,1.000000,0.999000,182,0.4718958470,1000,1
1000,1.000000,0.999000,183,0.1858171497,1000,1
1000,1.000000,0.999000,184,0.3632590610,1000,1
1000,1.000000,0.999000,185,0.9463288422,0,1
1000,1.000000,0.999000,186,0.6240924390,0,1
1000,1.000000,0.999000,187,0.2571935421,1000,1
1000,1.000000,0.999000,188,0.6192738044,0,1
1000,1.000000,0.999000,189,0.6525756785,0,1
1000,1.000000,0.999000,190,1.1070397760,0,1
1000,1.000000,0.999000,191,0.2721043733,0,1
1000,1.000000,0.999000,192,1.1298044647,0,1
1000,1.000000,0.999000,193,0.7786288323,0,1
1000,1.000000,0.999000,194,0.0919895451,0,1
1000,1.000000,0.999000,195,0.6093941682,0,1
1000,1.000000,0.999000,196,0.5216579049,0,1
1000,1.000000,0.999000,197,0.9641803974,0,1
1000,1.000000,0.999000,198,0.8421978097,0,1
1000,1.000000,0.999000,199,0.3566210823,0,1
1000,1.000000,0.999000,200,1.4070652920,1000,1
1000,1.000000,0.999000,201,1.7471552424,0,1
1000,1.000000,0.999000,202,0.5004980020,1000,1
1000,1.000000,0.999000,203,0.8131833801,1000,1
1000,1.000000,0.999000,204,0.6619914330,0,1
1000,1.000000,0.999000,205,0.6942935918,1000,1
1000,1.000000,0.999000,206,0.2910061849,0,1
1000,1.000000,0.999000,207,0.8441501978,0,1
1000,1.000000,0.999000,208,0.5881308668,1000,1
1000,1.000000,0.999000,209,3.9346909510,1000,1
1000,1.000000,0.999000,210,0.1514517412,1000,1
1000,1.000000,0.999000,211,0.4562658708,0,1
1000,1.000000,0.999000,212,0.5639181021,0,1
1000,1.000000,0.999000,213,0.2148222307,1000,1
1000,1.000000,0.999000,214,1.3748814216,1000,1
1000,1.000000,0.999000,215,0.3356741579,0,1
1000,1.000000,0.999000,216,0.5174553842,0,1
1000,1.000000,0.999000,217,0.3965014369,0,1
1000,1.000000,0.999000,218,0.2627251528,0,1
1000,1.000000,0.999000,219,0.4258180629,1000,1
1000,1.000000,0.999000,220,0.6916668020,0,1
1000,1.000000,0.999000,221,0.1997093016,1000,1
1000,1.000000,0.999000,222,0.7630209111,0,1
1000,1.000000,0.999000,223,0.4356073683,0,1
1000,1.000000,0.999000,224,0.4134407779,0,1
1000,1.000000,0.999000,225,0.7969548292,0,1
1000,1.000000,0.999000,226,0.4383289687,1000,1
1000,1.000000,0.999000,227,1.0983605916,0,1
1000,1.000000,0.999000,228,0.4493291116,0,1
1000,1.000000,0.999000,229,0.3297003903,1000,1
1000,1.000000,0.999000,230,0.1267603294,0,1
1000,1.000000,0.999000,231,0.5017092230,1000,1
1000,1.000000,0.999000,232,1.3771474548,0,1
1000,1.000000,0.999000,233,0.6666689049,0,1
1000,1.000000,0.999000,234,0.3350691040,1000,1
1000,1.000000,0.999000,235,0.4285893631,0,1
1000,1.000000,0.999000,236,1.7771143759,0,1
1000,1.000000,0.999000,237,0.8361513059,0,1
1000,1.000000,0.999000,238,0.3318108922,0,1
1000,1.000000,0.999000,239,1.2948814784,1000,1
1000,1.000000,0.999000,240,1.7497221396,1000,1
1000,1.000000,0.999000,241,0.3073953306,0,1
1000,1.000000,0.999000,242,0.2010535012,1000,1
1000,1.000000,0.999000,243,0.5762767118,1000,1
1000,1.000000,0.999000,244,1.9976352022,1000,1
1000,1.000000,0.999000,245,0.6192073142,0,1
1000,1.000000,0.999000,246,0.1309710828,0,1
1000,1.000000,0.999000,247,1.0629724925,0,1
1000,1.000000,0.999000,248,0.2458403664,0,1
1000,1.000000,0.999000,249,1.2512122418,0,1
1000,1.000000,0.999000,250,0.2622066573,0,1
1000,1.000000,0.999000,251,0.6825192016,0,1
1000,1.000000,0.999000,252,0.7555840791,0,1
1000,1.000000,0.999000,253,1.0093386759,0,1
1000,1.000000,0.999000,254,0.6028664841,1000,1
1000,1.000000,0.999000,255,0.2635380185,0,1
1000,1.000000,0.999000,256,0.3982031315,0,1
1000,1.000000,0.999000,257,0.4059539858,0,1
1000,1.000000,0.999000,258,0.2015742500,1000,1
1000,1.000000,0.999000,259,0.3679899242,0,1
1000,1.000000,0.999000,260,0.7333030806,0,1
1000,1.000000,0.999000,261,1.5657945364,1000,1
1000,1.000000,0.999000,262,4.4520122072,0,1
1000,1.000000,0.999000,263,0.5792548196,1000,1
1000,1.000000,0.999000,264,1.9924519210,1000,1
1000,1.000000,0.999000,265,0.8431766296,0,1
1000,1.000000,0.999000,266,0.5468523194,0,1
1000,1.000000,0.999000,267,0.8202736677,1000,1
1000,1.000000,0.999000,268,0.6818619336,0,1
1000,1.000000,0.999000,269,0.9265750321,0,1
1000,1.000000,0.999000,270,0.3974288103,0,1
1000,1.000000,0.999000,271,0.6126748846,0,1
1000,1.000000,0.999000,272,0.4295002156,1000,1
1000,1.000000,0.999000,273,1.6374826110,1000,1
1000,1.000000,0.999000,274,0.7592657540,0,1
1000,1.000000,0.999000,275,2.2987216467,0,1
1000,1.000000,0.999000,276,0.1629012693,1000,1
1000,1.000000,0.999000,277,0.3381903707,0,1
1000,1.000000,0.999000,278,0.7293159838,1000,1
1000,1.000000,0.999000,279,0.3371503880,0,1
1000,1.000000,0.999000,280,0.8016855967,1000,1
1000,1.000000,0.999000,281,0.2499157836,1000,1
1000,1.000000,0.999000,282,0.2103260668,0,1
1000,1.000000,0.999000,283,1.1474031578,0,1
1000,1.000000,0.999000,284,0.3764095023,1000,1
1000,1.000000,0.999000,285,0.7676346759,0,1
1000,1.000000,0.999000,286,1.0162488906,0,1
1000,1.000000,0.999000,287,0.2815112912,0,1
1000,1.000000,0.999000,288,0.4119713109,0,1
1000,1.000000,0.999000,289,0.2760794792,0,1
1000,1.000000,0.999000,290,0.6418386323,0,1
1000,1.000000,0.999000,291,0.4211691411,0,1
1000,1.000000,0.999000,292,0.4417628352,1000,1
1000,1.000000,0.999000,293,0.3468446621,1000,1
1000,1.000000,0.999000,294,0.9929217926,0,1
1000,1.000000,0.999000,295,0.2586449721,1000,1
1000,1.000000,0.999000,296,0.6831892402,0,1
1000,1.000000,0.999000,297,2.2279615918,0,1
1000,1.000000,0.999000,298,0.5055599677,0,1
1000,1.000000,0.999000,299,0.4695015498,1000,1
1000,1.000000,0.999000,300,1.1807515830,0,1
1000,1.000000,0.999000,301,0.5506580728,0,1
1000,1.000000,0.999000,302,1.2864355711,0,1
1000,1.000000,0.999000,303,0.8932078333,0,1
1000,1.000000,0.999000,304,0.3117790069,0,1
1000,1.000000,0.999000,305,0.2243062974,0,1
1000,1.000000,0.999000,306,0.3049759391,0,1
1000,1.000000,0.999000,307,1.4187188883,0,1
1000,1.000000,0.999000,308,0.1585816181,0,1
1000,1.000000,0.999000,309,0.6208720863,0,1
1000,1.000000,0.999000,310,1.9159381083,0,1
1000,1.000000,0.999000,311,0.5387953661,0,1
1000,1.000000,0.999000,312,0.2324781640,1000,1
1000,1.000000,0.999000,313,0.5570292393,0,1
1000,1.000000,0.999000,314,0.7774930098,1000,1
1000,1.000000,0.999000,315,0.2832487360,0,1
1000,1.000000,0.999000,316,1.1053825156,0,1
1000,1.000000,0.999000,317,0.4053628290,0,1
1000,1.000000,0.999000,318,0.7528657401,1000,1
1000,1.000000,0.999000,319,0.2391755695,0,1
1000,1.000000,0.999000,320,0.3693396304,0,1
1000,1.000000,0.999000,321,0.2317186300,1000,1
1000,1.000000,0.999000,322,0.2594090430,0,1
1000,1.000000,0.999000,323,0.4142330775,0,1
1000,1.000000,0.999000,324,0.2537545813,1000,1
1000,1.000000,0.999000,325,0.4567221709,1000,1
1000,1.000000,0.999000,326,0.2887841296,0,1
1000,1.000000,0.999000,327,1.9561152547,1000,1
1000,1.000000,0.999000,328,0.2690130250,1000,1
1000,1.000000,0.999000,329,0.9373859152,1000,1
1000,1.000000,0.999000,330,0.7172368628,1000,1
1000,1.000000,0.999000,331,0.3078778397,1000,1
1000,1.000000,0.999000,332,0.4258910140,1000,1
1000,1.000000,0.999000,333,1.5970808347,0,1
1000,1.000000,0.999000,334,0.3490024275,0,1
1000,1.000000,0.999000,335,0.4621282425,0,1
1000,1.000000,0.999000,336,0.8777234536,0,1
1000,1.000000,0.999000,337,1.8735451712,0,1
1000,1.000000,0.999000,338,0.3728038078,0,1
1000,1.000000,0.999000,339,0.2524076482,1000,1
1000,1.000000,0.999000,340,1.1303908535,0,1
1000,1.000000,0.999000,341,0.7334889862,1000,1
1000,1.000000,0.999000,342,0.7697876462,0,1
1000,1.000000,0.999000,343,0.5503988632,1000,1
1000,1.000000,0.999000,344,1.0550943359,0,1
1000,1.000000,0.999000,345,0.3579855266,1000,1
1000,1.000000,0.999000,346,0.2409888762,0,1
1000,1.000000,0.999000,347,0.7903093534,0,1
1000,1.000000,0.999000,348,0.9615077234,1000,1
1000,1.000000,0.999000,349,0.9486435138,1000,1
1000,1.000000,0.999000,350,1.1564048141,0,1
1000,1.000000,0.999000,351,0.8903925164,1000,1
1000,1.000000,0.999000,352,0.4451407434,0,1
1000,1.000000,0.999000,353,0.1828634747,0,1
1000,1.000000,0.999000,354,0.3472952163,1000,1
1000,1.000000,0.999000,355,0.4769753778,1000,1
1000,1.000000,0.999000,356,0.4486483569,0,1
1000,1.000000,0.999000,357,0.2262652377,0,1
1000,1.000000,0.999000,358,0.5198262690,1000,1
1000,1.000000,0.999000,359,0.2655408783,1000,1
1000,1.000000,0.999000,360,0.9839962684,1000,1
1000,1.000000,0.999000,361,0.5677941413,1000,1
1000,1.000000,0.999000,362,0.3092676966,0,1
1000,1.000000,0.999000,363,0.5958977485,0,1
1000,1.000000,0.999000,364,0.4808959646,0,1
1000,1.000000,0.999000,365,0.2559187905,1000,1
1000,1.000000,0.999000,366,0.4983935338,0,1
1000,1.000000,0.999000,367,0.2037867358,0,1
1000,1.000000,0.999000,368,0.4153148955,0,1
1000,1.000000,0.999000,369,1.0473514855,0,1
1000,1.000000,0.999000,370,0.6587570468,0,1
1000,1.000000,0.999000,371,1.1111294124,0,1
1000,1.000000,0.999000,372,0.7305725593,0,1
1000,1.000000,0.999000,373,1.9895834948,0,1
1000,1.000000,0.999000,374,0.5150302558,0,1
1000,1.000000,0.999000,375,0.1318604167,0,1
1000,1.000000,0.999000,376,0.9899541663,0,1
1000,1.000000,0.999000,377,0.7025416875,0,1
1000,1.000000,0.999000,378,0.4014115035,0,1
1000,1.000000,0.999000,379,0.5093336383,0,1
1000,1.000000,0.999000,380,0.5414137624,1000,1
1000,1.000000,0.999000,381,0.9351591907,1000,1
1000,1.000000,0.999000,382,0.1925248593,0,1
1000,1.000000,0.999000,383,0.5416911000,0,1
1000,1.000000,0.999000,384,0.3385789221,1000,1
1000,1.000000,0.999000,385,0.3885339935,0,1
1000,1.000000,0.999000,386,0.1340300767,0,1
1000,1.000000,0.999000,387,0.4031438544,0,1
1000,1.000000,0.999000,388,0.1858919508,1000,1
1000,1.000000,0.999000,389,0.4891097946,1000,1
1000,1.000000,0.999000,390,0.3698285785,0,1
1000,1.000000,0.999000,391,1.0382900686,0,1
1000,1.000000,0.999000,392,1.4951509135,0,1
1000,1.000000,0.999000,393,0.5511726334,1000,1
1000,1.000000,0.999000,394,2.1052370907,0,1
1000,1.000000,0.999000,395,0.9478865732,0,1
1000,1.000000,0.999000,396,0.7179222183,0,1
1000,1.000000,0.999000,397,0.2834994777,0,1
1000,1.000000,0.999000,398,0.6736010779,1000,1
1000,1.000000,0.999000,399,0.4833464379,1000,1
1000,1.000000,0.999000,400,0.3331657261,0,1
1000,1.000000,0.999000,401,0.5744823902,1000,1
1000,1.000000,0.999000,402,0.2165312766,0,1
1000,1.000000,0.999000,403,0.5957366011,1000,1
1000,1.000000,0.999000,404,0.4571026864,0,1
1000,1.000000,0.999000,405,0.9020017446,0,1
1000,1.000000,0.999000,406,0.3615607763,1000,1
1000,1.000000,0.999000,407,0.3175259947,1000,1
1000,1.000000,0.999000,408,0.6003714762,1000,1
1000,1.000000,0.999000,409,1.7914865542,0,1
1000,1.000000,0.999000,410,1.3399626998,1000,1
1000,1.000000,0.999000,411,1.6397986181,1000,1
1000,1.000000,0.999000,412,0.8901972220,0,1
1000,1.000000,0.999000,413,0.5012648263,1000,1
1000,1.000000,0.999000,414,0.4096172082,0,1
1000,1.000000,0.999000,415,0.3266690072,1000,1
1000,1.000000,0.999000,416,0.3373560276,1000,1
1000,1.000000,0.999000,417,0.5634862083,0,1
1000,1.000000,0.999000,418,0.3079119723,0,1
1000,1.000000,0.999000,419,0.3685560707,1000,1
1000,1.000000,0.999000,420,0.6427890232,0,1
1000,1.000000,0.999000,421,0.8398364131,1000,1
1000,1.000000,0.999000,422,0.2539788212,0,1
1000,1.000000,0.999000,423,1.2371635099,1000,1
1000,1.000000,0.999000,424,0.4504347546,1000,1
1000,1.000000,0.999000,425,1.2771401305,1000,1
1000,1.000000,0.999000,426,0.3939802196,0,1
1000,1.000000,0.999000,427,0.7786915521,0,1
1000,1.000000,0.999000,428,0.6527128655,0,1
1000,1.000000,0.999000,429,0.4959365542,1000,1
1000,1.000000,0.999000,430,0.1881774580,0,1
1000,1.000000,0.999000,431,0.2869334461,0,1
1000,1.000000,0.999000,432,0.5173349095,0,1
1000,1.000000,0.999000,433,0.5295293062,1000,1
1000,1.000000,0.999000,434,0.4541453309,1000,1
1000,1.000000,0.999000,435,0.8306609229,0,1
1000,1.000000,0.999000,436,0.5238075996,1000,1
1000,1.000000,0.999000,437,0.3367677220,0,1
1000,1.000000,0.999000,438,0.4061802688,0,1
1000,1.000000,0.999000,439,1.9817834931,0,1
1000,1.000000,0.999000,440,0.4171259430,0,1
1000,1.000000,0.999000,441,1.8253964778,0,1
1000,1.000000,0.999000,442,0.6356914474,1000,1
1000,1.000000,0.999000,443,2.7962817213,1000,1
1000,1.000000,0.999000,444,0.4204885795,0,1
1000,1.000000,0.999000,445,1.1312295449,1000,1
1000,1.000000,0.999000,446,0.2621319512,0,1
1000,1.000000,0.999000,447,0.2658282434,1000,1
1000,1.000000,0.999000,448,0.3316436246,0,1
1000,1.000000,0.999000,449,0.6191238733,1000,1
1000,1.000000,0.999000,450,0.7271654741,1000,1
1000,1.000000,0.999000,451,0.2909714831,0,1
1000,1.000000,0.999000,452,0.4686997236,0,1
1000,1.000000,0.999000,453,0.4259728598,1000,1
1000,1.000000,0.999000,454,0.1954435552,1000,1
1000,1.000000,0.999000,455,0.4298210311,0,1
1000,1.000000,0.999000,456,1.2151893417,0,1
1000,1.000000,0.999000,457,1.2057111673,1000,1
1000,1.000000,0.999000,458,0.9134671054,0,1
1000,1.000000,0.999000,459,0.7231580518,1000,1
1000,1.000000,0.999000,460,0.4769422946,0,1
1000,1.000000,0.999000,461,0.2967674724,0,1
1000,1.000000,0.999000,462,0.9490937083,0,1
1000,1.000000,0.999000,463,0.5618088496,0,1
1000,1.000000,0.999000,464,0.4396450192,1000,1
1000,1.000000,0.999000,465,0.3226944010,0,1
1000,1.000000,0.999000,466,1.8805961613,1000,1
1000,1.000000,0.999000,467,0.3089328514,0,1
1000,1.000000,0.999000,468,1.4692738016,1000,1
1000,1.000000,0.999000,469,0.2371087933,1000,1
1000,1.000000,0.999000,470,0.5100837101,1000,1
1000,1.000000,0.999000,471,0.1123383469,0,1
1000,1.000000,0.999000,472,0.3160246005,0,1
1000,1.000000,0.999000,473,1.3445990063,1000,1
1000,1.000000,0.999000,474,0.8051671916,0,1
1000,1.000000,0.999000,475,1.2555183451,1000,1
1000,1.000000,0.999000,476,0.7128161550,0,1
1000,1.000000,0.999000,477,0.4294123454,0,1
1000,1.000000,0.999000,478,0.1753736211,0,1
1000,1.000000,0.999000,479,0.5049252012,1000,1
1000,1.000000,0.999000,480,0.3700341469,0,1
1000,1.000000,0.999000,481,0.2932692570,0,1
1000,1.000000,0.999000,482,0.3109890670,1000,1
1000,1.000000,0.999000,483,0.7222454087,0,1
1000,1.000000,0.999000,484,0.2272668688,0,1
1000,1.000000,0.999000,485,0.6333514718,0,1
1000,1.000000,0.999000,486,0.3443894115,1000,1
1000,1.000000,0.999000,487,0.7937309294,1000,1
1000,1.000000,0.999000,488,0.1636947630,0,1
1000,1.000000,0.999000,489,0.7816858805,1000,1
1000,1.000000,0.999000,490,0.3194624849,0,1
1000,1.000000,0.999000,491,2.5791258533,1000,1
1000,1.000000,0.999000,492,0.5598556244,0,1
1000,1.000000,0.999000,493,0.7738291897,1000,1
1000,1.000000,0.999000,494,0.4995610199,0,1
1000,1.000000,0.999000,495,0.1606054902,0,1
1000,1.000000,0.999000,496,0.4455051837,1000,1
1000,1.000000,0.999000,497,0.5308912873,0,1
1000,1.000000,0.999000,498,0.5382815934,1000,1
1000,1.000000,0.999000,499,0.3701645055,0,1
1000,1.000000,0.999000,500,0.3072074686,1000,1
1000,1.000000,0.999000,501,0.3989566841,1000,1
1000,1.000000,0.999000,502,0.4220513655,1000,1
1000,1.000000,0.999000,503,1.4600991784,0,1
1000,1.000000,0.999000,504,0.8918049822,0,1
1000,1.000000,0.999000,505,0.6172808968,1000,1
1000,1.000000,0.999000,506,0.3198390777,1000,1
1000,1.000000,0.999000,507,0.2430748544,0,1
1000,1.000000,0.999000,508,1.0281439848,0,1
1000,1.000000,0.999000,509,0.4427027909,0,1
1000,1.000000,0.999000,510,0.7335052888,0,1
1000,1.000000,0.999000,511,1.0602173553,0,1
1000,1.000000,0.999000,512,0.3158967223,0,1
1000,1.000000,0.999000,513,1.0005085904,0,1
1000,1.000000,0.999000,514,0.6017810266,0,1
1000,1.000000,0.999000,515,1.3343065580,0,1
1000,1.000000,0.999000,516,0.4349972117,0,1
1000,1.000000,0.999000,517,1.1590956204,1000,1
1000,1.000000,0.999000,518,1.0221940115,0,1
1000,1.000000,0.999000,519,1.4993362737,1000,1
1000,1.000000,0.999000,520,0.2001864964,1000,1
1000,1.000000,0.999000,521,0.3467065677,0,1
1000,1.000000,0.999000,522,0.7951397555,0,1
1000,1.000000,0.999000,523,0.9080417855,1000,1
1000,1.000000,0.999000,524,1.0798729251,0,1
1000,1.000000,0.999000,525,1.0546362824,0,1
1000,1.000000,0.999000,526,0.5465670224,0,1
1000,1.000000,0.999000,527,0.3093696543,1000,1
1000,1.000000,0.999000,528,1.8807939836,1000,1
1000,1.000000,0.999000,529,0.3235264922,0,1
1000,1.000000,0.999000,530,0.6604108857,1000,1
1000,1.000000,0.999000,531,0.6650582527,1000,1
1000,1.000000,0.999000,532,0.3673205599,0,1
1000,1.000000,0.999000,533,0.9887352923,0,1
1000,1.000000,0.999000,534,1.2769532701,1000,1
1000,1.000000,0.999000,535,2.1057427533,1000,1
1000,1.000000,0.999000,536,1.9785893064,1000,1
1000,1.000000,0.999000,537,0.5400750677,0,1
1000,1.000000,0.999000,538,1.1834060629,0,1
1000,1.000000,0.999000,539,0.3089283704,0,1
1000,1.000000,0.999000,540,0.4901417598,0,1
1000,1.000000,0.999000,541,0.7990995273,1000,1
1000,1.000000,0.999000,542,0.1288689316,0,1
1000,1.000000,0.999000,543,1.0147787951,1000,1
1000,1.000000,0.999000,544,1.1707046206,1000,1
1000,1.000000,0.999000,545,1.5602496109,0,1
1000,1.000000,0.999000,546,1.2969250754,1000,1
1000,1.000000,0.999000,547,0.2965682138,1000,1
1000,1.000000,0.999000,548,0.1932256898,1000,1
1000,1.000000,0.999000,549,0.2646476841,1000,1
1000,1.000000,0.999000,550,0.5410057821,1000,1
1000,1.000000,0.999000,551,1.2375502996,0,1
1000,1.000000,0.999000,552,1.0813080309,1000,1
1000,1.000000,0.999000,553,0.4112610069,0,1
1000,1.000000,0.999000,554,0.4251289685,0,1
1000,1.000000,0.999000,555,0.4031759686,0,1
1000,1.000000,0.999000,556,1.2970135748,1000,1
1000,1.000000,0.999000,557,1.3751685391,1000,1
1000,1.000000,0.999000,558,1.4966478201,0,1
1000,1.000000,0.999000,559,0.1536478716,1000,1
1000,1.000000,0.999000,560,0.4468454698,0,1
1000,1.000000,0.999000,561,1.3867255666,1000,1
1000,1.000000,0.999000,562,0.4120851927,1000,1
1000,1.000000,0.999000,563,0.7326295990,1000,1
1000,1.000000,0.999000,564,0.1281024827,0,1
1000,1.000000,0.999000,565,0.8149371045,1000,1
1000,1.000000,0.999000,566,0.5130797783,1000,1
1000,1.000000,0.999000,567,0.5020233619,1000,1
1000,1.000000,0.999000,568,0.3215735624,1000,1
1000,1.000000,0.999000,569,1.2968276930,1000,1
1000,1.000000,0.999000,570,0.2615402800,1000,1
1000,1.000000,0.999000,571,0.3093904283,0,1
1000,1.000000,0.999000,572,0.8441519092,1000,1
1000,1.000000,0.999000,573,0.4732092605,0,1
1000,1.000000,0.999000,574,0.4031510358,0,1
1000,1.000000,0.999000,575,1.3571622659,0,1
1000,1.000000,0.999000,576,0.8203024885,1000,1
1000,1.000000,0.999000,577,0.4335928091,0,1
1000,1.000000,0.999000,578,0.3443628310,0,1
1000,1.000000,0.999000,579,1.3637948571,1000,1
1000,1.000000,0.999000,580,0.6431950301,0,1
1000,1.000000,0.999000,581,0.4703942876,0,1
1000,1.000000,0.999000,582,0.7869991893,1000,1
1000,1.000000,0.999000,583,0.7002111717,1000,1
1000,1.000000,0.999000,584,0.5828248364,1000,1
1000,1.000000,0.999000,585,0.2377485421,0,1
1000,1.000000,0.999000,586,0.3311860393,0,1
1000,1.000000,0.999000,587,0.1978203828,0,1
1000,1.000000,0.999000,588,1.1515441308,0,1
1000,1.000000,0.999000,589,0.4088165317,1000,1
1000,1.000000,0.999000,590,0.1874583224,0,1
1000,1.000000,0.999000,591,1.6341225735,0,1
1000,1.000000,0.999000,592,0.6657923968,0,1
1000,1.000000,0.999000,593,0.5662028804,1000,1
1000,1.000000,0.999000,594,0.3550313762,0,1
1000,1.000000,0.999000,595,0.4637110307,0,1
1000,1.000000,0.999000,596,0.2771331272,0,1
1000,1.000000,0.999000,597,0.4324353521,0,1
1000,1.000000,0.999000,598,0.5488971298,1000,1
1000,1.000000,0.999000,599,0.1511378668,1000,1
1000,1.000000,0.999000,600,0.6748626614,1000,1
1000,1.000000,0.999000,601,0.5657645369,1000,1
1000,1.000000,0.999000,602,0.2241172049,1000,1
1000,1.000000,0.999000,603,0.3871131846,1000,1
1000,1.000000,0.999000,604,2.5739369800,0,1
1000,1.000000,0.999000,605,0.2231450104,1000,1
1000,1.000000,0.999000,606,1.2560629118,0,1
1000,1.000000,0.999000,607,0.7489349838,1000,1
1000,1.000000,0.999000,608,0.1388434448,0,1
1000,1.000000,0.999000,609,0.9346818625,1000,1
1000,1.000000,0.999000,610,0.9659937409,1000,1
1000,1.000000,0.999000,611,0.7246920065,1000,1
1000,1.000000,0.999000,612,0.7138982422,1000,1
1000,1.000000,0.999000,613,0.4956097659,1000,1
1000,1.000000,0.999000,614,0.9493942910,0,1
1000,1.000000,0.999000,615,0.4698629045,0,1
1000,1.000000,0.999000,616,0.7947326829,1000,1
1000,1.000000,0.999000,617,0.5115030251,0,1
1000,1.000000,0.999000,618,0.3708338943,0,1
1000,1.000000,0.999000,619,0.3891674536,0,1
1000,1.000000,0.999000,620,0.3126501104,0,1
1000,1.000000,0.999000,621,0.2026442648,0,1
1000,1.000000,0.999000,622,1.0332756679,0,1
1000,1.000000,0.999000,623,0.1569360957,1000,1
1000,1.000000,0.999000,624,1.0314640228,1000,1
1000,1.000000,0.999000,625,0.3444141811,1000,1
1000,1.000000,0.999000,626,0.9929162310,1000,1
1000,1.000000,0.999000,627,0.3464170330,1000,1
1000,1.000000,0.999000,628,0.5813977401,1000,1
1000,1.000000,0.999000,629,1.2601227403,0,1
1000,1.000000,0.999000,630,0.6087509546,1000,1
1000,1.000000,0.999000,631,0.2637718400,0,1
1000,1.000000,0.999000,632,0.2274645697,0,1
1000,1.000000,0.999000,633,1.5553107745,0,1
1000,1.000000,0.999000,634,0.4484435403,0,1
1000,1.000000,0.999000,635,0.4293982646,1000,1
1000,1.000000,0.999000,636,0.3702906007,1000,1
1000,1.000000,0.999000,637,0.3377925793,0,1
1000,1.000000,0.999000,638,0.2222417429,0,1
1000,1.000000,0.999000,639,0.2980139159,1000,1
1000,1.000000,0.999000,640,0.7906889344,0,1
1000,1.000000,0.999000,641,0.2205653383,0,1
1000,1.000000,0.999000,642,0.9911826757,0,1
1000,1.000000,0.999000,643,0.2080984933,0,1
1000,1.000000,0.999000,644,1.3214095949,0,1
1000,1.000000,0.999000,645,0.3107690611,1000,1
1000,1.000000,0.999000,646,1.0276979733,0,1
1000,1.000000,0.999000,647,1.4247375248,1000,1
1000,1.000000,0.999000,648,0.8319570743,0,1
1000,1.000000,0.999000,649,0.1296581527,0,1
1000,1.000000,0.999000,650,1.8183715501,0,1
1000,1.000000,0.999000,651,0.6423416430,0,1
1000,1.000000,0.999000,652,0.4764116540,1000,1
1000,1.000000,0.999000,653,0.5901569593,0,1
1000,1.000000,0.999000,654,0.4346799243,1000,1
1000,1.000000,0.999000,655,0.3750756280,0,1
1000,1.000000,0.999000,656,0.4866223028,0,1
1000,1.000000,0.999000,657,0.6596456872,0,1
1000,1.000000,0.999000,658,0.1448861483,0,1
1000,1.000000,0.999000,659,0.1377453611,1000,1
1000,1.000000,0.999000,660,0.6445230518,0,1
1000,1.000000,0.999000,661,0.4369759267,0,1
1000,1.000000,0.999000,662,0.3465480735,0,1
1000,1.000000,0.999000,663,0.7596533227,1000,1
1000,1.000000,0.999000,664,0.6377398636,0,1
1000,1.000000,0.999000,665,0.6015113340,0,1
1000,1.000000,0.999000,666,1.0943946418,0,1
1000,1.000000,0.999000,667,0.6653199318,0,1
1000,1.000000,0.999000,668,0.6805691814,0,1
1000,1.000000,0.999000,669,0.1562841026,1000,1
1000,1.000000,0.999000,670,0.2282597945,0,1
1000,1.000000,0.999000,671,0.1914865607,0,1
1000,1.000000,0.999000,672,2.1572773698,0,1
1000,1.000000,0.999000,673,1.5496670641,0,1
1000,1.000000,0.999000,674,0.1944076768,1000,1
1000,1.000000,0.999000,675,0.5552879722,1000,1
1000,1.000000,0.999000,676,0.2080268143,0,1
1000,1.000000,0.999000,677,0.6667112544,0,1
1000,1.000000,0.999000,678,1.8437068746,1000,1
1000,1.000000,0.999000,679,0.6946383355,0,1
1000,1.000000,0.999000,680,0.6053730841,1000,1
1000,1.000000,0.999000,681,0.6392288328,0,1
1000,1.000000,0.999000,682,0.6188643430,0,1
1000,1.000000,0.999000,683,0.7833640884,0,1
1000,1.000000,0.999000,684,1.4712088519,1000,1
1000,1.000000,0.999000,685,0.6398516763,1000,1
1000,1.000000,0.999000,686,1.1403330975,0,1
1000,1.000000,0.999000,687,1.6123150059,0,1
1000,1.000000,0.999000,688,1.6985701260,0,1
1000,1.000000,0.999000,689,0.4132502452,0,1
1000,1.000000,0.999000,690,0.5049694454,1000,1
1000,1.000000,0.999000,691,0.1358308873,0,1
1000,1.000000,0.999000,692,1.0334776436,0,1
1000,1.000000,0.999000,693,0.1998354981,0,1
1000,1.000000,0.999000,694,0.6948950982,1000,1
1000,1.000000,0.999000,695,0.3615771745,1000,1
1000,1.000000,0.999000,696,0.4939343674,0,1
1000,1.000000,0.999000,697,0.4986133372,0,1
1000,1.000000,0.999000,698,0.2656013597,0,1
1000,1.000000,0.999000,699,0.8797915978,0,1
1000,1.000000,0.999000,700,0.2753814415,0,1
1000,1.000000,0.999000,701,0.9089678821,0,1
1000,1.000000,0.999000,702,1.7638360164,0,1
1000,1.000000,0.999000,703,1.5445336626,1000,1
1000,1.000000,0.999000,704,0.7162282383,1000,1
1000,1.000000,0.999000,705,0.7263399917,0,1
1000,1.000000,0.999000,706,1.2122287149,0,1
1000,1.000000,0.999000,707,0.7150274970,0,1
1000,1.000000,0.999000,708,0.2623275190,1000,1
1000,1.000000,0.999000,709,0.3654608782,1000,1
1000,1.000000,0.999000,710,1.4836669540,1000,1
1000,1.000000,0.999000,711,0.8528187767,1000,1
1000,1.000000,0.999000,712,0.5574325130,1000,1
1000,1.000000,0.999000,713,0.6219358049,0,1
1000,1.000000,0.999000,714,0.2955600148,0,1
1000,1.000000,0.999000,715,0.5957414911,0,1
1000,1.000000,0.999000,716,0.7420700902,0,1
1000,1.000000,0.999000,717,0.3754478441,0,1
1000,1.000000,0.999000,718,0.2541558572,0,1
1000,1.000000,0.999000,719,0.4497308138,0,1
1000,1.000000,0.999000,720,0.3450489532,1000,1
1000,1.000000,0.999000,721,0.2501985176,1000,1
1000,1.000000,0.999000,722,1.1416675807,0,1
1000,1.000000,0.999000,723,0.8712934807,1000,1
1000,1.000000,0.999000,724,1.1769005428,0,1
1000,1.000000,0.999000,725,1.3613314836,1000,1
1000,1.000000,0.999000,726,0.6225081948,1000,1
1000,1.000000,0.999000,727,0.3657613253,0,1
1000,1.000000,0.999000,728,1.2383920303,1000,1
1000,1.000000,0.999000,729,0.3913984750,1000,1
1000,1.000000,0.999000,730,0.9603573329,0,1
1000,1.000000,0.999000,731,0.6072821827,0,1
1000,1.000000,0.999000,732,0.6193202214,1000,1
1000,1.000000,0.999000,733,0.3497496051,1000,1
1000,1.000000,0.999000,734,0.1995444977,1000,1
1000,1.000000,0.999000,735,0.4840906215,0,1
1000,1.000000,0.999000,736,0.5328249993,0,1
1000,1.000000,0.999000,737,1.5993626612,0,1
1000,1.000000,0.999000,738,1.7272421315,0,1
1000,1.000000,0.999000,739,0.7692670760,0,1
1000,1.000000,0.999000,740,0.5010969671,0,1
1000,1.000000,0.999000,741,0.7302563275,0,1
1000,1.000000,0.999000,742,0.4567489611,1000,1
1000,1.000000,0.999000,743,0.4945259962,0,1
1000,1.000000,0.999000,744,0.3901114283,1000,1
1000,1.000000,0.999000,745,0.8760956812,0,1
1000,1.000000,0.999000,746,0.8136295253,0,1
1000,1.000000,0.999000,747,0.4776382387,0,1
1000,1.000000,0.999000,748,1.3152152832,0,1
1000,1.000000,0.999000,749,1.4970082784,0,1
1000,1.000000,0.999000,750,0.2214493099,1000,1
1000,1.000000,0.999000,751,0.3038712171,1000,1
1000,1.000000,0.999000,752,0.3902290733,0,1
1000,1.000000,0.999000,753,0.4638910697,0,1
1000,1.000000,0.999000,754,0.2181991622,0,1
1000,1.000000,0.999000,755,0.2088435994,0,1
1000,1.000000,0.999000,756,0.8134933279,0,1
1000,1.000000,0.999000,757,0.3270086389,1000,1
1000,1.000000,0.999000,758,0.1209128059,0,1
1000,1.000000,0.999000,759,0.5874756219,0,1
1000,1.000000,0.999000,760,1.3735218629,1000,1
1000,1.000000,0.999000,761,1.7149530000,1000,1
1000,1.000000,0.999000,762,0.5263565949,0,1
1000,1.000000,0.999000,763,0.2088007045,0,1
1000,1.000000,0.999000,764,1.2371754844,1000,1
1000,1.000000,0.999000,765,0.3717269359,1000,1
1000,1.000000,0.999000,766,0.2908837164,0,1
1000,1.000000,0.999000,767,0.3906489628,1000,1
1000,1.000000,0.999000,768,0.0971195254,1000,1
1000,1.000000,0.999000,769,0.3458858109,0,1
1000,1.000000,0.999000,770,0.3151923040,0,1
1000,1.000000,0.999000,771,0.8934945457,1000,1
1000,1.000000,0.999000,772,0.5634899675,0,1
1000,1.000000,0.999000,773,0.8090504808,0,1
1000,1.000000,0.999000,774,1.3633135350,0,1
1000,1.000000,0.999000,775,0.4660820894,0,1
1000,1.000000,0.999000,776,0.9114566819,1000,1
1000,1.000000,0.999000,777,0.8308449069,1000,1
1000,1.000000,0.999000,778,0.3267793465,0,1
1000,1.000000,0.999000,779,1.3808786417,0,1
1000,1.000000,0.999000,780,0.9004753956,0,1
1000,1.000000,0.999000,781,0.6301584825,0,1
1000,1.000000,0.999000,782,0.7131677167,1000,1
1000,1.000000,0.999000,783,0.4033221268,0,1
1000,1.000000,0.999000,784,0.5187037336,0,1
1000,1.000000,0.999000,785,0.3461680987,0,1
1000,1.000000,0.999000,786,1.8421296187,1000,1
1000,1.000000,0.999000,787,1.4723093223,1000,1
1000,1.000000,0.999000,788,1.1194965975,1000,1
1000,1.000000,0.999000,789,0.2962891873,1000,1
1000,1.000000,0.999000,790,0.5168832910,0,1
1000,1.000000,0.999000,791,0.2144642382,0,1
1000,1.000000,0.999000,792,0.7054232293,0,1
1000,1.000000,0.999000,793,0.5493565427,0,1
1000,1.000000,0.999000,794,0.4335470443,0,1
1000,1.000000,0.999000,795,0.4035682456,0,1
1000,1.000000,0.999000,796,1.1133557547,0,1
1000,1.000000,0.999000,797,0.4661964406,0,1
1000,1.000000,0.999000,798,0.4273659119,1000,1
1000,1.000000,0.999000,799,2.4883686809,0,1
1000,1.000000,0.999000,800,0.3738654137,0,1
1000,1.000000,0.999000,801,0.8710559358,0,1
1000,1.000000,0.999000,802,1.1239785494,1000,1
1000,1.000000,0.999000,803,1.0801025024,0,1
1000,1.000000,0.999000,804,0.3251462280,0,1
1000,1.000000,0.999000,805,0.5081125320,0,1
1000,1.000000,0.999000,806,0.7699777911,0,1
1000,1.000000,0.999000,807,0.8940007532,1000,1
1000,1.000000,0.999000,808,0.5557468968,0,1
1000,1.000000,0.999000,809,0.8513451820,0,1
1000,1.000000,0.999000,810,0.2586391202,0,1
1000,1.000000,0.999000,811,0.9700153807,1000,1
1000,1.000000,0.999000,812,0.8892461410,0,1
1000,1.000000,0.999000,813,1.0601902305,1000,1
1000,1.000000,0.999000,814,0.2875713945,0,1
1000,1.000000,0.999000,815,0.4105028096,1000,1
1000,1.000000,0.999000,816,0.2988486637,1000,1
1000,1.000000,0.999000,817,1.0234791447,1000,1
1000,1.000000,0.999000,818,0.6138356071,1000,1
1000,1.000000,0.999000,819,0.3422047117,0,1
1000,1.000000,0.999000,820,0.7739186361,0,1
1000,1.000000,0.999000,821,0.7636065304,0,1
1000,1.000000,0.999000,822,0.4435598261,1000,1
1000,1.000000,0.999000,823,1.0748226606,0,1
1000,1.000000,0.999000,824,0.3225832484,0,1
1000,1.000000,0.999000,825,0.5997172281,0,1
1000,1.000000,0.999000,826,1.3408060618,1000,1
1000,1.000000,0.999000,827,0.4704092355,1000,1
1000,1.000000,0.999000,828,0.6777557674,0,1
1000,1.000000,0.999000,829,2.4858912181,1000,1
1000,1.000000,0.999000,830,0.7529589765,0,1
1000,1.000000,0.999000,831,0.1562952034,1000,1
1000,1.000000,0.999000,832,0.6778212216,0,1
1000,1.000000,0.999000,833,0.2237184643,1000,1
1000,1.000000,0.999000,834,0.2219473213,0,1
1000,1.000000,0.999000,835,0.5369852799,1000,1
1000,1.000000,0.999000,836,1.1844691850,0,1
1000,1.000000,0.999000,837,0.0956745139,1000,1
1000,1.000000,0.999000,838,1.0886080556,0,1
1000,1.000000,0.999000,839,0.6385628735,0,1
1000,1.000000,0.999000,840,0.6632978854,0,1
1000,1.000000,0.999000,841,0.8320741847,0,1
1000,1.000000,0.999000,842,0.4139571422,1000,1
1000,1.000000,0.999000,843,1.0060137285,0,1
1000,1.000000,0.999000,844,0.9444794168,0,1
1000,1.000000,0.999000,845,0.3981165469,1000,1
1000,1.000000,0.999000,846,0.2280219968,0,1
1000,1.000000,0.999000,847,0.4159072340,1000,1
1000,1.000000,0.999000,848,0.3981149820,0,1
1000,1.000000,0.999000,849,0.4877819673,1000,1
1000,1.000000,0.999000,850,1.4233954981,1000,1
1000,1.000000,0.999000,851,0.3429943772,1000,1
1000,1.000000,0.999000,852,0.2308363844,1000,1
1000,1.000000,0.999000,853,0.9394233205,0,1
1000,1.000000,0.999000,854,0.5383230456,1000,1
1000,1.000000,0.999000,855,0.1363400608,1000,1
1000,1.000000,0.999000,856,0.4031624609,1000,1
1000,1.000000,0.999000,857,0.7534693088,0,1
1000,1.000000,0.999000,858,0.4195569070,1000,1
1000,1.000000,0.999000,859,0.4883027080,0,1
1000,1.000000,0.999000,860,0.8467161552,0,1
1000,1.000000,0.999000,861,0.5325088165,1000,1
1000,1.000000,0.999000,862,0.2211834812,0,1
1000,1.000000,0.999000,863,2.1484013571,0,1
1000,1.000000,0.999000,864,0.2496537031,1000,1
1000,1.000000,0.999000,865,0.7727401643,1000,1
1000,1.000000,0.999000,866,0.7294026432,0,1
1000,1.000000,0.999000,867,0.5629931181,1000,1
1000,1.000000,0.999000,868,0.2216199413,0,1
1000,1.000000,0.999000,869,0.2238440955,1000,1
1000,1.000000,0.999000,870,0.9232962538,0,1
1000,1.000000,0.999000,871,0.1827713928,0,1
1000,1.000000,0.999000,872,0.2111573709,1000,1
1000,1.000000,0.999000,873,0.9768045371,0,1
1000,1.000000,0.999000,874,0.7486546361,0,1
1000,1.000000,0.999000,875,0.6174359632,0,1
1000,1.000000,0.999000,876,0.3520562863,0,1
1000,1.000000,0.999000,877,0.5207467712,0,1
1000,1.000000,0.999000,878,0.2252351613,0,1
1000,1.000000,0.999000,879,1.9749450717,0,1
1000,1.000000,0.999000,880,0.4846271134,0,1
1000,1.000000,0.999000,881,0.7706313634,0,1
1000,1.000000,0.999000,882,0.7914435404,0,1
1000,1.000000,0.999000,883,0.6574398708,0,1
1000,1.000000,0.999000,884,0.1153382950,1000,1
1000,1.000000,0.999000,885,0.1737570242,0,1
1000,1.000000,0.999000,886,0.3513407470,0,1
1000,1.000000,0.999000,887,0.3584364844,0,1
1000,1.000000,0.999000,888,0.7610603135,1000,1
1000,1.000000,0.999000,889,1.7041274043,0,1
1000,1.000000,0.999000,890,0.2048148242,1000,1
1000,1.000000,0.999000,891,0.7522651331,0,1
1000,1.000000,0.999000,892,0.5020008120,1000,1
1000,1.000000,0.999000,893,0.4097764412,0,1
1000,1.000000,0.999000,894,0.2748474362,0,1
1000,1.000000,0.999000,895,0.9311128464,0,1
1000,1.000000,0.999000,896,0.9226471794,0,1
1000,1.000000,0.999000,897,1.8767847208,0,1
1000,1.000000,0.999000,898,0.8575594157,0,1
1000,1.000000,0.999000,899,0.3494508069,1000,1
1000,1.000000,0.999000,900,0.0911400126,1000,1
1000,1.000000,0.999000,901,1.1599220787,0,1
1000,1.000000,0.999000,902,0.4277467486,1000,1
1000,1.000000,0.999000,903,0.3615844107,0,1
1000,1.000000,0.999000,904,0.1048433029,0,1
1000,1.000000,0.999000,905,0.3662856963,0,1
1000,1.000000,0.999000,906,0.4018978624,0,1
1000,1.000000,0.999000,907,0.2525636131,1000,1
1000,1.000000,0.999000,908,0.7126799014,0,1
1000,1.000000,0.999000,909,0.6719206501,1000,1
1000,1.000000,0.999000,910,1.1282988371,0,1
1000,1.000000,0.999000,911,0.1918435431,1000,1
1000,1.000000,0.999000,912,3.7023603741,1000,1
1000,1.000000,0.999000,913,0.9087981347,0,1
1000,1.000000,0.999000,914,0.8068970166,1000,1
1000,1.000000,0.999000,915,0.2514365629,0,1
1000,1.000000,0.999000,916,0.5830527195,1000,1
1000,1.000000,0.999000,917,1.4561933763,0,1
1000,1.000000,0.999000,918,0.3900229869,1000,1
1000,1.000000,0.999000,919,0.7471325590,1000,1
1000,1.000000,0.999000,920,0.2087607622,1000,1
1000,1.000000,0.999000,921,1.4055039952,0,1
1000,1.000000,0.999000,922,0.8284691794,1000,1
1000,1.000000,0.999000,923,1.1455371174,0,1
1000,1.000000,0.999000,924,0.8241810189,1000,1
1000,1.000000,0.999000,925,2.0576257482,0,1
1000,1.000000,0.999000,926,1.2169566537,1000,1
1000,1.000000,0.999000,927,0.2543555254,1000,1
1000,1.000000,0.999000,928,1.0535763089,0,1
1000,1.000000,0.999000,929,0.2994906941,0,1
1000,1.000000,0.999000,930,0.8036205292,0,1
1000,1.000000,0.999000,931,0.4310991333,1000,1
1000,1.000000,0.999000,932,1.4890941654,0,1
1000,1.000000,0.999000,933,1.6077508207,0,1
1000,1.000000,0.999000,934,0.8245510633,1000,1
1000,1.000000,0.999000,935,0.8228547650,1000,1
1000,1.000000,0.999000,936,0.7259757401,0,1
1000,1.000000,0.999000,937,1.0838643134,0,1
1000,1.000000,0.999000,938,0.8391169110,0,1
1000,1.000000,0.999000,939,0.4512223618,0,1
1000,1.000000,0.999000,940,0.1469582832,0,1
1000,1.000000,0.999000,941,0.5143034242,0,1
1000,1.000000,0.999000,942,1.0444639461,0,1
1000,1.000000,0.999000,943,0.6967685229,0,1
1000,1.000000,0.999000,944,0.4074348134,1000,1
1000,1.000000,0.999000,945,1.3513903012,0,1
1000,1.000000,0.999000,946,0.4314418846,1000,1
1000,1.000000,0.999000,947,0.1847384791,0,1
1000,1.000000,0.999000,948,0.4865389404,1000,1
1000,1.000000,0.999000,949,0.1446278700,0,1
1000,1.000000,0.999000,950,0.1901236594,0,1
1000,1.000000,0.999000,951,0.4198344926,0,1
1000,1.000000,0.999000,952,0.9727063137,1000,1
1000,1.000000,0.999000,953,0.4843281028,0,1
1000,1.000000,0.999000,954,0.4113266208,1000,1
1000,1.000000,0.999000,955,0.5543170896,0,1
1000,1.000000,0.999000,956,0.7656683395,0,1
1000,1.000000,0.999000,957,0.8307365810,1000,1
1000,1.000000,0.999000,958,0.6658701785,0,1
1000,1.000000,0.999000,959,0.3674121322,0,1
1000,1.000000,0.999000,960,1.0208797803,1000,1
1000,1.000000,0.999000,961,0.3771963354,1000,1
1000,1.000000,0.999000,962,1.1393124236,0,1
1000,1.000000,0.999000,963,0.6011851299,0,1
1000,1.000000,0.999000,964,0.7267096966,0,1
1000,1.000000,0.999000,965,0.5447300319,1000,1
1000,1.000000,0.999000,966,0.7243511147,1000,1
1000,1.000000,0.999000,967,2.5548721694,0,1
1000,1.000000,0.999000,968,0.4131802343,0,1
1000,1.000000,0.999000,969,0.7611640941,0,1
1000,1.000000,0.999000,970,0.8469318003,1000,1
1000,1.000000,0.999000,971,0.2945215526,1000,1
1000,1.000000,0.999000,972,0.5214951334,0,1
1000,1.000000,0.999000,973,0.1958169468,0,1
1000,1.000000,0.999000,974,1.9655116505,1000,1
1000,1.000000,0.999000,975,0.7551920870,0,1
1000,1.000000,0.999000,976,0.8333929717,1000,1
1000,1.000000,0.999000,977,1.3280322194,0,1
1000,1.000000,0.999000,978,0.4749290756,0,1
1000,1.000000,0.999000,979,1.2663892675,0,1
1000,1.000000,0.999000,980,0.1083929455,1000,1
1000,1.000000,0.999000,981,0.2503715720,0,1
1000,1.000000,0.999000,982,1.7995516249,0,1
1000,1.000000,0.999000,983,0.9151988418,0,1
1000,1.000000,0.999000,984,0.4757011739,0,1
1000,1.000000,0.999000,985,0.4871430513,0,1
1000,1.000000,0.999000,986,1.0865507060,0,1
1000,1.000000,0.999000,987,0.1595454241,0,1
1000,1.000000,0.999000,988,1.5585414391,0,1
1000,1.000000,0.999000,989,0.9519948816,0,1
1000,1.000000,0.999000,990,0.3624256806,0,1
1000,1.000000,0.999000,991,0.6681676522,0,1
1000,1.000000,0.999000,992,0.2623938741,0,1
1000,1.000000,0.999000,993,1.4669038702,0,1
1000,1.000000,0.999000,994,0.4861964475,1000,1
1000,1.000000,0.999000,995,0.4930422674,0,1
1000,1.000000,0.999000,996,0.6283937127,1000,1
1000,1.000000,0.999000,997,0.6707405921,0,1
1000,1.000000,0.999000,998,0.3711385234,0,1
1000,1.000000,0.999000,999,0.2739737449,0,1
5000,1.000000,0.999800,0,0.8316518272,0,1
5000,1.000000,0.999800,1,0.2390263765,0,1
5000,1.000000,0.999800,2,1.7959037316,0,1
5000,1.000000,0.999800,3,0.7098384616,0,1
5000,1.000000,0.999800,4,0.2923542370,0,1
5000,1.000000,0.999800,5,1.7593718311,0,1
5000,1.000000,0.999800,6,0.1531071083,0,1
5000,1.000000,0.999800,7,0.1433968753,0,1
5000,1.000000,0.999800,8,0.9777620238,0,1
5000,1.000000,0.999800,9,1.5541546701,0,1
5000,1.000000,0.999800,10,0.7002749939,5000,1
5000,1.000000,0.999800,11,1.4728254183,0,1
5000,1.000000,0.999800,12,1.5628082403,0,1
5000,1.000000,0.999800,13,2.4121224936,0,1
5000,1.000000,0.999800,14,0.6038794384,5000,1
5000,1.000000,0.999800,15,0.3690895670,5000,1
5000,1.000000,0.999800,16,0.3351981444,0,1
5000,1.000000,0.999800,17,0.1817243897,0,1
5000,1.000000,0.999800,18,0.3764882665,5000,1
5000,1.000000,0.999800,19,0.1900067195,0,1
5000,1.000000,0.999800,20,0.4639471895,0,1
5000,1.000000,0.999800,21,0.8906361487,0,1
5000,1.000000,0.999800,22,0.9294795418,0,1
5000,1.000000,0.999800,23,0.9708903517,5000,1
5000,1.000000,0.999800,24,0.1863350729,5000,1
5000,1.000000,0.999800,25,1.1715081671,5000,1
5000,1.000000,0.999800,26,0.6035240768,0,1
5000,1.000000,0.999800,27,1.0075593860,5000,1
5000,1.000000,0.999800,28,0.4996948164,5000,1
5000,1.000000,0.999800,29,0.4223674556,0,1
5000,1.000000,0.999800,30,0.8735217542,0,1
5000,1.000000,0.999800,31,0.6511173372,0,1
5000,1.000000,0.999800,32,0.9184354934,0,1
5000,1.000000,0.999800,33,0.5452772866,0,1
5000,1.000000,0.999800,34,0.9905800401,5000,1
5000,1.000000,0.999800,35,0.8095075544,0,1
5000,1.000000,0.999800,36,0.3896769956,5000,1
5000,1.000000,0.999800,37,0.5017978337,0,1
5000,1.000000,0.999800,38,0.8409696571,0,1
5000,1.000000,0.999800,39,0.3415622931,0,1
5000,1.000000,0.999800,40,0.2171927800,0,1
5000,1.000000,0.999800,41,0.7265585034,5000,1
5000,1.000000,0.999800,42,0.4739090685,5000,1
5000,1.000000,0.999800,43,0.7378359236,5000,1
5000,1.000000,0.999800,44,0.1334286472,0,1
5000,1.000000,0.999800,45,1.0162066101,5000,1
5000,1.000000,0.999800,46,1.4064728633,0,1
5000,1.000000,0.999800,47,0.2458311607,0,1
5000,1.000000,0.999800,48,0.5655485810,5000,1
5000,1.000000,0.999800,49,0.3150822537,0,1
5000,1.000000,0.999800,50,0.4680964664,5000,1
5000,1.000000,0.999800,51,0.6059743971,0,1
5000,1.000000,0.999800,52,0.8750480097,0,1
5000,1.000000,0.999800,53,0.1673958776,5000,1
5000,1.000000,0.999800,54,1.0399000889,0,1
5000,1.000000,0.999800,55,0.1985175154,5000,1
5000,1.000000,0.999800,56,0.7920290114,5000,1
5000,1.000000,0.999800,57,0.4281612117,0,1
5000,1.000000,0.999800,58,0.7183371076,0,1
5000,1.000000,0.999800,59,0.4539443865,5000,1
5000,1.000000,0.999800,60,0.9260334888,0,1
5000,1.000000,0.999800,61,0.3826949193,0,1
5000,1.000000,0.999800,62,1.1329284467,0,1
5000,1.000000,0.999800,63,0.6804215224,0,1
5000,1.000000,0.999800,64,0.4485140276,5000,1
5000,1.000000,0.999800,65,0.5359301042,0,1
5000,1.000000,0.999800,66,0.3723956462,0,1
5000,1.000000,0.999800,67,0.3274686906,0,1
5000,1.000000,0.999800,68,0.5241964594,0,1
5000,1.000000,0.999800,69,0.1425379378,0,1
5000,1.000000,0.999800,70,0.1754284887,0,1
5000,1.000000,0.999800,71,1.0304442762,0,1
5000,1.000000,0.999800,72,0.1789465669,0,1
5000,1.000000,0.999800,73,1.2997435167,5000,1
5000,1.000000,0.999800,74,1.6401650095,0,1
5000,1.000000,0.999800,75,0.7121599703,5000,1
5000,1.000000,0.999800,76,0.2981726869,0,1
5000,1.000000,0.999800,77,1.1122800694,5000,1
5000,1.000000,0.999800,78,0.3156106208,0,1
5000,1.000000,0.999800,79,0.8500654168,0,1
5000,1.000000,0.999800,80,0.2112785216,0,1
5000,1.000000,0.999800,81,0.6835222439,5000,1
5000,1.000000,0.999800,82,0.9383962074,0,1
5000,1.000000,0.999800,83,0.3386038113,0,1
5000,1.000000,0.999800,84,0.5905011845,5000,1
5000,1.000000,0.999800,85,0.7282364264,0,1
5000,1.000000,0.999800,86,0.4290943261,5000,1
5000,1.000000,0.999800,87,0.3297498320,5000,1
5000,1.000000,0.999800,88,0.8813251788,5000,1
5000,1.000000,0.999800,89,0.6499559676,0,1
5000,1.000000,0.999800,90,2.1220890675,5000,1
5000,1.000000,0.999800,91,0.2006468330,5000,1
5000,1.000000,0.999800,92,0.4415471335,0,1
5000,1.000000,0.999800,93,0.7903043851,0,1
5000,1.000000,0.999800,94,0.4760107072,5000,1
5000,1.000000,0.999800,95,0.1762095847,5000,1
5000,1.000000,0.999800,96,1.8981350657,0,1
5000,1.000000,0.999800,97,0.3645647078,5000,1
5000,1.000000,0.999800,98,1.0896648908,0,1
5000,1.000000,0.999800,99,0.5431064897,0,1
5000,1.000000,0.999800,100,1.7323981097,0,1
5000,1.000000,0.999800,101,0.8316939416,5000,1
5000,1.000000,0.999800,102,0.2866349767,0,1
5000,1.000000,0.999800,103,0.4737105473,0,1
5000,1.000000,0.999800,104,2.3409386930,0,1
5000,1.000000,0.999800,105,0.5153696432,0,1
5000,1.000000,0.999800,106,0.4729357152,5000,1
5000,1.000000,0.999800,107,0.4174532285,0,1
5000,1.000000,0.999800,108,0.1959252930,5000,1
5000,1.000000,0.999800,109,3.0723411993,0,1
5000,1.000000,0.999800,110,0.2106263694,0,1
5000,1.000000,0.999800,111,0.1755828490,0,1
5000,1.000000,0.999800,112,0.7656663754,0,1
5000,1.000000,0.999800,113,1.0730671334,0,1
5000,1.000000,0.999800,114,0.4600057362,0,1
5000,1.000000,0.999800,115,0.4665693639,0,1
5000,1.000000,0.999800,116,1.5780217151,5000,1
5000,1.000000,0.999800,117,0.8592217576,0,1
5000,1.000000,0.999800,118,0.2606858643,5000,1
5000,1.000000,0.999800,119,0.7213334706,5000,1
5000,1.000000,0.999800,120,0.2436586156,0,1
5000,1.000000,0.999800,121,0.8340675525,0,1
5000,1.000000,0.999800,122,1.0468941814,0,1
5000,1.000000,0.999800,123,0.4331098395,5000,1
5000,1.000000,0.999800,124,0.3254923439,0,1
5000,1.000000,0.999800,125,0.5742863562,5000,1
5000,1.000000,0.999800,126,0.3698897689,5000,1
5000,1.000000,0.999800,127,0.2737160297,5000,1
5000,1.000000,0.999800,128,0.1472775081,0,1
5000,1.000000,0.999800,129,0.4950656066,0,1
5000,1.000000,0.999800,130,0.5157699680,0,1
5000,1.000000,0.999800,131,0.4057855493,0,1
5000,1.000000,0.999800,132,0.2136453239,0,1
5000,1.000000,0.999800,133,0.1262316688,5000,1
5000,1.000000,0.999800,134,0.4675284522,0,1
5000,1.000000,0.999800,135,0.5280807582,0,1
5000,1.000000,0.999800,136,0.7798168781,0,1
5000,1.000000,0.999800,137,0.8002002145,5000,1
5000,1.000000,0.999800,138,0.5747510164,0,1
5000,1.000000,0.999800,139,0.4152241894,5000,1
5000,1.000000,0.999800,140,0.2301552717,0,1
5000,1.000000,0.999800,141,0.2409418149,0,1
5000,1.000000,0.999800,142,0.5519771818,5000,1
5000,1.000000,0.999800,143,0.4077090318,0,1
5000,1.000000,0.999800,144,0.7777194217,0,1
5000,1.000000,0.999800,145,1.5083805499,0,1
5000,1.000000,0.999800,146,0.3176566296,0,1
5000,1.000000,0.999800,147,0.3652398928,5000,1
5000,1.000000,0.999800,148,1.0268888736,0,1
5000,1.000000,0.999800,149,0.2020198770,0,1
5000,1.000000,0.999800,150,0.8699968657,5000,1
5000,1.000000,0.999800,151,1.7935169553,5000,1
5000,1.000000,0.999800,152,0.2973121410,0,1
5000,1.000000,0.999800,153,1.2296051253,5000,1
5000,1.000000,0.999800,154,0.7661187157,5000,1
5000,1.000000,0.999800,155,0.1398778154,5000,1
5000,1.000000,0.999800,156,1.2404896607,5000,1
5000,1.000000,0.999800,157,0.1335705367,5000,1
5000,1.000000,0.999800,158,0.1417924760,0,1
5000,1.000000,0.999800,159,0.1882933179,5000,1
5000,1.000000,0.999800,160,0.7465453874,0,1
5000,1.000000,0.999800,161,0.2688780564,0,1
5000,1.000000,0.999800,162,0.5612619241,0,1
5000,1.000000,0.999800,163,0.9273909055,0,1
5000,1.000000,0.999800,164,0.3461105168,5000,1
5000,1.000000,0.999800,165,0.1596276442,0,1
5000,1.000000,0.999800,166,0.3499988874,5000,1
5000,1.000000,0.999800,167,0.5518374837,0,1
5000,1.000000,0.999800,168,1.2619389630,0,1
5000,1.000000,0.999800,169,0.4226381069,0,1
5000,1.000000,0.999800,170,0.2489620430,5000,1
5000,1.000000,0.999800,171,0.9201275713,5000,1
5000,1.000000,0.999800,172,0.4372475085,0,1
5000,1.000000,0.999800,173,0.2760881445,0,1
5000,1.000000,0.999800,174,1.1850644792,5000,1
5000,1.000000,0.999800,175,0.5777235260,0,1
5000,1.000000,0.999800,176,0.9567079941,0,1
5000,1.000000,0.999800,177,0.2055384709,0,1
5000,1.000000,0.999800,178,0.3268390748,0,1
5000,1.000000,0.999800,179,0.6541145665,0,1
5000,1.000000,0.999800,180,0.3463545523,0,1
5000,1.000000,0.999800,181,0.6608552393,5000,1
5000,1.000000,0.999800,182,0.2407323329,0,1
5000,1.000000,0.999800,183,0.2431342159,5000,1
5000,1.000000,0.999800,184,0.6001054114,0,1
5000,1.000000,0.999800,185,0.1643025930,0,1
5000,1.000000,0.999800,186,0.7392017094,0,1
5000,1.000000,0.999800,187,0.1652972833,0,1
5000,1.000000,0.999800,188,1.3865031805,5000,1
5000,1.000000,0.999800,189,0.3808839337,0,1
5000,1.000000,0.999800,190,0.1359251661,0,1
5000,1.000000,0.999800,191,0.1590181870,0,1
5000,1.000000,0.999800,192,0.7141455203,0,1
5000,1.000000,0.999800,193,0.7601958558,0,1
5000,1.000000,0.999800,194,0.3569444863,5000,1
5000,1.000000,0.999800,195,0.5969079109,0,1
5000,1.000000,0.999800,196,0.5041833263,0,1
5000,1.000000,0.999800,197,0.3649547790,5000,1
5000,1.000000,0.999800,198,2.5350517310,0,1
5000,1.000000,0.999800,199,0.4147784110,5000,1
5000,1.000000,0.999800,200,0.7193222537,0,1
5000,1.000000,0.999800,201,0.3130347914,0,1
5000,1.000000,0.999800,202,0.5023723354,5000,1
5000,1.000000,0.999800,203,0.9231898628,0,1
5000,1.000000,0.999800,204,0.4138774183,5000,1
5000,1.000000,0.999800,205,0.2430894505,0,1
5000,1.000000,0.999800,206,0.8579559058,5000,1
5000,1.000000,0.999800,207,0.5573454182,0,1
5000,1.000000,0.999800,208,0.6823540668,0,1
5000,1.000000,0.999800,209,0.6340065897,0,1
5000,1.000000,0.999800,210,1.2539504094,0,1
5000,1.000000,0.999800,211,0.6348873710,0,1
5000,1.000000,0.999800,212,0.7324197496,5000,1
5000,1.000000,0.999800,213,0.1978631056,5000,1
5000,1.000000,0.999800,214,0.1665451825,5000,1
5000,1.000000,0.999800,215,2.3601093785,5000,1
5000,1.000000,0.999800,216,1.0646467460,0,1
5000,1.000000,0.999800,217,0.7941201174,0,1
5000,1.000000,0.999800,218,0.8211011371,0,1
5000,1.000000,0.999800,219,0.6111318719,0,1
5000,1.000000,0.999800,220,2.2716598655,0,1
5000,1.000000,0.999800,221,0.2127443361,5000,1
5000,1.000000,0.999800,222,0.4922164688,0,1
5000,1.000000,0.999800,223,0.3164842678,0,1
5000,1.000000,0.999800,224,0.1918639615,0,1
5000,1.000000,0.999800,225,0.2870068542,0,1
5000,1.000000,0.999800,226,0.1410097337,5000,1
5000,1.000000,0.999800,227,0.9002924603,5000,1
5000,1.000000,0.999800,228,0.5866035279,5000,1
5000,1.000000,0.999800,229,0.3107738927,0,1
5000,1.000000,0.999800,230,0.5418688106,5000,1
5000,1.000000,0.999800,231,0.9597960930,5000,1
5000,1.000000,0.999800,232,0.1033559849,0,1
5000,1.000000,0.999800,233,0.4026699817,5000,1
5000,1.000000,0.999800,234,0.3854840524,0,1
5000,1.000000,0.999800,235,0.4236797108,0,1
5000,1.000000,0.999800,236,0.8813647381,0,1
5000,1.000000,0.999800,237,0.2629559172,5000,1
5000,1.000000,0.999800,238,0.8152141714,0,1
5000,1.000000,0.999800,239,0.6215331644,5000,1
5000,1.000000,0.999800,240,0.2458142002,0,1
5000,1.000000,0.999800,241,0.5413819354,5000,1
5000,1.000000,0.999800,242,0.4141431856,0,1
5000,1.000000,0.999800,243,0.9416925468,5000,1
5000,1.000000,0.999800,244,0.7092384303,0,1
5000,1.000000,0.999800,245,0.7482491593,0,1
5000,1.000000,0.999800,246,0.2972489205,5000,1
5000,1.000000,0.999800,247,0.3041421170,5000,1
5000,1.000000,0.999800,248,0.6246828499,0,1
5000,1.000000,0.999800,249,0.6557122436,0,1
5000,1.000000,0.999800,250,0.6615093929,0,1
5000,1.000000,0.999800,251,1.0187405072,0,1
5000,1.000000,0.999800,252,1.1396766289,0,1
5000,1.000000,0.999800,253,0.5364998908,0,1
5000,1.000000,0.999800,254,0.5528216411,0,1
5000,1.000000,0.999800,255,0.2825013062,0,1
5000,1.000000,0.999800,256,0.1867992977,0,1
5000,1.000000,0.999800,257,0.6290604178,0,1
5000,1.000000,0.999800,258,0.3031414108,0,1
5000,1.000000,0.999800,259,0.3816314258,0,1
5000,1.000000,0.999800,260,0.8256941145,5000,1
5000,1.000000,0.999800,261,0.2725087203,5000,1
5000,1.000000,0.999800,262,1.2463809086,0,1
5000,1.000000,0.999800,263,0.5227505465,0,1
5000,1.000000,0.999800,264,0.2925665840,5000,1
5000,1.000000,0.999800,265,1.1053590331,0,1
5000,1.000000,0.999800,266,0.2287842088,5000,1
5000,1.000000,0.999800,267,1.1188847030,0,1
5000,1.000000,0.999800,268,0.4220897090,0,1
5000,1.000000,0.999800,269,0.8423188997,5000,1
5000,1.000000,0.999800,270,0.7733136001,0,1
5000,1.000000,0.999800,271,0.4380913753,0,1
5000,1.000000,0.999800,272,1.7215531479,5000,1
5000,1.000000,0.999800,273,0.5445064431,5000,1
5000,1.000000,0.999800,274,0.2640830142,0,1
5000,1.000000,0.999800,275,0.3973102791,5000,1
5000,1.000000,0.999800,276,0.5211643479,5000,1
5000,1.000000,0.999800,277,0.7118536935,0,1
5000,1.000000,0.999800,278,0.2366688864,0,1
5000,1.000000,0.999800,279,0.3056965108,5000,1
5000,1.000000,0.999800,280,0.2036776063,0,1
5000,1.000000,0.999800,281,0.5907621048,5000,1
5000,1.000000,0.999800,282,0.7335727937,5000,1
5000,1.000000,0.999800,283,1.3210700437,0,1
5000,1.000000,0.999800,284,0.4064762653,0,1
5000,1.000000,0.999800,285,0.4771670898,5000,1
5000,1.000000,0.999800,286,0.2426792948,5000,1
5000,1.000000,0.999800,287,0.2559823650,5000,1
5000,1.000000,0.999800,288,0.5686793290,0,1
5000,1.000000,0.999800,289,0.2829524000,5000,1
5000,1.000000,0.999800,290,0.8241760894,0,1
5000,1.000000,0.999800,291,0.9420066358,5000,1
5000,1.000000,0.999800,292,0.4451905176,0,1
5000,1.000000,0.999800,293,0.3252378773,0,1
5000,1.000000,0.999800,294,0.6713127640,0,1
5000,1.000000,0.999800,295,2.8808029508,0,1
5000,1.000000,0.999800,296,1.2260031601,0,1
5000,1.000000,0.999800,297,0.7192529450,5000,1
5000,1.000000,0.999800,298,0.5904127793,0,1
5000,1.000000,0.999800,299,0.3199180149,0,1
5000,1.000000,0.999800,300,0.2649459509,0,1
5000,1.000000,0.999800,301,0.2804530051,5000,1
5000,1.000000,0.999800,302,0.9435278480,5000,1
5000,1.000000,0.999800,303,2.4388602210,0,1
5000,1.000000,0.999800,304,0.2178151788,0,1
5000,1.000000,0.999800,305,0.1670498132,0,1
5000,1.000000,0.999800,306,1.0130274235,0,1
5000,1.000000,0.999800,307,0.5329877604,0,1
5000,1.000000,0.999800,308,1.2810881128,0,1
5000,1.000000,0.999800,309,0.5620079216,0,1
5000,1.000000,0.999800,310,1.8573047682,5000,1
5000,1.000000,0.999800,311,0.2967512745,0,1
5000,1.000000,0.999800,312,0.6113026071,5000,1
5000,1.000000,0.999800,313,1.2337582207,0,1
5000,1.000000,0.999800,314,1.0808121752,0,1
5000,1.000000,0.999800,315,0.4093277981,5000,1
5000,1.000000,0.999800,316,0.1899462233,0,1
5000,1.000000,0.999800,317,0.7453316228,5000,1
5000,1.000000,0.999800,318,0.2955361970,5000,1
5000,1.000000,0.999800,319,0.5194096491,0,1
5000,1.000000,0.999800,320,0.5302296735,0,1
5000,1.000000,0.999800,321,0.5649605777,0,1
5000,1.000000,0.999800,322,0.2957146279,0,1
5000,1.000000,0.999800,323,0.2921510253,5000,1
5000,1.000000,0.999800,324,0.3574728870,0,1
5000,1.000000,0.999800,325,0.5624837799,0,1
5000,1.000000,0.999800,326,0.6987631182,0,1
5000,1.000000,0.999800,327,1.1267526903,5000,1
5000,1.000000,0.999800,328,0.7107768689,0,1
5000,1.000000,0.999800,329,0.6608628646,0,1
5000,1.000000,0.999800,330,1.6190329995,0,1
5000,1.000000,0.999800,331,1.4632553897,0,1
5000,1.000000,0.999800,332,0.2070197723,0,1
5000,1.000000,0.999800,333,0.3763845184,0,1
5000,1.000000,0.999800,334,0.2763452649,5000,1
5000,1.000000,0.999800,335,0.7476471484,5000,1
5000,1.000000,0.999800,336,0.2596143193,0,1
5000,1.000000,0.999800,337,0.2666887234,0,1
5000,1.000000,0.999800,338,0.5334948217,0,1
5000,1.000000,0.999800,339,0.3028284060,5000,1
5000,1.000000,0.999800,340,0.5338699564,5000,1
5000,1.000000,0.999800,341,0.5637933190,0,1
5000,1.000000,0.999800,342,0.3158895141,5000,1
5000,1.000000,0.999800,343,1.4814921389,0,1
5000,1.000000,0.999800,344,0.7613522501,5000,1
5000,1.000000,0.999800,345,0.3957916268,5000,1
5000,1.000000,0.999800,346,0.4249409056,5000,1
5000,1.000000,0.999800,347,0.2232128069,5000,1
5000,1.000000,0.999800,348,0.5574993204,0,1
5000,1.000000,0.999800,349,0.1134705665,5000,1
5000,1.000000,0.999800,350,0.3711114678,5000,1
5000,1.000000,0.999800,351,1.0610304309,0,1
5000,1.000000,0.999800,352,0.3031457883,0,1
5000,1.000000,0.999800,353,0.8422338407,0,1
5000,1.000000,0.999800,354,0.9145739229,5000,1
5000,1.000000,0.999800,355,0.2906084982,0,1
5000,1.000000,0.999800,356,0.4729329185,0,1
5000,1.000000,0.999800,357,1.4075027260,0,1
5000,1.000000,0.999800,358,1.1734824980,5000,1
5000,1.000000,0.999800,359,0.7935111194,0,1
5000,1.000000,0.999800,360,0.5436518821,0,1
5000,1.000000,0.999800,361,0.6023110791,5000,1
5000,1.000000,0.999800,362,1.5189254836,0,1
5000,1.000000,0.999800,363,0.8716614998,0,1
5000,1.000000,0.999800,364,0.2292275024,0,1
5000,1.000000,0.999800,365,0.7493014269,0,1
5000,1.000000,0.999800,366,0.3311851759,0,1
5000,1.000000,0.999800,367,1.7262897196,0,1
5000,1.000000,0.999800,368,0.6211231297,0,1
5000,1.000000,0.999800,369,0.2958237694,0,1
5000,1.000000,0.999800,370,1.6704906672,0,1
5000,1.000000,0.999800,371,0.1270903297,0,1
5000,1.000000,0.999800,372,0.9305525253,0,1
5000,1.000000,0.999800,373,0.2760477604,0,1
5000,1.000000,0.999800,374,1.5824784725,0,1
5000,1.000000,0.999800,375,0.7443637196,5000,1
5000,1.000000,0.999800,376,1.4189959458,0,1
5000,1.000000,0.999800,377,1.4011575633,0,1
5000,1.000000,0.999800,378,0.7316457961,5000,1
5000,1.000000,0.999800,379,0.9473913340,0,1
5000,1.000000,0.999800,380,1.2008965958,0,1
5000,1.000000,0.999800,381,0.5617841723,5000,1
5000,1.000000,0.999800,382,0.3716491010,5000,1
5000,1.000000,0.999800,383,0.2769513867,0,1
5000,1.000000,0.999800,384,0.6159166998,0,1
5000,1.000000,0.999800,385,0.3895817804,0,1
5000,1.000000,0.999800,386,0.8114961876,0,1
5000,1.000000,0.999800,387,1.0450858877,0,1
5000,1.000000,0.999800,388,0.9786830250,5000,1
5000,1.000000,0.999800,389,0.2401145137,5000,1
5000,1.000000,0.999800,390,0.2356702457,5000,1
5000,1.000000,0.999800,391,1.4041910084,0,1
5000,1.000000,0.999800,392,0.3821938457,5000,1
5000,1.000000,0.999800,393,0.8924274870,5000,1
5000,1.000000,0.999800,394,0.4894148980,0,1
5000,1.000000,0.999800,395,0.8791636542,0,1
5000,1.000000,0.999800,396,0.5867437844,0,1
5000,1.000000,0.999800,397,0.4656312347,5000,1
5000,1.000000,0.999800,398,0.2789653936,0,1
5000,1.000000,0.999800,399,0.2333031773,0,1
5000,1.000000,0.999800,400,1.6315129737,0,1
5000,1.000000,0.999800,401,0.1631775613,5000,1
5000,1.000000,0.999800,402,0.7283890354,0,1
5000,1.000000,0.999800,403,0.4039953507,5000,1
5000,1.000000,0.999800,404,0.4258230203,0,1
5000,1.000000,0.999800,405,0.8231940894,0,1
5000,1.000000,0.999800,406,0.4284086108,0,1
5000,1.000000,0.999800,407,0.1331790252,0,1
5000,1.000000,0.999800,408,0.6108467740,5000,1
5000,1.000000,0.999800,409,0.5159769578,5000,1
5000,1.000000,0.999800,410,0.6401255041,5000,1
5000,1.000000,0.999800,411,0.1377974789,0,1
5000,1.000000,0.999800,412,0.9266081112,5000,1
5000,1.000000,0.999800,413,1.7019955548,0,1
5000,1.000000,0.999800,414,1.3199573589,0,1
5000,1.000000,0.999800,415,0.3314528763,5000,1
5000,1.000000,0.999800,416,0.6016499485,0,1
5000,1.000000,0.999800,417,2.8446647275,5000,1
5000,1.000000,0.999800,418,0.4710455573,0,1
5000,1.000000,0.999800,419,0.7339322755,0,1
5000,1.000000,0.999800,420,0.4500565915,5000,1
5000,1.000000,0.999800,421,1.0879518995,0,1
5000,1.000000,0.999800,422,0.2847346868,0,1
5000,1.000000,0.999800,423,1.1798584722,0,1
5000,1.000000,0.999800,424,0.6131143439,0,1
5000,1.000000,0.999800,425,0.5685635277,5000,1
5000,1.000000,0.999800,426,0.5340698217,0,1
5000,1.000000,0.999800,427,0.5251234240,0,1
5000,1.000000,0.999800,428,0.3080358074,0,1
5000,1.000000,0.999800,429,0.4173075557,0,1
5000,1.000000,0.999800,430,0.1441866474,0,1
5000,1.000000,0.999800,431,0.4972597419,0,1
5000,1.000000,0.999800,432,0.3038356643,5000,1
5000,1.000000,0.999800,433,0.1294682730,0,1
5000,1.000000,0.999800,434,0.3342693367,0,1
5000,1.000000,0.999800,435,0.1488570103,0,1
5000,1.000000,0.999800,436,0.1658262837,5000,1
5000,1.000000,0.999800,437,0.1633700424,0,1
5000,1.000000,0.999800,438,0.7138226264,5000,1
5000,1.000000,0.999800,439,1.9740573818,0,1
5000,1.000000,0.999800,440,0.5868904584,5000,1
5000,1.000000,0.999800,441,0.2981642636,0,1
5000,1.000000,0.999800,442,1.0162006586,5000,1
5000,1.000000,0.999800,443,0.7313717780,0,1
5000,1.000000,0.999800,444,0.5603655553,0,1
5000,1.000000,0.999800,445,0.4872397456,0,1
5000,1.000000,0.999800,446,0.4877967742,5000,1
5000,1.000000,0.999800,447,1.1364693176,0,1
5000,1.000000,0.999800,448,0.3553770515,0,1
5000,1.000000,0.999800,449,0.5086275463,5000,1
5000,1.000000,0.999800,450,0.9742665570,0,1
5000,1.000000,0.999800,451,0.3220442383,5000,1
5000,1.000000,0.999800,452,0.4032775099,5000,1
5000,1.000000,0.999800,453,0.7290990161,5000,1
5000,1.000000,0.999800,454,0.8779318599,0,1
5000,1.000000,0.999800,455,2.1580728672,5000,1
5000,1.000000,0.999800,456,0.1792380427,5000,1
5000,1.000000,0.999800,457,0.4696021165,0,1
5000,1.000000,0.999800,458,0.9254437078,0,1
5000,1.000000,0.999800,459,0.3734534036,5000,1
5000,1.000000,0.999800,460,0.1314538612,5000,1
5000,1.000000,0.999800,461,0.9630558349,5000,1
5000,1.000000,0.999800,462,0.7685024906,0,1
5000,1.000000,0.999800,463,1.5187400632,0,1
5000,1.000000,0.999800,464,0.4950551743,0,1
5000,1.000000,0.999800,465,1.9212576224,0,1
5000,1.000000,0.999800,466,0.6992400576,5000,1
5000,1.000000,0.999800,467,0.4831124906,0,1
5000,1.000000,0.999800,468,0.7699566863,0,1
5000,1.000000,0.999800,469,0.5303431261,5000,1
5000,1.000000,0.999800,470,0.4318419610,0,1
5000,1.000000,0.999800,471,1.0068108790,0,1
5000,1.000000,0.999800,472,0.4123296969,0,1
5000,1.000000,0.999800,473,0.5650427068,5000,1
5000,1.000000,0.999800,474,0.3033548229,0,1
5000,1.000000,0.999800,475,0.1782542732,5000,1
5000,1.000000,0.999800,476,2.7404504560,5000,1
5000,1.000000,0.999800,477,0.7019208285,0,1
5000,1.000000,0.999800,478,0.2620537213,0,1
5000,1.000000,0.999800,479,0.3154442327,0,1
5000,1.000000,0.999800,480,0.2537802747,0,1
5000,1.000000,0.999800,481,0.7265672491,0,1
5000,1.000000,0.999800,482,1.0186775019,0,1
5000,1.000000,0.999800,483,0.6726027334,0,1
5000,1.000000,0.999800,484,0.2471853522,0,1
5000,1.000000,0.999800,485,0.6186328199,5000,1
5000,1.000000,0.999800,486,0.2405232267,0,1
5000,1.000000,0.999800,487,0.6845449335,5000,1
5000,1.000000,0.999800,488,1.0680124018,0,1
5000,1.000000,0.999800,489,0.2846827199,5000,1
5000,1.000000,0.999800,490,0.3061647319,5000,1
5000,1.000000,0.999800,491,0.6526370377,0,1
5000,1.000000,0.999800,492,0.8537770891,0,1
5000,1.000000,0.999800,493,1.9577191733,0,1
5000,1.000000,0.999800,494,0.5367449978,5000,1
5000,1.000000,0.999800,495,0.4555923177,5000,1
5000,1.000000,0.999800,496,0.2518418391,5000,1
5000,1.000000,0.999800,497,0.3665931598,0,1
5000,1.000000,0.999800,498,0.4381115635,0,1
5000,1.000000,0.999800,499,0.4436985975,0,1
5000,1.000000,0.999800,500,0.4333140604,0,1
5000,1.000000,0.999800,501,0.7451520416,0,1
5000,1.000000,0.999800,502,0.4979857077,0,1
5000,1.000000,0.999800,503,0.9336534956,0,1
5000,1.000000,0.999800,504,0.8425788732,5000,1
5000,1.000000,0.999800,505,0.5804437462,0,1
5000,1.000000,0.999800,506,0.4049274832,5000,1
5000,1.000000,0.999800,507,0.2805766724,0,1
5000,1.000000,0.999800,508,0.1809522404,0,1
5000,1.000000,0.999800,509,0.6337984744,5000,1
5000,1.000000,0.999800,510,0.7871356330,0,1
5000,1.000000,0.999800,511,0.3134705884,5000,1
5000,1.000000,0.999800,512,0.2205225960,0,1
5000,1.000000,0.999800,513,0.3410553334,0,1
5000,1.000000,0.999800,514,0.3727305260,5000,1
5000,1.000000,0.999800,515,0.6604335822,0,1
5000,1.000000,0.999800,516,0.3998943055,0,1
5000,1.000000,0.999800,517,0.4901339595,0,1
5000,1.000000,0.999800,518,0.2906937205,5000,1
5000,1.000000,0.999800,519,1.1067354022,0,1
5000,1.000000,0.999800,520,0.3590662333,0,1
5000,1.000000,0.999800,521,0.9000969395,5000,1
5000,1.000000,0.999800,522,1.9357103143,5000,1
5000,1.000000,0.999800,523,0.4162803789,0,1
5000,1.000000,0.999800,524,1.1131059837,5000,1
5000,1.000000,0.999800,525,0.6149019318,5000,1
5000,1.000000,0.999800,526,0.2565714802,5000,1
5000,1.000000,0.999800,527,0.2179398299,5000,1
5000,1.000000,0.999800,528,0.6659054022,0,1
5000,1.000000,0.999800,529,0.3413241430,5000,1
5000,1.000000,0.999800,530,0.3040839102,5000,1
5000,1.000000,0.999800,531,0.2549654680,0,1
5000,1.000000,0.999800,532,0.1615417380,5000,1
5000,1.000000,0.999800,533,0.6410139178,0,1
5000,1.000000,0.999800,534,0.4625847889,0,1
5000,1.000000,0.999800,535,1.2167574779,0,1
5000,1.000000,0.999800,536,1.7586729455,0,1
5000,1.000000,0.999800,537,1.0371833190,0,1
5000,1.000000,0.999800,538,1.5014367651,5000,1
5000,1.000000,0.999800,539,0.7075600523,0,1
5000,1.000000,0.999800,540,0.4396066848,0,1
5000,1.000000,0.999800,541,0.8431472610,5000,1
5000,1.000000,0.999800,542,0.9655225876,0,1
5000,1.000000,0.999800,543,0.8874907081,0,1
5000,1.000000,0.999800,544,0.2971768918,0,1
5000,1.000000,0.999800,545,0.4817809957,0,1
5000,1.000000,0.999800,546,0.5936573300,0,1
5000,1.000000,0.999800,547,0.5942035149,0,1
5000,1.000000,0.999800,548,0.4396288754,5000,1
5000,1.000000,0.999800,549,1.3330311476,0,1
5000,1.000000,0.999800,550,0.7185753078,0,1
5000,1.000000,0.999800,551,0.3587009135,0,1
5000,1.000000,0.999800,552,0.5320039835,0,1
5000,1.000000,0.999800,553,1.4912629095,5000,1
5000,1.000000,0.999800,554,0.4068883344,0,1
5000,1.000000,0.999800,555,0.2305475472,0,1
5000,1.000000,0.999800,556,0.1537521534,0,1
5000,1.000000,0.999800,557,0.7302494543,0,1
5000,1.000000,0.999800,558,1.4913843190,0,1
5000,1.000000,0.999800,559,0.4912122517,0,1
5000,1.000000,0.999800,560,0.4495238491,5000,1
5000,1.000000,0.999800,561,0.7576531900,5000,1
5000,1.000000,0.999800,562,0.6093288690,0,1
5000,1.000000,0.999800,563,0.9005090722,0,1
5000,1.000000,0.999800,564,0.2426872097,5000,1
5000,1.000000,0.999800,565,0.8450930085,0,1
5000,1.000000,0.999800,566,1.7257225419,0,1
5000,1.000000,0.999800,567,0.3900773820,5000,1
5000,1.000000,0.999800,568,0.2910251512,0,1
5000,1.000000,0.999800,569,0.8635986218,5000,1
5000,1.000000,0.999800,570,0.7157137496,0,1
5000,1.000000,0.999800,571,0.6180806840,0,1
5000,1.000000,0.999800,572,0.9899025761,0,1
5000,1.000000,0.999800,573,0.9499356080,0,1
5000,1.000000,0.999800,574,1.4877635682,5000,1
5000,1.000000,0.999800,575,0.1729805989,5000,1
5000,1.000000,0.999800,576,1.0155006601,5000,1
5000,1.000000,0.999800,577,0.3709237148,0,1
5000,1.000000,0.999800,578,0.9770011238,5000,1
5000,1.000000,0.999800,579,1.7150384768,0,1
5000,1.000000,0.999800,580,0.4713083895,0,1
5000,1.000000,0.999800,581,0.8938056530,0,1
5000,1.000000,0.999800,582,0.6952298957,0,1
5000,1.000000,0.999800,583,2.2629114137,0,1
5000,1.000000,0.999800,584,0.2348545679,5000,1
5000,1.000000,0.999800,585,0.5780958478,0,1
5000,1.000000,0.999800,586,0.4615806436,0,1
5000,1.000000,0.999800,587,0.1853429933,0,1
5000,1.000000,0.999800,588,0.9100934655,5000,1
5000,1.000000,0.999800,589,0.7175483967,5000,1
5000,1.000000,0.999800,590,0.3358141882,0,1
5000,1.000000,0.999800,591,0.4487763513,5000,1
5000,1.000000,0.999800,592,1.1550458706,5000,1
5000,1.000000,0.999800,593,0.7166764295,0,1
5000,1.000000,0.999800,594,0.4021281421,0,1
5000,1.000000,0.999800,595,2.0441320938,0,1
5000,1.000000,0.999800,596,0.3885518946,5000,1
5000,1.000000,0.999800,597,0.4939690196,0,1
5000,1.000000,0.999800,598,0.2767787341,5000,1
5000,1.000000,0.999800,599,0.5748591767,0,1
5000,1.000000,0.999800,600,0.9824017127,5000,1
5000,1.000000,0.999800,601,0.5073128580,5000,1
5000,1.000000,0.999800,602,0.2070054544,0,1
5000,1.000000,0.999800,603,0.7335684280,0,1
5000,1.000000,0.999800,604,0.8042337501,5000,1
5000,1.000000,0.999800,605,0.8313872559,0,1
5000,1.000000,0.999800,606,0.4191172564,0,1
5000,1.000000,0.999800,607,0.6694939920,0,1
5000,1.000000,0.999800,608,1.2041965285,0,1
5000,1.000000,0.999800,609,1.0941959598,0,1
5000,1.000000,0.999800,610,0.3925433623,0,1
5000,1.000000,0.999800,611,0.3738072848,0,1
5000,1.000000,0.999800,612,0.2602844636,0,1
5000,1.000000,0.999800,613,0.1244318221,0,1
5000,1.000000,0.999800,614,0.7016454353,0,1
5000,1.000000,0.999800,615,0.2721643772,0,1
5000,1.000000,0.999800,616,0.3561293966,0,1
5000,1.000000,0.999800,617,0.8861323978,5000,1
5000,1.000000,0.999800,618,0.4824610017,5000,1
5000,1.000000,0.999800,619,1.1274566354,0,1
5000,1.000000,0.999800,620,0.1622178131,5000,1
5000,1.000000,0.999800,621,0.2786040969,0,1
5000,1.000000,0.999800,622,2.8888222753,0,1
5000,1.000000,0.999800,623,0.4137839015,0,1
5000,1.000000,0.999800,624,0.7449893251,5000,1
5000,1.000000,0.999800,625,0.8501458021,0,1
5000,1.000000,0.999800,626,0.4520865242,0,1
5000,1.000000,0.999800,627,1.6347160448,5000,1
5000,1.000000,0.999800,628,0.3921521211,5000,1
5000,1.000000,0.999800,629,0.5741472398,0,1
5000,1.000000,0.999800,630,0.3069429845,5000,1
5000,1.000000,0.999800,631,0.2555947439,5000,1
5000,1.000000,0.999800,632,0.6641693310,0,1
5000,1.000000,0.999800,633,0.5940300017,0,1
5000,1.000000,0.999800,634,0.6004061800,5000,1
5000,1.000000,0.999800,635,0.7234133440,5000,1
5000,1.000000,0.999800,636,1.4329156040,0,1
5000,1.000000,0.999800,637,0.7513099065,5000,1
5000,1.000000,0.999800,638,0.2013535380,5000,1
5000,1.000000,0.999800,639,0.5201240570,0,1
5000,1.000000,0.999800,640,0.3596406246,5000,1
5000,1.000000,0.999800,641,1.2177627812,0,1
5000,1.000000,0.999800,642,0.8997548343,5000,1
5000,1.000000,0.999800,643,0.3698755758,0,1
5000,1.000000,0.999800,644,0.6878199879,0,1
5000,1.000000,0.999800,645,0.6399806172,0,1
5000,1.000000,0.999800,646,0.2554353278,5000,1
5000,1.000000,0.999800,647,0.2817063243,0,1
5000,1.000000,0.999800,648,0.9351323554,5000,1
5000,1.000000,0.999800,649,0.2418328739,0,1
5000,1.000000,0.999800,650,1.5211490374,0,1
5000,1.000000,0.999800,651,2.4388469221,0,1
5000,1.000000,0.999800,652,0.2718609070,0,1
5000,1.000000,0.999800,653,1.3018233751,5000,1
5000,1.000000,0.999800,654,2.6176438185,0,1
5000,1.000000,0.999800,655,0.1639351518,0,1
5000,1.000000,0.999800,656,0.1482164623,0,1
5000,1.000000,0.999800,657,1.0991164567,0,1
5000,1.000000,0.999800,658,0.3402633399,0,1
5000,1.000000,0.999800,659,1.3851570095,0,1
5000,1.000000,0.999800,660,0.4566768008,0,1
5000,1.000000,0.999800,661,1.8294022118,5000,1
5000,1.000000,0.999800,662,0.4205138362,0,1
5000,1.000000,0.999800,663,0.3819888843,5000,1
5000,1.000000,0.999800,664,1.2801897505,0,1
5000,1.000000,0.999800,665,0.9739696105,0,1
5000,1.000000,0.999800,666,0.4321399677,5000,1
5000,1.000000,0.999800,667,0.2096887362,0,1
5000,1.000000,0.999800,668,0.8265187275,5000,1
5000,1.000000,0.999800,669,0.1929731655,5000,1
5000,1.000000,0.999800,670,0.6966616235,0,1
5000,1.000000,0.999800,671,0.4935658113,0,1
5000,1.000000,0.999800,672,0.6612216919,0,1
5000,1.000000,0.999800,673,0.3010907298,0,1
5000,1.000000,0.999800,674,0.1668688153,5000,1
5000,1.000000,0.999800,675,0.4426457301,0,1
5000,1.000000,0.999800,676,0.4478243593,0,1
5000,1.000000,0.999800,677,0.6264257323,0,1
5000,1.000000,0.999800,678,1.0439304586,5000,1
5000,1.000000,0.999800,679,0.5927552880,0,1
5000,1.000000,0.999800,680,0.7263740312,0,1
5000,1.000000,0.999800,681,0.6601111957,5000,1
5000,1.000000,0.999800,682,0.2370120177,0,1
5000,1.000000,0.999800,683,0.7947250345,0,1
5000,1.000000,0.999800,684,1.4697854137,0,1
5000,1.000000,0.999800,685,0.1954907373,0,1
5000,1.000000,0.999800,686,1.3741650273,5000,1
5000,1.000000,0.999800,687,0.2746290729,0,1
5000,1.000000,0.999800,688,0.2774423647,0,1
5000,1.000000,0.999800,689,0.4503186829,0,1
5000,1.000000,0.999800,690,0.2360191440,5000,1
5000,1.000000,0.999800,691,0.5219854476,5000,1
5000,1.000000,0.999800,692,3.3159217748,5000,1
5000,1.000000,0.999800,693,0.4405402442,5000,1
5000,1.000000,0.999800,694,0.2681449678,5000,1
5000,1.000000,0.999800,695,1.0133333729,5000,1
5000,1.000000,0.999800,696,0.4195661160,5000,1
5000,1.000000,0.999800,697,0.3777217415,0,1
5000,1.000000,0.999800,698,0.4304819336,0,1
5000,1.000000,0.999800,699,0.2610408192,0,1
5000,1.000000,0.999800,700,0.7634701655,0,1
5000,1.000000,0.999800,701,0.4024615450,5000,1
5000,1.000000,0.999800,702,0.1368311581,0,1
5000,1.000000,0.999800,703,0.3263350215,5000,1
5000,1.000000,0.999800,704,0.5743993049,0,1
5000,1.000000,0.999800,705,1.1127722374,0,1
5000,1.000000,0.999800,706,0.8065357501,0,1
5000,1.000000,0.999800,707,1.3085941013,5000,1
5000,1.000000,0.999800,708,0.9551215042,0,1
5000,1.000000,0.999800,709,0.5792846300,0,1
5000,1.000000,0.999800,710,0.5300055525,5000,1
5000,1.000000,0.999800,711,0.3975312427,5000,1
5000,1.000000,0.999800,712,0.4231996368,0,1
5000,1.000000,0.999800,713,1.1507563166,0,1
5000,1.000000,0.999800,714,0.2281916293,0,1
5000,1.000000,0.999800,715,0.2035473361,0,1
5000,1.000000,0.999800,716,0.7192556788,0,1
5000,1.000000,0.999800,717,0.2810106654,0,1
5000,1.000000,0.999800,718,0.7805295056,5000,1
5000,1.000000,0.999800,719,0.2747348985,0,1
5000,1.000000,0.999800,720,1.0101516080,0,1
5000,1.000000,0.999800,721,0.7448155282,0,1
5000,1.000000,0.999800,722,0.1908209792,0,1
5000,1.000000,0.999800,723,1.4158881288,5000,1
5000,1.000000,0.999800,724,0.1752828691,0,1
5000,1.000000,0.999800,725,0.1849128530,0,1
5000,1.000000,0.999800,726,0.1262194472,0,1
5000,1.000000,0.999800,727,0.7816942637,0,1
5000,1.000000,0.999800,728,0.7204886033,0,1
5000,1.000000,0.999800,729,0.7242795271,5000,1
5000,1.000000,0.999800,730,0.3759666907,0,1
5000,1.000000,0.999800,731,0.5490785285,0,1
5000,1.000000,0.999800,732,0.5185968732,5000,1
5000,1.000000,0.999800,733,1.8374655558,0,1
5000,1.000000,0.999800,734,1.2681246438,0,1
5000,1.000000,0.999800,735,0.4278322161,5000,1
5000,1.000000,0.999800,736,0.8741684484,0,1
5000,1.000000,0.999800,737,1.1226735455,0,1
5000,1.000000,0.999800,738,0.6454285943,5000,1
5000,1.000000,0.999800,739,0.5203944323,5000,1
5000,1.000000,0.999800,740,0.2836789661,0,1
5000,1.000000,0.999800,741,0.5050653469,0,1
5000,1.000000,0.999800,742,0.8008794715,0,1
5000,1.000000,0.999800,743,1.0627766738,0,1
5000,1.000000,0.999800,744,0.8967783288,0,1
5000,1.000000,0.999800,745,0.5973297670,5000,1
5000,1.000000,0.999800,746,0.2236895881,5000,1
5000,1.000000,0.999800,747,0.3193536682,5000,1
5000,1.000000,0.999800,748,2.3434776084,5000,1
5000,1.000000,0.999800,749,0.6223182240,0,1
5000,1.000000,0.999800,750,1.3736915920,0,1
5000,1.000000,0.999800,751,0.4186545201,0,1
5000,1.000000,0.999800,752,0.3548732911,5000,1
5000,1.000000,0.999800,753,0.3657875070,0,1
5000,1.000000,0.999800,754,0.2801137185,0,1
5000,1.000000,0.999800,755,1.2438745623,0,1
5000,1.000000,0.999800,756,0.1850869765,5000,1
5000,1.000000,0.999800,757,1.3768156750,0,1
5000,1.000000,0.999800,758,1.1779749448,0,1
5000,1.000000,0.999800,759,0.2196451273,0,1
5000,1.000000,0.999800,760,0.2699728483,0,1
5000,1.000000,0.999800,761,0.4911483665,5000,1
5000,1.000000,0.999800,762,0.6133430894,5000,1
5000,1.000000,0.999800,763,0.6938609779,5000,1
5000,1.000000,0.999800,764,0.1333477213,0,1
5000,1.000000,0.999800,765,0.7334633382,5000,1
5000,1.000000,0.999800,766,1.8433001561,0,1
5000,1.000000,0.999800,767,1.0084099288,0,1
5000,1.000000,0.999800,768,0.3086715263,5000,1
5000,1.000000,0.999800,769,0.5813676912,0,1
5000,1.000000,0.999800,770,1.2314948606,5000,1
5000,1.000000,0.999800,771,0.4587209636,0,1
5000,1.000000,0.999800,772,1.1139072688,5000,1
5000,1.000000,0.999800,773,0.4988365026,0,1
5000,1.000000,0.999800,774,0.6944943492,0,1
5000,1.000000,0.999800,775,0.6246259549,5000,1
5000,1.000000,0.999800,776,0.7694552415,5000,1
5000,1.000000,0.999800,777,0.2492119805,0,1
5000,1.000000,0.999800,778,0.3471598753,0,1
5000,1.000000,0.999800,779,1.0473634583,0,1
5000,1.000000,0.999800,780,0.6737620993,0,1
5000,1.000000,0.999800,781,0.8342201014,0,1
5000,1.000000,0.999800,782,0.2496859018,5000,1
5000,1.000000,0.999800,783,0.5495637563,0,1
5000,1.000000,0.999800,784,0.5479349832,0,1
5000,1.000000,0.999800,785,0.1924477172,0,1
5000,1.000000,0.999800,786,0.3868600962,0,1
5000,1.000000,0.999800,787,0.1179342542,0,1
5000,1.000000,0.999800,788,0.4339816166,0,1
5000,1.000000,0.999800,789,0.3333406555,5000,1
5000,1.000000,0.999800,790,0.1159848955,0,1
5000,1.000000,0.999800,791,0.3266565886,0,1
5000,1.000000,0.999800,792,0.4758484728,0,1
5000,1.000000,0.999800,793,0.7299390751,5000,1
5000,1.000000,0.999800,794,1.2021589178,5000,1
5000,1.000000,0.999800,795,0.3924024007,0,1
5000,1.000000,0.999800,796,0.4189707801,0,1
5000,1.000000,0.999800,797,0.6747563421,5000,1
5000,1.000000,0.999800,798,1.0250586286,0,1
5000,1.000000,0.999800,799,0.5081963128,5000,1
5000,1.000000,0.999800,800,0.8823237076,0,1
5000,1.000000,0.999800,801,0.4427797530,0,1
5000,1.000000,0.999800,802,0.3624263986,0,1
5000,1.000000,0.999800,803,0.5220516729,5000,1
5000,1.000000,0.999800,804,0.8678675447,5000,1
5000,1.000000,0.999800,805,0.3556644391,0,1
5000,1.000000,0.999800,806,0.3404554713,0,1
5000,1.000000,0.999800,807,0.6254486445,0,1
5000,1.000000,0.999800,808,0.2504915395,5000,1
5000,1.000000,0.999800,809,1.7114770490,5000,1
5000,1.000000,0.999800,810,0.7812949856,5000,1
5000,1.000000,0.999800,811,0.9222527367,0,1
5000,1.000000,0.999800,812,1.0729836171,5000,1
5000,1.000000,0.999800,813,0.3258972492,0,1
5000,1.000000,0.999800,814,0.2090514796,5000,1
5000,1.000000,0.999800,815,0.3919441590,5000,1
5000,1.000000,0.999800,816,0.5067602347,0,1
5000,1.000000,0.999800,817,0.8623966879,0,1
5000,1.000000,0.999800,818,0.3727778704,5000,1
5000,1.000000,0.999800,819,0.1452909640,5000,1
5000,1.000000,0.999800,820,1.0553214342,5000,1
5000,1.000000,0.999800,821,0.6693086622,0,1
5000,1.000000,0.999800,822,1.0007539422,5000,1
5000,1.000000,0.999800,823,0.2225552950,0,1
5000,1.000000,0.999800,824,0.5284597499,0,1
5000,1.000000,0.999800,825,0.4632278767,0,1
5000,1.000000,0.999800,826,1.9653913463,0,1
5000,1.000000,0.999800,827,0.6077542516,5000,1
5000,1.000000,0.999800,828,0.4456420226,0,1
5000,1.000000,0.999800,829,1.3225065267,0,1
5000,1.000000,0.999800,830,1.0868774753,0,1
5000,1.000000,0.999800,831,0.3189110047,0,1
5000,1.000000,0.999800,832,0.2854731284,5000,1
5000,1.000000,0.999800,833,1.3542228108,5000,1
5000,1.000000,0.999800,834,0.4312901528,0,1
5000,1.000000,0.999800,835,1.0919754892,5000,1
5000,1.000000,0.999800,836,0.6142421991,0,1
5000,1.000000,0.999800,837,0.1760566972,5000,1
5000,1.000000,0.999800,838,0.5223390547,0,1
5000,1.000000,0.999800,839,0.2112135131,0,1
5000,1.000000,0.999800,840,0.2090077619,0,1
5000,1.000000,0.999800,841,0.2771115407,0,1
5000,1.000000,0.999800,842,0.6942146624,0,1
5000,1.000000,0.999800,843,1.1952260144,0,1
5000,1.000000,0.999800,844,0.5128489493,0,1
5000,1.000000,0.999800,845,1.0188718132,0,1
5000,1.000000,0.999800,846,0.5681915057,5000,1
5000,1.000000,0.999800,847,1.0418742997,0,1
5000,1.000000,0.999800,848,0.3189188219,5000,1
5000,1.000000,0.999800,849,0.4213698784,5000,1
5000,1.000000,0.999800,850,1.3401251237,0,1
5000,1.000000,0.999800,851,1.0023033660,0,1
5000,1.000000,0.999800,852,2.1229704274,5000,1
5000,1.000000,0.999800,853,0.1590304381,5000,1
5000,1.000000,0.999800,854,0.5045387272,0,1
5000,1.000000,0.999800,855,0.4424973187,0,1
5000,1.000000,0.999800,856,0.3124728619,0,1
5000,1.000000,0.999800,857,0.4158330271,0,1
5000,1.000000,0.999800,858,0.8980821876,0,1
5000,1.000000,0.999800,859,0.7599125493,0,1
5000,1.000000,0.999800,860,0.5530767022,0,1
5000,1.000000,0.999800,861,0.6392695668,5000,1
5000,1.000000,0.999800,862,1.5187101970,0,1
5000,1.000000,0.999800,863,1.2139009153,0,1
5000,1.000000,0.999800,864,0.3764568926,5000,1
5000,1.000000,0.999800,865,0.1728704312,0,1
5000,1.000000,0.999800,866,0.2974782118,0,1
5000,1.000000,0.999800,867,0.4559003694,5000,1
5000,1.000000,0.999800,868,0.6638794119,0,1
5000,1.000000,0.999800,869,0.4068528314,0,1
5000,1.000000,0.999800,870,0.3648182714,0,1
5000,1.000000,0.999800,871,0.3059746949,5000,1
5000,1.000000,0.999800,872,1.0428165121,0,1
5000,1.000000,0.999800,873,0.2654750090,0,1
5000,1.000000,0.999800,874,0.7417628241,5000,1
5000,1.000000,0.999800,875,1.7612543310,5000,1
5000,1.000000,0.999800,876,0.2112093243,0,1
5000,1.000000,0.999800,877,0.4412133766,5000,1
5000,1.000000,0.999800,878,0.4184386285,0,1
5000,1.000000,0.999800,879,0.7691717525,5000,1
5000,1.000000,0.999800,880,0.3813834880,5000,1
5000,1.000000,0.999800,881,0.4539500713,5000,1
5000,1.000000,0.999800,882,0.2680873749,5000,1
5000,1.000000,0.999800,883,0.7242405896,0,1
5000,1.000000,0.999800,884,0.1726427735,5000,1
5000,1.000000,0.999800,885,0.3421551025,5000,1
5000,1.000000,0.999800,886,1.0124038460,0,1
5000,1.000000,0.999800,887,0.4335829140,0,1
5000,1.000000,0.999800,888,0.8564508428,0,1
5000,1.000000,0.999800,889,1.5278825377,0,1
5000,1.000000,0.999800,890,1.2392252050,0,1
5000,1.000000,0.999800,891,1.2646693794,5000,1
5000,1.000000,0.999800,892,0.6395901352,0,1
5000,1.000000,0.999800,893,0.5360593506,0,1
5000,1.000000,0.999800,894,0.6171552776,5000,1
5000,1.000000,0.999800,895,0.8575368250,0,1
5000,1.000000,0.999800,896,0.8610677267,0,1
5000,1.000000,0.999800,897,0.4385683368,0,1
5000,1.000000,0.999800,898,0.3421342440,0,1
5000,1.000000,0.999800,899,0.7327756165,0,1
5000,1.000000,0.999800,900,0.6352783396,0,1
5000,1.000000,0.999800,901,0.3410678586,5000,1
5000,1.000000,0.999800,902,1.0998971209,0,1
5000,1.000000,0.999800,903,0.6185247964,0,1
5000,1.000000,0.999800,904,0.3149178823,0,1
5000,1.000000,0.999800,905,0.4233261755,0,1
5000,1.000000,0.999800,906,0.2073632206,5000,1
5000,1.000000,0.999800,907,1.4553121106,0,1
5000,1.000000,0.999800,908,0.1625556646,0,1
5000,1.000000,0.999800,909,0.1023255220,0,1
5000,1.000000,0.999800,910,0.9203900869,0,1
5000,1.000000,0.999800,911,1.6662343598,0,1
5000,1.000000,0.999800,912,1.1961798425,5000,1
5000,1.000000,0.999800,913,0.7061788029,0,1
5000,1.000000,0.999800,914,1.7375458230,0,1
5000,1.000000,0.999800,915,2.8117228013,0,1
5000,1.000000,0.999800,916,0.6488201498,5000,1
5000,1.000000,0.999800,917,0.7892765994,0,1
5000,1.000000,0.999800,918,0.9809513798,0,1
5000,1.000000,0.999800,919,1.1191713239,0,1
5000,1.000000,0.999800,920,0.9186771221,0,1
5000,1.000000,0.999800,921,1.1839163060,5000,1
5000,1.000000,0.999800,922,0.1659148792,5000,1
5000,1.000000,0.999800,923,1.1110513322,5000,1
5000,1.000000,0.999800,924,0.4312961919,0,1
5000,1.000000,0.999800,925,0.9119895205,5000,1
5000,1.000000,0.999800,926,1.6119636707,0,1
5000,1.000000,0.999800,927,0.6245724974,0,1
5000,1.000000,0.999800,928,0.7090079961,0,1
5000,1.000000,0.999800,929,0.6074674030,0,1
5000,1.000000,0.999800,930,0.9529007332,5000,1
5000,1.000000,0.999800,931,0.3462735216,0,1
5000,1.000000,0.999800,932,2.3419149034,0,1
5000,1.000000,0.999800,933,0.3355850767,0,1
5000,1.000000,0.999800,934,0.2928419929,0,1
5000,1.000000,0.999800,935,0.9478137188,5000,1
5000,1.000000,0.999800,936,0.8181459469,5000,1
5000,1.000000,0.999800,937,1.3074218059,5000,1
5000,1.000000,0.999800,938,1.5275540314,0,1
5000,1.000000,0.999800,939,0.2512573428,0,1
5000,1.000000,0.999800,940,1.4023908034,5000,1
5000,1.000000,0.999800,941,0.5186663354,0,1
5000,1.000000,0.999800,942,1.0785292266,0,1
5000,1.000000,0.999800,943,0.2040938479,5000,1
5000,1.000000,0.999800,944,1.1599006125,0,1
5000,1.000000,0.999800,945,0.7204242673,5000,1
5000,1.000000,0.999800,946,0.4663087283,5000,1
5000,1.000000,0.999800,947,0.2541826462,0,1
5000,1.000000,0.999800,948,0.6259753829,0,1
5000,1.000000,0.999800,949,0.6553952023,5000,1
5000,1.000000,0.999800,950,0.8271317653,0,1
5000,1.000000,0.999800,951,0.3292745547,0,1
5000,1.000000,0.999800,952,0.9343082711,0,1
5000,1.000000,0.999800,953,0.9190957628,0,1
5000,1.000000,0.999800,954,1.2638450854,0,1
5000,1.000000,0.999800,955,0.3390216611,0,1
5000,1.000000,0.999800,956,0.4966331929,0,1
5000,1.000000,0.999800,957,0.1883085459,0,1
5000,1.000000,0.999800,958,0.1382369464,0,1
5000,1.000000,0.999800,959,0.9966767876,0,1
5000,1.000000,0.999800,960,0.2065832521,0,1
5000,1.000000,0.999800,961,1.2930083866,5000,1
5000,1.000000,0.999800,962,1.1670575548,0,1
5000,1.000000,0.999800,963,0.1280882251,5000,1
5000,1.000000,0.999800,964,0.3705430461,0,1
5000,1.000000,0.999800,965,2.1266187467,5000,1
5000,1.000000,0.999800,966,0.2235689712,0,1
5000,1.000000,0.999800,967,1.0675138463,0,1
5000,1.000000,0.999800,968,0.1330930323,0,1
5000,1.000000,0.999800,969,0.6766508396,5000,1
5000,1.000000,0.999800,970,0.9025295620,0,1
5000,1.000000,0.999800,971,0.4118145200,0,1
5000,1.000000,0.999800,972,1.7107448772,5000,1
5000,1.000000,0.999800,973,0.3659810772,5000,1
5000,1.000000,0.999800,974,0.9618018381,5000,1
5000,1.000000,0.999800,975,0.6089035137,0,1
5000,1.000000,0.999800,976,0.6483723298,0,1
5000,1.000000,0.999800,977,0.6004818786,5000,1
5000,1.000000,0.999800,978,0.8400544031,5000,1
5000,1.000000,0.999800,979,1.4576563873,0,1
5000,1.000000,0.999800,980,0.5771482039,5000,1
5000,1.000000,0.999800,981,0.1820674768,5000,1
5000,1.000000,0.999800,982,0.7459642025,0,1
5000,1.000000,0.999800,983,0.1161798758,5000,1
5000,1.000000,0.999800,984,1.1291873713,0,1
5000,1.000000,0.999800,985,0.3945674192,5000,1
5000,1.000000,0.999800,986,0.9946433057,0,1
5000,1.000000,0.999800,987,0.5633228784,0,1
5000,1.000000,0.999800,988,1.7988307333,0,1
5000,1.000000,0.999800,989,0.8806574903,5000,1
5000,1.000000,0.999800,990,0.3445381543,0,1
5000,1.000000,0.999800,991,0.5624152449,0,1
5000,1.000000,0.999800,992,2.1295703993,0,1
5000,1.000000,0.999800,993,0.2882452373,0,1
5000,1.000000,0.999800,994,0.6283114947,5000,1
5000,1.000000,0.999800,995,0.2603235817,0,1
5000,1.000000,0.999800,996,0.4531556285,5000,1
5000,1.000000,0.999800,997,2.6801863783,0,1
5000,1.000000,0.999800,998,0.1834861945,0,1
5000,1.000000,0.999800,999,0.1602513858,0,1
10000,1.000000,0.999900,0,0.6493048554,0,1
10000,1.000000,0.999900,1,1.8438721601,10000,1
10000,1.000000,0.999900,2,0.2771507195,0,1
10000,1.000000,0.999900,3,0.2270195442,0,1
10000,1.000000,0.999900,4,0.4278801801,0,1
10000,1.000000,0.999900,5,1.2981855460,0,1
10000,1.000000,0.999900,6,1.4882006411,10000,1
10000,1.000000,0.999900,7,0.1369576170,10000,1
10000,1.000000,0.999900,8,0.2763448642,10000,1
10000,1.000000,0.999900,9,0.3274690804,0,1
10000,1.000000,0.999900,10,1.0297482257,0,1
10000,1.000000,0.999900,11,1.3453062870,0,1
10000,1.000000,0.999900,12,0.2844959815,0,1
10000,1.000000,0.999900,13,0.6025947497,0,1
10000,1.000000,0.999900,14,0.4292105904,0,1
10000,1.000000,0.999900,15,0.9026202373,0,1
10000,1.000000,0.999900,16,2.2294592684,0,1
10000,1.000000,0.999900,17,0.4956707816,10000,1
10000,1.000000,0.999900,18,0.6401093171,10000,1
10000,1.000000,0.999900,19,0.5438195960,0,1
10000,1.000000,0.999900,20,0.4113285729,0,1
10000,1.000000,0.999900,21,0.8756677768,0,1
10000,1.000000,0.999900,22,0.2983938772,10000,1
10000,1.000000,0.999900,23,0.5603726754,10000,1
10000,1.000000,0.999900,24,0.2894110656,0,1
10000,1.000000,0.999900,25,1.0814674944,10000,1
10000,1.000000,0.999900,26,0.3499683454,0,1
10000,1.000000,0.999900,27,0.2321006404,10000,1
10000,1.000000,0.999900,28,0.4083085470,0,1
10000,1.000000,0.999900,29,0.5173543228,0,1
10000,1.000000,0.999900,30,0.3446294789,0,1
10000,1.000000,0.999900,31,0.1642425200,0,1
10000,1.000000,0.999900,32,0.2671535355,0,1
10000,1.000000,0.999900,33,0.6941818501,10000,1
10000,1.000000,0.999900,34,0.2678527282,0,1
10000,1.000000,0.999900,35,0.6194893789,10000,1
10000,1.000000,0.999900,36,0.3476149999,0,1
10000,1.000000,0.999900,37,1.2003039245,10000,1
10000,1.000000,0.999900,38,0.6544297431,10000,1
10000,1.000000,0.999900,39,0.4011479610,0,1
10000,1.000000,0.999900,40,0.1678855082,10000,1
10000,1.000000,0.999900,41,1.7498878136,0,1
10000,1.000000,0.999900,42,1.6597433396,0,1
10000,1.000000,0.999900,43,0.6558799455,0,1
10000,1.000000,0.999900,44,0.6355207544,0,1
10000,1.000000,0.999900,45,0.3647280969,10000,1
10000,1.000000,0.999900,46,1.2082451012,10000,1
10000,1.000000,0.999900,47,0.2402220262,0,1
10000,1.000000,0.999900,48,0.2456624161,0,1
10000,1.000000,0.999900,49,0.4990071167,0,1
10000,1.000000,0.999900,50,1.3002068562,0,1
10000,1.000000,0.999900,51,0.6271198447,0,1
10000,1.000000,0.999900,52,0.2441135476,10000,1
10000,1.000000,0.999900,53,0.7240511021,10000,1
10000,1.000000,0.999900,54,0.1910587947,10000,1
10000,1.000000,0.999900,55,0.2578423160,10000,1
10000,1.000000,0.999900,56,0.3551616160,0,1
10000,1.000000,0.999900,57,0.9995859340,0,1
10000,1.000000,0.999900,58,1.4288939946,0,1
10000,1.000000,0.999900,59,0.2540476417,0,1
10000,1.000000,0.999900,60,0.6526560548,0,1
10000,1.000000,0.999900,61,0.4549813470,0,1
10000,1.000000,0.999900,62,0.4854986520,0,1
10000,1.000000,0.999900,63,2.3729962057,0,1
10000,1.000000,0.999900,64,0.7149121419,10000,1
10000,1.000000,0.999900,65,0.5855453925,10000,1
10000,1.000000,0.999900,66,0.5065974438,0,1
10000,1.000000,0.999900,67,0.4697622345,0,1
10000,1.000000,0.999900,68,0.8145245451,0,1
10000,1.000000,0.999900,69,0.4806031854,10000,1
10000,1.000000,0.999900,70,0.5789519488,10000,1
10000,1.000000,0.999900,71,0.2274562454,0,1
10000,1.000000,0.999900,72,1.0696463801,10000,1
10000,1.000000,0.999900,73,0.3815478517,0,1
10000,1.000000,0.999900,74,0.3506441702,10000,1
10000,1.000000,0.999900,75,0.1764442113,0,1
10000,1.000000,0.999900,76,0.6248477742,0,1
10000,1.000000,0.999900,77,0.3405785569,0,1
10000,1.000000,0.999900,78,0.1333970497,0,1
10000,1.000000,0.999900,79,0.2779438765,0,1
10000,1.000000,0.999900,80,2.9187243933,10000,1
10000,1.000000,0.999900,81,1.1621644663,10000,1
10000,1.000000,0.999900,82,1.8317983594,0,1
10000,1.000000,0.999900,83,0.6131687552,0,1
10000,1.000000,0.999900,84,0.4611999587,10000,1
10000,1.000000,0.999900,85,0.6555328472,0,1
10000,1.000000,0.999900,86,0.3297131963,0,1
10000,1.000000,0.999900,87,0.4182442132,0,1
10000,1.000000,0.999900,88,0.5300335564,10000,1
10000,1.000000,0.999900,89,1.6542889754,0,1
10000,1.000000,0.999900,90,0.4902787518,0,1
10000,1.000000,0.999900,91,1.4012467010,0,1
10000,1.000000,0.999900,92,0.5148683602,0,1
10000,1.000000,0.999900,93,0.3045573581,10000,1
10000,1.000000,0.999900,94,0.7067395268,10000,1
10000,1.000000,0.999900,95,0.1506641938,10000,1
10000,1.000000,0.999900,96,0.3485580649,10000,1
10000,1.000000,0.999900,97,0.2133781764,0,1
10000,1.000000,0.999900,98,0.8144599182,0,1
10000,1.000000,0.999900,99,1.3885055581,0,1
10000,1.000000,0.999900,100,0.2489039374,0,1
10000,1.000000,0.999900,101,0.6916718780,0,1
10000,1.000000,0.999900,102,0.4910133373,0,1
10000,1.000000,0.999900,103,0.2958097315,0,1
10000,1.000000,0.999900,104,2.2140513690,0,1
10000,1.000000,0.999900,105,0.7631719463,10000,1
10000,1.000000,0.999900,106,1.2989778249,0,1
10000,1.000000,0.999900,107,0.8533345218,0,1
10000,1.000000,0.999900,108,0.4388117592,10000,1
10000,1.000000,0.999900,109,2.8741759984,0,1
10000,1.000000,0.999900,110,0.4546373136,0,1
10000,1.000000,0.999900,111,0.1398578538,0,1
10000,1.000000,0.999900,112,0.3323586300,0,1
10000,1.000000,0.999900,113,1.9772268391,0,1
10000,1.000000,0.999900,114,0.4865321354,10000,1
10000,1.000000,0.999900,115,0.3329966587,10000,1
10000,1.000000,0.999900,116,1.1566151054,10000,1
10000,1.000000,0.999900,117,1.6372887090,0,1
10000,1.000000,0.999900,118,0.8760379159,0,1
10000,1.000000,0.999900,119,0.3531549169,10000,1
10000,1.000000,0.999900,120,0.6753478862,0,1
10000,1.000000,0.999900,121,0.3382801864,0,1
10000,1.000000,0.999900,122,0.4323860307,0,1
10000,1.000000,0.999900,123,0.7112060737,10000,1
10000,1.000000,0.999900,124,1.7526560819,0,1
10000,1.000000,0.999900,125,0.3661315820,0,1
10000,1.000000,0.999900,126,1.0430515988,0,1
10000,1.000000,0.999900,127,0.8163837582,0,1
10000,1.000000,0.999900,128,0.5824884175,10000,1
10000,1.000000,0.999900,129,0.7462376435,10000,1
10000,1.000000,0.999900,130,0.1397739030,10000,1
10000,1.000000,0.999900,131,0.9688242679,0,1
10000,1.000000,0.999900,132,1.7826441031,0,1
10000,1.000000,0.999900,133,0.2884690221,0,1
10000,1.000000,0.999900,134,0.7392920354,0,1
10000,1.000000,0.999900,135,0.6020292265,0,1
10000,1.000000,0.999900,136,0.3799561310,0,1
10000,1.000000,0.999900,137,2.1608891922,0,1
10000,1.000000,0.999900,138,1.2827022287,10000,1
10000,1.000000,0.999900,139,1.0581587649,0,1
10000,1.000000,0.999900,140,0.9076138065,0,1
10000,1.000000,0.999900,141,0.4568025847,10000,1
10000,1.000000,0.999900,142,2.5949349503,0,1
10000,1.000000,0.999900,143,0.5277165335,0,1
10000,1.000000,0.999900,144,0.1540404698,0,1
10000,1.000000,0.999900,145,0.3726919206,0,1
10000,1.000000,0.999900,146,2.0144960079,0,1
10000,1.000000,0.999900,147,0.4516835141,10000,1
10000,1.000000,0.999900,148,0.2911616775,10000,1
10000,1.000000,0.999900,149,1.2889755274,10000,1
10000,1.000000,0.999900,150,1.0673778539,0,1
10000,1.000000,0.999900,151,1.1530841259,0,1
10000,1.000000,0.999900,152,0.4623194829,10000,1
10000,1.000000,0.999900,153,0.6144761554,0,1
10000,1.000000,0.999900,154,0.3593489036,0,1
10000,1.000000,0.999900,155,0.4875134045,0,1
10000,1.000000,0.999900,156,0.7420098029,10000,1
10000,1.000000,0.999900,157,0.6419416722,0,1
10000,1.000000,0.999900,158,0.4348651083,10000,1
10000,1.000000,0.999900,159,0.3151108705,0,1
10000,1.000000,0.999900,160,0.4230531112,0,1
10000,1.000000,0.999900,161,1.1088454471,0,1
10000,1.000000,0.999900,162,0.5317514864,0,1
10000,1.000000,0.999900,163,0.3723086473,10000,1
10000,1.000000,0.999900,164,0.1566888679,0,1
10000,1.000000,0.999900,165,0.6810457925,10000,1
10000,1.000000,0.999900,166,0.7274630157,10000,1
10000,1.000000,0.999900,167,0.3771166453,10000,1
10000,1.000000,0.999900,168,0.6428427428,0,1
10000,1.000000,0.999900,169,1.8713730637,0,1
10000,1.000000,0.999900,170,0.3366066869,0,1
10000,1.000000,0.999900,171,0.6718414954,0,1
10000,1.000000,0.999900,172,0.6408458974,0,1
10000,1.000000,0.999900,173,0.3160084120,0,1
10000,1.000000,0.999900,174,2.3425194204,0,1
10000,1.000000,0.999900,175,0.5630130260,0,1
10000,1.000000,0.999900,176,0.1986924938,10000,1
10000,1.000000,0.999900,177,0.4105647701,10000,1
10000,1.000000,0.999900,178,1.0864325163,0,1
10000,1.000000,0.999900,179,0.8959343995,0,1
10000,1.000000,0.999900,180,0.5469818815,10000,1
10000,1.000000,0.999900,181,2.6605272629,0,1
10000,1.000000,0.999900,182,0.5758023393,0,1
10000,1.000000,0.999900,183,0.1904236043,0,1
10000,1.000000,0.999900,184,0.3018855877,0,1
10000,1.000000,0.999900,185,1.5916616224,0,1
10000,1.000000,0.999900,186,0.3387218167,10000,1
10000,1.000000,0.999900,187,0.3295451726,0,1
10000,1.000000,0.999900,188,0.5342703513,10000,1
10000,1.000000,0.999900,189,0.4053364661,10000,1
10000,1.000000,0.999900,190,0.3460611792,0,1
10000,1.000000,0.999900,191,0.4717492732,10000,1
10000,1.000000,0.999900,192,0.5279228335,10000,1
10000,1.000000,0.999900,193,0.9727057899,0,1
10000,1.000000,0.999900,194,1.2207905934,0,1
10000,1.000000,0.999900,195,1.0174744089,10000,1
10000,1.000000,0.999900,196,0.3793347393,0,1
10000,1.000000,0.999900,197,0.3603110902,0,1
10000,1.000000,0.999900,198,0.4469089213,0,1
10000,1.000000,0.999900,199,0.9248823929,10000,1
10000,1.000000,0.999900,200,0.6508550014,0,1
10000,1.000000,0.999900,201,0.3817327043,10000,1
10000,1.000000,0.999900,202,0.3107483716,0,1
10000,1.000000,0.999900,203,0.4540292161,0,1
10000,1.000000,0.999900,204,1.2466806056,0,1
10000,1.000000,0.999900,205,0.4770937664,0,1
10000,1.000000,0.999900,206,0.3158384031,10000,1
10000,1.000000,0.999900,207,0.1510035160,0,1
10000,1.000000,0.999900,208,0.9189039666,10000,1
10000,1.000000,0.999900,209,0.5107970819,10000,1
10000,1.000000,0.999900,210,0.4675371373,10000,1
10000,1.000000,0.999900,211,0.6795910855,0,1
10000,1.000000,0.999900,212,1.3324865964,0,1
10000,1.000000,0.999900,213,0.2963538925,10000,1
10000,1.000000,0.999900,214,0.4268510651,0,1
10000,1.000000,0.999900,215,0.4073425006,0,1
10000,1.000000,0.999900,216,0.5218285709,0,1
10000,1.000000,0.999900,217,0.3612381347,0,1
10000,1.000000,0.999900,218,0.8108637028,0,1
10000,1.000000,0.999900,219,2.0398489808,0,1
10000,1.000000,0.999900,220,0.2158738724,10000,1
10000,1.000000,0.999900,221,0.3208846598,0,1
10000,1.000000,0.999900,222,0.5696389524,0,1
10000,1.000000,0.999900,223,0.2627799775,10000,1
10000,1.000000,0.999900,224,0.3547330123,10000,1
10000,1.000000,0.999900,225,1.0768863067,0,1
10000,1.000000,0.999900,226,0.9084937825,0,1
10000,1.000000,0.999900,227,0.5481474359,10000,1
10000,1.000000,0.999900,228,2.5336860249,0,1
10000,1.000000,0.999900,229,0.7295144510,0,1
10000,1.000000,0.999900,230,0.1832684898,0,1
10000,1.000000,0.999900,231,0.2974750382,0,1
10000,1.000000,0.999900,232,0.1811404752,0,1
10000,1.000000,0.999900,233,0.2908078114,10000,1
10000,1.000000,0.999900,234,1.2395357562,0,1
10000,1.000000,0.999900,235,0.3702337284,10000,1
10000,1.000000,0.999900,236,0.2178400447,0,1
10000,1.000000,0.999900,237,0.4876387555,10000,1
10000,1.000000,0.999900,238,0.9979268389,10000,1
10000,1.000000,0.999900,239,0.7989165966,10000,1
10000,1.000000,0.999900,240,0.6764027562,0,1
10000,1.000000,0.999900,241,1.2840950341,0,1
10000,1.000000,0.999900,242,1.0751046180,10000,1
10000,1.000000,0.999900,243,0.2923653557,0,1
10000,1.000000,0.999900,244,0.5801849910,0,1
10000,1.000000,0.999900,245,0.5162544220,0,1
10000,1.000000,0.999900,246,1.7487977082,10000,1
10000,1.000000,0.999900,247,0.3345842487,0,1
10000,1.000000,0.999900,248,0.4563034258,0,1
10000,1.000000,0.999900,249,1.4263653642,0,1
10000,1.000000,0.999900,250,0.4489730454,0,1
10000,1.000000,0.999900,251,1.1778573067,10000,1
10000,1.000000,0.999900,252,0.5062896847,10000,1
10000,1.000000,0.999900,253,0.3899993424,10000,1
10000,1.000000,0.999900,254,0.6719728809,0,1
10000,1.000000,0.999900,255,0.7204171287,0,1
10000,1.000000,0.999900,256,0.3078820029,10000,1
10000,1.000000,0.999900,257,0.4090286772,0,1
10000,1.000000,0.999900,258,0.2750605566,10000,1
10000,1.000000,0.999900,259,0.4839703390,0,1
10000,1.000000,0.999900,260,0.2393625169,0,1
10000,1.000000,0.999900,261,0.7038191409,0,1
10000,1.000000,0.999900,262,0.2225920547,0,1
10000,1.000000,0.999900,263,0.8777939474,0,1
10000,1.000000,0.999900,264,0.4826344571,0,1
10000,1.000000,0.999900,265,0.3751860763,10000,1
10000,1.000000,0.999900,266,0.6404955333,0,1
10000,1.000000,0.999900,267,0.8608966913,10000,1
10000,1.000000,0.999900,268,0.2986038290,0,1
10000,1.000000,0.999900,269,0.6471503902,0,1
10000,1.000000,0.999900,270,0.3365441009,10000,1
10000,1.000000,0.999900,271,0.8204024890,10000,1
10000,1.000000,0.999900,272,0.5769293793,0,1
10000,1.000000,0.999900,273,1.1578942631,0,1
10000,1.000000,0.999900,274,0.1446884502,0,1
10000,1.000000,0.999900,275,0.2598775461,10000,1
10000,1.000000,0.999900,276,0.5587166823,10000,1
10000,1.000000,0.999900,277,2.5665295662,0,1
10000,1.000000,0.999900,278,0.6173020884,0,1
10000,1.000000,0.999900,279,0.2542800147,0,1
10000,1.000000,0.999900,280,0.2292981660,0,1
10000,1.000000,0.999900,281,0.2779456702,0,1
10000,1.000000,0.999900,282,0.2989326046,10000,1
10000,1.000000,0.999900,283,1.0735995251,0,1
10000,1.000000,0.999900,284,1.1042660257,10000,1
10000,1.000000,0.999900,285,0.8359215267,10000,1
10000,1.000000,0.999900,286,0.8182635302,10000,1
10000,1.000000,0.999900,287,0.6726639263,0,1
10000,1.000000,0.999900,288,1.3231559253,0,1
10000,1.000000,0.999900,289,1.0697479241,10000,1
10000,1.000000,0.999900,290,0.1802417512,0,1
10000,1.000000,0.999900,291,0.1360832854,0,1
10000,1.000000,0.999900,292,0.5799739659,0,1
10000,1.000000,0.999900,293,1.6818515279,10000,1
10000,1.000000,0.999900,294,0.3104071044,0,1
10000,1.000000,0.999900,295,0.2120482413,0,1
10000,1.000000,0.999900,296,1.1449244364,0,1
10000,1.000000,0.999900,297,0.7176821821,0,1
10000,1.000000,0.999900,298,1.7235799459,10000,1
10000,1.000000,0.999900,299,0.1949403887,10000,1
10000,1.000000,0.999900,300,0.3032083226,10000,1
10000,1.000000,0.999900,301,0.5528003901,0,1
10000,1.000000,0.999900,302,0.8255434844,0,1
10000,1.000000,0.999900,303,0.3228377800,10000,1
10000,1.000000,0.999900,304,0.3480071840,0,1
10000,1.000000,0.999900,305,0.9153396906,0,1
10000,1.000000,0.999900,306,0.4575082385,0,1
10000,1.000000,0.999900,307,0.6247293084,0,1
10000,1.000000,0.999900,308,0.4630200097,0,1
10000,1.000000,0.999900,309,0.6553418306,0,1
10000,1.000000,0.999900,310,0.3527937834,10000,1
10000,1.000000,0.999900,311,0.6830321238,0,1
10000,1.000000,0.999900,312,0.7667744694,10000,1
10000,1.000000,0.999900,313,0.2849142196,0,1
10000,1.000000,0.999900,314,0.5734256379,0,1
10000,1.000000,0.999900,315,0.3485012463,10000,1
10000,1.000000,0.999900,316,0.7724099928,10000,1
10000,1.000000,0.999900,317,0.5575765029,0,1
10000,1.000000,0.999900,318,1.1921330144,0,1
10000,1.000000,0.999900,319,0.1919605119,0,1
10000,1.000000,0.999900,320,0.3257899494,10000,1
10000,1.000000,0.999900,321,0.5218698424,10000,1
10000,1.000000,0.999900,322,0.6914492744,0,1
10000,1.000000,0.999900,323,1.0139451374,10000,1
10000,1.000000,0.999900,324,0.7676942125,0,1
10000,1.000000,0.999900,325,0.8096813953,0,1
10000,1.000000,0.999900,326,0.3760031560,0,1
10000,1.000000,0.999900,327,0.1086558015,0,1
10000,1.000000,0.999900,328,0.2411140073,0,1
10000,1.000000,0.999900,329,0.3201387420,10000,1
10000,1.000000,0.999900,330,1.1072350133,0,1
10000,1.000000,0.999900,331,0.9693175754,10000,1
10000,1.000000,0.999900,332,0.8103997752,10000,1
10000,1.000000,0.999900,333,1.1446417120,10000,1
10000,1.000000,0.999900,334,0.5316585191,0,1
10000,1.000000,0.999900,335,1.5247057959,0,1
10000,1.000000,0.999900,336,1.3420886435,0,1
10000,1.000000,0.999900,337,0.5915967993,0,1
10000,1.000000,0.999900,338,1.6693614117,10000,1
10000,1.000000,0.999900,339,0.3174559914,0,1
10000,1.000000,0.999900,340,0.2522297003,0,1
10000,1.000000,0.999900,341,0.5393093061,0,1
10000,1.000000,0.999900,342,0.2311057054,10000,1
10000,1.000000,0.999900,343,0.3807933777,0,1
10000,1.000000,0.999900,344,0.7142276048,0,1
10000,1.000000,0.999900,345,1.5618133244,10000,1
10000,1.000000,0.999900,346,0.1555061109,10000,1
10000,1.000000,0.999900,347,0.2864119158,10000,1
10000,1.000000,0.999900,348,0.3254707546,0,1
10000,1.000000,0.999900,349,0.9563698265,0,1
10000,1.000000,0.999900,350,0.4700532025,10000,1
10000,1.000000,0.999900,351,0.1478196991,0,1
10000,1.000000,0.999900,352,0.8709973057,0,1
10000,1.000000,0.999900,353,0.3208766774,0,1
10000,1.000000,0.999900,354,0.6322375527,0,1
10000,1.000000,0.999900,355,0.4432456282,0,1
10000,1.000000,0.999900,356,0.7268291487,0,1
10000,1.000000,0.999900,357,2.7480127087,0,1
10000,1.000000,0.999900,358,0.3855694092,10000,1
10000,1.000000,0.999900,359,0.7288133026,10000,1
10000,1.000000,0.999900,360,0.5128861785,0,1
10000,1.000000,0.999900,361,1.1721480183,0,1
10000,1.000000,0.999900,362,0.3202060567,0,1
10000,1.000000,0.999900,363,0.3338870197,10000,1
10000,1.000000,0.999900,364,0.6100876015,10000,1
10000,1.000000,0.999900,365,0.3256784666,0,1
10000,1.000000,0.999900,366,1.1287747320,10000,1
10000,1.000000,0.999900,367,0.3658196025,0,1
10000,1.000000,0.999900,368,0.1589186720,10000,1
10000,1.000000,0.999900,369,0.3099041029,0,1
10000,1.000000,0.999900,370,0.5559826317,0,1
10000,1.000000,0.999900,371,0.5048914180,0,1
10000,1.000000,0.999900,372,0.1082741327,0,1
10000,1.000000,0.999900,373,0.2553963362,0,1
10000,1.000000,0.999900,374,0.7073318751,10000,1
10000,1.000000,0.999900,375,1.0672157569,0,1
10000,1.000000,0.999900,376,1.2406830401,10000,1
10000,1.000000,0.999900,377,0.6488708206,10000,1
10000,1.000000,0.999900,378,0.3910378146,0,1
10000,1.000000,0.999900,379,0.1914781589,10000,1
10000,1.000000,0.999900,380,0.8161678658,10000,1
10000,1.000000,0.999900,381,0.2394101771,0,1
10000,1.000000,0.999900,382,1.2344079049,0,1
10000,1.000000,0.999900,383,1.3848874353,0,1
10000,1.000000,0.999900,384,0.6123655922,0,1
10000,1.000000,0.999900,385,1.8020954953,10000,1
10000,1.000000,0.999900,386,0.2565023263,0,1
10000,1.000000,0.999900,387,0.2111616571,0,1
10000,1.000000,0.999900,388,0.5665260208,0,1
10000,1.000000,0.999900,389,1.2570750307,0,1
10000,1.000000,0.999900,390,1.4837503488,10000,1
10000,1.000000,0.999900,391,0.1537666518,10000,1
10000,1.000000,0.999900,392,0.2870218421,10000,1
10000,1.000000,0.999900,393,0.3272751121,0,1
10000,1.000000,0.999900,394,0.9696057563,0,1
10000,1.000000,0.999900,395,1.4055267459,0,1
10000,1.000000,0.999900,396,0.2680734971,0,1
10000,1.000000,0.999900,397,0.6143161057,0,1
10000,1.000000,0.999900,398,0.4580063354,0,1
10000,1.000000,0.999900,399,0.8563717041,0,1
10000,1.000000,0.999900,400,2.2484963060,0,1
10000,1.000000,0.999900,401,0.4943780013,10000,1
10000,1.000000,0.999900,402,0.6599106945,10000,1
10000,1.000000,0.999900,403,0.4957807412,0,1
10000,1.000000,0.999900,404,0.4190850622,0,1
10000,1.000000,0.999900,405,0.9368637371,0,1
10000,1.000000,0.999900,406,0.3076430602,10000,1
10000,1.000000,0.999900,407,0.5745330887,10000,1
10000,1.000000,0.999900,408,0.2770324818,0,1
10000,1.000000,0.999900,409,1.1064986163,10000,1
10000,1.000000,0.999900,410,0.3864943754,0,1
10000,1.000000,0.999900,411,0.2519919381,10000,1
10000,1.000000,0.999900,412,0.3373207729,0,1
10000,1.000000,0.999900,413,0.4806734607,0,1
10000,1.000000,0.999900,414,0.3801270443,0,1
10000,1.000000,0.999900,415,0.1696124758,0,1
10000,1.000000,0.999900,416,0.2672767593,0,1
10000,1.000000,0.999900,417,0.6328663290,10000,1
10000,1.000000,0.999900,418,0.2492409633,0,1
10000,1.000000,0.999900,419,0.5824816705,10000,1
10000,1.000000,0.999900,420,0.3407045639,0,1
10000,1.000000,0.999900,421,1.1982683777,10000,1
10000,1.000000,0.999900,422,0.6523823350,10000,1
10000,1.000000,0.999900,423,0.3841471706,0,1
10000,1.000000,0.999900,424,0.1577749508,10000,1
10000,1.000000,0.999900,425,2.2912927134,0,1
10000,1.000000,0.999900,426,1.3680047608,0,1
10000,1.000000,0.999900,427,0.6368401795,0,1
10000,1.000000,0.999900,428,2.0183942787,10000,1
10000,1.000000,0.999900,429,0.2079394376,0,1
10000,1.000000,0.999900,430,0.2334032361,0,1
10000,1.000000,0.999900,431,0.4658578298,0,1
10000,1.000000,0.999900,432,1.2740087111,0,1
10000,1.000000,0.999900,433,0.5893267559,0,1
10000,1.000000,0.999900,434,0.2715495164,10000,1
10000,1.000000,0.999900,435,0.7371358814,10000,1
10000,1.000000,0.999900,436,0.1788954558,10000,1
10000,1.000000,0.999900,437,0.2598739312,10000,1
10000,1.000000,0.999900,438,0.3483047481,0,1
10000,1.000000,0.999900,439,1.0801870566,0,1
10000,1.000000,0.999900,440,1.3266048536,0,1
10000,1.000000,0.999900,441,0.2322128330,0,1
10000,1.000000,0.999900,442,0.6378909384,0,1
10000,1.000000,0.999900,443,0.4423832649,0,1
10000,1.000000,0.999900,444,0.5427242060,0,1
10000,1.000000,0.999900,445,2.5380663749,0,1
10000,1.000000,0.999900,446,0.5949281599,10000,1
10000,1.000000,0.999900,447,0.6184286308,10000,1
10000,1.000000,0.999900,448,0.4528208563,0,1
10000,1.000000,0.999900,449,0.5395595945,0,1
10000,1.000000,0.999900,450,0.7914104650,0,1
10000,1.000000,0.999900,451,0.5243026127,10000,1
10000,1.000000,0.999900,452,0.6074654629,10000,1
10000,1.000000,0.999900,453,0.2338456161,0,1
10000,1.000000,0.999900,454,1.1322945704,10000,1
10000,1.000000,0.999900,455,0.3660669398,0,1
10000,1.000000,0.999900,456,0.3774348108,10000,1
10000,1.000000,0.999900,457,0.1678273835,0,1
10000,1.000000,0.999900,458,0.5805398133,0,1
10000,1.000000,0.999900,459,0.3431776180,0,1
10000,1.000000,0.999900,460,0.1279944417,0,1
10000,1.000000,0.999900,461,0.3001186592,0,1
10000,1.000000,0.999900,462,2.9951055268,10000,1
10000,1.000000,0.999900,463,1.2003553580,10000,1
10000,1.000000,0.999900,464,1.8477328435,0,1
10000,1.000000,0.999900,465,0.6343879068,0,1
10000,1.000000,0.999900,466,0.3128668616,10000,1
10000,1.000000,0.999900,467,0.7106330925,0,1
10000,1.000000,0.999900,468,0.3737366387,0,1
10000,1.000000,0.999900,469,0.4240929503,0,1
10000,1.000000,0.999900,470,0.4970861005,10000,1
10000,1.000000,0.999900,471,1.6089995078,0,1
10000,1.000000,0.999900,472,0.4565274012,0,1
10000,1.000000,0.999900,473,1.3709987156,0,1
10000,1.000000,0.999900,474,0.7505402473,0,1
10000,1.000000,0.999900,475,0.2600126512,10000,1
10000,1.000000,0.999900,476,0.7309702952,10000,1
10000,1.000000,0.999900,477,0.1623014890,10000,1
10000,1.000000,0.999900,478,0.3742462545,10000,1
10000,1.000000,0.999900,479,0.2068409205,0,1
10000,1.000000,0.999900,480,0.7372662034,0,1
10000,1.000000,0.999900,481,1.4210887983,0,1
10000,1.000000,0.999900,482,0.2706471261,0,1
10000,1.000000,0.999900,483,0.6357103575,0,1
10000,1.000000,0.999900,484,0.4793355517,0,1
10000,1.000000,0.999900,485,0.2795800210,0,1
10000,1.000000,0.999900,486,2.2492194088,0,1
10000,1.000000,0.999900,487,0.7404287248,10000,1
10000,1.000000,0.999900,488,1.3253893100,0,1
10000,1.000000,0.999900,489,0.8472670303,0,1
10000,1.000000,0.999900,490,0.4398493618,10000,1
10000,1.000000,0.999900,491,1.8521056268,10000,1
10000,1.000000,0.999900,492,0.3274643594,0,1
10000,1.000000,0.999900,493,1.1333600617,0,1
10000,1.000000,0.999900,494,0.3689274912,0,1
10000,1.000000,0.999900,495,0.1373029856,0,1
10000,1.000000,0.999900,496,0.2972574931,0,1
10000,1.000000,0.999900,497,2.1519003657,0,1
10000,1.000000,0.999900,498,0.4253882851,10000,1
10000,1.000000,0.999900,499,0.2927831860,10000,1
10000,1.000000,0.999900,500,1.1517149930,10000,1
10000,1.000000,0.999900,501,1.5487725966,0,1
10000,1.000000,0.999900,502,0.8666808385,0,1
10000,1.000000,0.999900,503,0.3787783647,10000,1
10000,1.000000,0.999900,504,0.6620546362,0,1
10000,1.000000,0.999900,505,0.3206687730,0,1
10000,1.000000,0.999900,506,0.4853551423,0,1
10000,1.000000,0.999900,507,0.7717748674,10000,1
10000,1.000000,0.999900,508,1.5999886853,0,1
10000,1.000000,0.999900,509,0.5758424401,0,1
10000,1.000000,0.999900,510,1.5687601122,0,1
10000,1.000000,0.999900,511,0.5698114992,0,1
10000,1.000000,0.999900,512,0.2796293626,10000,1
10000,1.000000,0.999900,513,0.7456466941,10000,1
10000,1.000000,0.999900,514,0.2164663145,10000,1
10000,1.000000,0.999900,515,1.5331966679,0,1
10000,1.000000,0.999900,516,1.4430423658,0,1
10000,1.000000,0.999900,517,0.2700104219,0,1
10000,1.000000,0.999900,518,0.7416389143,0,1
10000,1.000000,0.999900,519,0.5419912974,0,1
10000,1.000000,0.999900,520,0.3276952312,0,1
10000,1.000000,0.999900,521,2.3019336798,0,1
10000,1.000000,0.999900,522,1.1330602399,10000,1
10000,1.000000,0.999900,523,1.1515747740,0,1
10000,1.000000,0.999900,524,0.8842229136,0,1
10000,1.000000,0.999900,525,0.4180615846,10000,1
10000,1.000000,0.999900,526,2.7275610791,0,1
10000,1.000000,0.999900,527,0.4905517441,0,1
10000,1.000000,0.999900,528,0.1417563816,0,1
10000,1.000000,0.999900,529,0.3570683962,0,1
10000,1.000000,0.999900,530,1.9745417543,0,1
10000,1.000000,0.999900,531,0.4296547655,10000,1
10000,1.000000,0.999900,532,0.3060303678,10000,1
10000,1.000000,0.999900,533,1.2231714036,10000,1
10000,1.000000,0.999900,534,1.7697597177,0,1
10000,1.000000,0.999900,535,0.9661764266,0,1
10000,1.000000,0.999900,536,0.4813550263,10000,1
10000,1.000000,0.999900,537,0.5948368418,0,1
10000,1.000000,0.999900,538,0.3427976994,0,1
10000,1.000000,0.999900,539,0.4787996088,0,1
10000,1.000000,0.999900,540,0.6591977731,10000,1
10000,1.000000,0.999900,541,0.6376033933,0,1
10000,1.000000,0.999900,542,0.4485258077,10000,1
10000,1.000000,0.999900,543,0.5730749339,0,1
10000,1.000000,0.999900,544,0.3700953394,0,1
10000,1.000000,0.999900,545,1.0684796532,0,1
10000,1.000000,0.999900,546,0.4922120830,0,1
10000,1.000000,0.999900,547,0.3841033858,10000,1
10000,1.000000,0.999900,548,0.1527957348,0,1
10000,1.000000,0.999900,549,0.7380456034,10000,1
10000,1.000000,0.999900,550,0.8244461173,10000,1
10000,1.000000,0.999900,551,0.3996903375,10000,1
10000,1.000000,0.999900,552,0.6751357057,0,1
10000,1.000000,0.999900,553,1.8341878772,0,1
10000,1.000000,0.999900,554,0.3475402372,0,1
10000,1.000000,0.999900,555,0.7535529564,0,1
10000,1.000000,0.999900,556,0.6052691795,0,1
10000,1.000000,0.999900,557,0.2827892296,0,1
10000,1.000000,0.999900,558,2.2842171421,0,1
10000,1.000000,0.999900,559,0.5554783474,0,1
10000,1.000000,0.999900,560,0.2127508634,10000,1
10000,1.000000,0.999900,561,0.4788587317,10000,1
10000,1.000000,0.999900,562,1.0611934116,0,1
10000,1.000000,0.999900,563,0.9028712472,0,1
10000,1.000000,0.999900,564,0.4384085145,10000,1
10000,1.000000,0.999900,565,2.6150834205,0,1
10000,1.000000,0.999900,566,0.6208484356,0,1
10000,1.000000,0.999900,567,0.1855737506,0,1
10000,1.000000,0.999900,568,0.4715505934,0,1
10000,1.000000,0.999900,569,1.5925058876,0,1
10000,1.000000,0.999900,570,0.1364994873,10000,1
10000,1.000000,0.999900,571,0.4016399179,0,1
10000,1.000000,0.999900,572,0.5540866280,10000,1
10000,1.000000,0.999900,573,0.3705550082,10000,1
10000,1.000000,0.999900,574,0.3854298417,0,1
10000,1.000000,0.999900,575,0.4974482254,10000,1
10000,1.000000,0.999900,576,0.4901223014,10000,1
10000,1.000000,0.999900,577,0.9700292644,0,1
10000,1.000000,0.999900,578,1.2498582783,0,1
10000,1.000000,0.999900,579,0.8178043059,10000,1
10000,1.000000,0.999900,580,0.4539099969,0,1
10000,1.000000,0.999900,581,0.3404281449,0,1
10000,1.000000,0.999900,582,0.5066445144,0,1
10000,1.000000,0.999900,583,0.6846234656,10000,1
10000,1.000000,0.999900,584,0.6780611525,0,1
10000,1.000000,0.999900,585,0.3962883475,10000,1
10000,1.000000,0.999900,586,0.3118247439,0,1
10000,1.000000,0.999900,587,0.4285449495,0,1
10000,1.000000,0.999900,588,1.1707262123,0,1
10000,1.000000,0.999900,589,0.4593690524,0,1
10000,1.000000,0.999900,590,0.3121829290,10000,1
10000,1.000000,0.999900,591,0.1754643873,0,1
10000,1.000000,0.999900,592,1.0148177179,10000,1
10000,1.000000,0.999900,593,0.5077218458,10000,1
10000,1.000000,0.999900,594,0.3453822427,10000,1
10000,1.000000,0.999900,595,0.6814296766,0,1
10000,1.000000,0.999900,596,2.0499483187,0,1
10000,1.000000,0.999900,597,0.3484005657,0,1
10000,1.000000,0.999900,598,0.5216969515,0,1
10000,1.000000,0.999900,599,0.3216542211,0,1
10000,1.000000,0.999900,600,0.8189493596,0,1
10000,1.000000,0.999900,601,2.5827581664,0,1
10000,1.000000,0.999900,602,0.6394557196,0,1
10000,1.000000,0.999900,603,0.2089086308,10000,1
10000,1.000000,0.999900,604,0.4020995216,10000,1
10000,1.000000,0.999900,605,1.0226347753,0,1
10000,1.000000,0.999900,606,0.9904023264,0,1
10000,1.000000,0.999900,607,0.5220800691,10000,1
10000,1.000000,0.999900,608,2.6177980393,0,1
10000,1.000000,0.999900,609,0.6289522185,0,1
10000,1.000000,0.999900,610,0.1857516365,0,1
10000,1.000000,0.999900,611,0.3126632860,0,1
10000,1.000000,0.999900,612,0.2486015140,0,1
10000,1.000000,0.999900,613,0.3197392437,10000,1
10000,1.000000,0.999900,614,1.1949095832,0,1
10000,1.000000,0.999900,615,0.3766896429,10000,1
10000,1.000000,0.999900,616,0.3068845045,0,1
10000,1.000000,0.999900,617,0.4841911105,10000,1
10000,1.000000,0.999900,618,1.0352158676,10000,1
10000,1.000000,0.999900,619,0.8140827418,10000,1
10000,1.000000,0.999900,620,0.7128237298,0,1
10000,1.000000,0.999900,621,1.2332838446,0,1
10000,1.000000,0.999900,622,0.9396525618,10000,1
10000,1.000000,0.999900,623,0.3412325574,0,1
10000,1.000000,0.999900,624,0.5287717341,0,1
10000,1.000000,0.999900,625,0.4992884371,0,1
10000,1.000000,0.999900,626,0.8484586578,10000,1
10000,1.000000,0.999900,627,0.7976934981,0,1
10000,1.000000,0.999900,628,0.3712016758,10000,1
10000,1.000000,0.999900,629,0.3196728485,0,1
10000,1.000000,0.999900,630,0.3971780922,0,1
10000,1.000000,0.999900,631,1.3305421184,0,1
10000,1.000000,0.999900,632,0.5660531217,0,1
10000,1.000000,0.999900,633,1.2267507089,10000,1
10000,1.000000,0.999900,634,0.5165439423,10000,1
10000,1.000000,0.999900,635,0.3802860512,10000,1
10000,1.000000,0.999900,636,0.6264051241,0,1
10000,1.000000,0.999900,637,0.7115590190,0,1
10000,1.000000,0.999900,638,0.3305176293,10000,1
10000,1.000000,0.999900,639,0.3484215547,0,1
10000,1.000000,0.999900,640,0.3068070144,10000,1
10000,1.000000,0.999900,641,0.4517304025,0,1
10000,1.000000,0.999900,642,0.2218722687,0,1
10000,1.000000,0.999900,643,0.6823088397,0,1
10000,1.000000,0.999900,644,0.2162509121,0,1
10000,1.000000,0.999900,645,0.8304182247,0,1
10000,1.000000,0.999900,646,0.4670290068,0,1
10000,1.000000,0.999900,647,0.3662673078,10000,1
10000,1.000000,0.999900,648,0.6484800200,0,1
10000,1.000000,0.999900,649,0.9407539152,10000,1
10000,1.000000,0.999900,650,0.3143574232,0,1
10000,1.000000,0.999900,651,0.5889945206,0,1
10000,1.000000,0.999900,652,0.3033025528,10000,1
10000,1.000000,0.999900,653,0.8308873248,10000,1
10000,1.000000,0.999900,654,0.8220622218,0,1
10000,1.000000,0.999900,655,0.9733169765,0,1
10000,1.000000,0.999900,656,0.1574717568,0,1
10000,1.000000,0.999900,657,0.2467437224,10000,1
10000,1.000000,0.999900,658,0.2395491067,10000,1
10000,1.000000,0.999900,659,2.6627824609,0,1
10000,1.000000,0.999900,660,0.5802735387,0,1
10000,1.000000,0.999900,661,0.2603667445,0,1
10000,1.000000,0.999900,662,0.3465031436,0,1
10000,1.000000,0.999900,663,0.2292026287,0,1
10000,1.000000,0.999900,664,0.3021963697,10000,1
10000,1.000000,0.999900,665,1.0451473238,0,1
10000,1.000000,0.999900,666,1.1631625828,10000,1
10000,1.000000,0.999900,667,0.8731667369,10000,1
10000,1.000000,0.999900,668,0.8628852943,10000,1
10000,1.000000,0.999900,669,0.7022880383,0,1
10000,1.000000,0.999900,670,1.3108643679,0,1
10000,1.000000,0.999900,671,1.1413466182,10000,1
10000,1.000000,0.999900,672,0.2801912630,0,1
10000,1.000000,0.999900,673,0.1270349824,0,1
10000,1.000000,0.999900,674,0.5414066574,0,1
10000,1.000000,0.999900,675,1.7110709627,10000,1
10000,1.000000,0.999900,676,0.2947670839,0,1
10000,1.000000,0.999900,677,0.1991911384,0,1
10000,1.000000,0.999900,678,1.0886902760,0,1
10000,1.000000,0.999900,679,0.8675964312,0,1
10000,1.000000,0.999900,680,1.2203628780,10000,1
10000,1.000000,0.999900,681,0.5390592927,10000,1
10000,1.000000,0.999900,682,0.3219108067,10000,1
10000,1.000000,0.999900,683,0.4635249360,0,1
10000,1.000000,0.999900,684,0.7964650134,0,1
10000,1.000000,0.999900,685,0.3010980788,10000,1
10000,1.000000,0.999900,686,0.3095678707,0,1
10000,1.000000,0.999900,687,0.3029287578,10000,1
10000,1.000000,0.999900,688,0.5033259308,0,1
10000,1.000000,0.999900,689,0.1726120812,0,1
10000,1.000000,0.999900,690,0.4077314073,0,1
10000,1.000000,0.999900,691,0.6750072672,0,1
10000,1.000000,0.999900,692,0.5122539595,0,1
10000,1.000000,0.999900,693,0.6440942347,0,1
10000,1.000000,0.999900,694,0.3146030587,10000,1
10000,1.000000,0.999900,695,0.6733625277,0,1
10000,1.000000,0.999900,696,0.7843850320,10000,1
10000,1.000000,0.999900,697,0.2632821726,0,1
10000,1.000000,0.999900,698,0.5372489102,0,1
10000,1.000000,0.999900,699,0.3634304020,10000,1
10000,1.000000,0.999900,700,0.6872041660,10000,1
10000,1.000000,0.999900,701,0.5579049452,0,1
10000,1.000000,0.999900,702,1.1649432350,0,1
10000,1.000000,0.999900,703,0.2095349823,0,1
10000,1.000000,0.999900,704,0.3559004610,10000,1
10000,1.000000,0.999900,705,0.5518274536,10000,1
10000,1.000000,0.999900,706,0.6627012741,0,1
10000,1.000000,0.999900,707,0.1495275943,10000,1
10000,1.000000,0.999900,708,1.7073921726,0,1
10000,1.000000,0.999900,709,0.7616951716,0,1
10000,1.000000,0.999900,710,0.3312926524,0,1
10000,1.000000,0.999900,711,0.0966547968,0,1
10000,1.000000,0.999900,712,0.4217784407,0,1
10000,1.000000,0.999900,713,0.2596201347,10000,1
10000,1.000000,0.999900,714,1.0876650779,0,1
10000,1.000000,0.999900,715,1.0113561971,10000,1
10000,1.000000,0.999900,716,0.8248518404,10000,1
10000,1.000000,0.999900,717,0.8013110690,10000,1
10000,1.000000,0.999900,718,0.7481100811,0,1
10000,1.000000,0.999900,719,1.3954975576,0,1
10000,1.000000,0.999900,720,1.4522874834,0,1
10000,1.000000,0.999900,721,0.5782498339,0,1
10000,1.000000,0.999900,722,1.6802265060,10000,1
10000,1.000000,0.999900,723,0.3202380150,0,1
10000,1.000000,0.999900,724,0.2233207243,0,1
10000,1.000000,0.999900,725,0.5193528500,0,1
10000,1.000000,0.999900,726,0.2074893926,10000,1
10000,1.000000,0.999900,727,0.4257353340,0,1
10000,1.000000,0.999900,728,0.7426739290,0,1
10000,1.000000,0.999900,729,1.5663135251,10000,1
10000,1.000000,0.999900,730,0.1581511886,10000,1
10000,1.000000,0.999900,731,0.2854957027,10000,1
10000,1.000000,0.999900,732,0.3138811143,0,1
10000,1.000000,0.999900,733,0.9133870225,0,1
10000,1.000000,0.999900,734,0.3651333282,10000,1
10000,1.000000,0.999900,735,0.1969977765,0,1
10000,1.000000,0.999900,736,0.8527835592,0,1
10000,1.000000,0.999900,737,0.3355056721,0,1
10000,1.000000,0.999900,738,0.6181557868,0,1
10000,1.000000,0.999900,739,0.4432818215,0,1
10000,1.000000,0.999900,740,0.7540783336,0,1
10000,1.000000,0.999900,741,0.4561001926,10000,1
10000,1.000000,0.999900,742,0.7321250604,0,1
10000,1.000000,0.999900,743,0.7398651025,10000,1
10000,1.000000,0.999900,744,0.1366910784,0,1
10000,1.000000,0.999900,745,0.6345312854,0,1
10000,1.000000,0.999900,746,0.3840875571,10000,1
10000,1.000000,0.999900,747,0.6738739954,10000,1
10000,1.000000,0.999900,748,0.5504693045,0,1
10000,1.000000,0.999900,749,1.3569499978,0,1
10000,1.000000,0.999900,750,0.1342538054,0,1
10000,1.000000,0.999900,751,0.3667781792,10000,1
10000,1.000000,0.999900,752,0.6872814953,10000,1
10000,1.000000,0.999900,753,0.6993080522,0,1
10000,1.000000,0.999900,754,0.9334923798,10000,1
10000,1.000000,0.999900,755,0.3358250192,0,1
10000,1.000000,0.999900,756,0.1752511117,10000,1
10000,1.000000,0.999900,757,0.3637777623,0,1
10000,1.000000,0.999900,758,0.9591193921,0,1
10000,1.000000,0.999900,759,0.2437860866,0,1
10000,1.000000,0.999900,760,0.1035475295,0,1
10000,1.000000,0.999900,761,0.2516482197,0,1
10000,1.000000,0.999900,762,0.7733957288,10000,1
10000,1.000000,0.999900,763,1.0104632333,0,1
10000,1.000000,0.999900,764,1.0574713711,10000,1
10000,1.000000,0.999900,765,0.7494681307,10000,1
10000,1.000000,0.999900,766,0.4173116164,0,1
10000,1.000000,0.999900,767,0.1213835959,10000,1
10000,1.000000,0.999900,768,0.8882342497,10000,1
10000,1.000000,0.999900,769,0.2121514520,0,1
10000,1.000000,0.999900,770,1.1973718424,0,1
10000,1.000000,0.999900,771,1.4277557508,0,1
10000,1.000000,0.999900,772,0.7493581673,0,1
10000,1.000000,0.999900,773,1.7202130875,10000,1
10000,1.000000,0.999900,774,0.2412516703,0,1
10000,1.000000,0.999900,775,0.3166244632,0,1
10000,1.000000,0.999900,776,0.6295168964,0,1
10000,1.000000,0.999900,777,1.3345581407,0,1
10000,1.000000,0.999900,778,1.4815405815,10000,1
10000,1.000000,0.999900,779,0.1424951831,10000,1
10000,1.000000,0.999900,780,0.2764242045,10000,1
10000,1.000000,0.999900,781,0.3439339793,0,1
10000,1.000000,0.999900,782,0.9597213630,0,1
10000,1.000000,0.999900,783,0.5081876756,10000,1
10000,1.000000,0.999900,784,0.1663614133,0,1
10000,1.000000,0.999900,785,0.7495636819,0,1
10000,1.000000,0.999900,786,0.2520987769,0,1
10000,1.000000,0.999900,787,0.6398857355,0,1
10000,1.000000,0.999900,788,0.4598253490,0,1
10000,1.000000,0.999900,789,0.7835124981,0,1
10000,1.000000,0.999900,790,2.3577311896,0,1
10000,1.000000,0.999900,791,0.4788670476,10000,1
10000,1.000000,0.999900,792,0.7055049994,10000,1
10000,1.000000,0.999900,793,0.5875372604,0,1
10000,1.000000,0.999900,794,0.8883578010,0,1
10000,1.000000,0.999900,795,0.7717881201,0,1
10000,1.000000,0.999900,796,0.3134358598,10000,1
10000,1.000000,0.999900,797,0.6129925461,10000,1
10000,1.000000,0.999900,798,0.2998757346,0,1
10000,1.000000,0.999900,799,1.1038642538,10000,1
10000,1.000000,0.999900,800,0.3593237603,0,1
10000,1.000000,0.999900,801,0.1437725513,10000,1
10000,1.000000,0.999900,802,0.3465577833,0,1
10000,1.000000,0.999900,803,0.4562528834,0,1
10000,1.000000,0.999900,804,0.3966711204,0,1
10000,1.000000,0.999900,805,0.1659318542,0,1
10000,1.000000,0.999900,806,0.2652444196,0,1
10000,1.000000,0.999900,807,0.5945456838,10000,1
10000,1.000000,0.999900,808,0.2505058332,0,1
10000,1.000000,0.999900,809,0.6364999822,10000,1
10000,1.000000,0.999900,810,0.3282997481,0,1
10000,1.000000,0.999900,811,1.2112474719,10000,1
10000,1.000000,0.999900,812,0.6920175799,10000,1
10000,1.000000,0.999900,813,0.4160771916,0,1
10000,1.000000,0.999900,814,0.1553248970,10000,1
10000,1.000000,0.999900,815,2.2316569602,0,1
10000,1.000000,0.999900,816,1.3616137294,0,1
10000,1.000000,0.999900,817,0.5582101469,0,1
10000,1.000000,0.999900,818,1.9419336446,10000,1
10000,1.000000,0.999900,819,0.3112138653,0,1
10000,1.000000,0.999900,820,0.2376338018,0,1
10000,1.000000,0.999900,821,0.4382510406,0,1
10000,1.000000,0.999900,822,1.2692757709,0,1
10000,1.000000,0.999900,823,0.5752472417,0,1
10000,1.000000,0.999900,824,0.3179382162,10000,1
10000,1.000000,0.999900,825,0.7493689697,10000,1
10000,1.000000,0.999900,826,0.2273293739,10000,1
10000,1.000000,0.999900,827,0.2548899896,10000,1
10000,1.000000,0.999900,828,0.3484441430,0,1
10000,1.000000,0.999900,829,0.9713856183,0,1
10000,1.000000,0.999900,830,1.3364344578,0,1
10000,1.000000,0.999900,831,0.2861148996,0,1
10000,1.000000,0.999900,832,0.6052644270,0,1
10000,1.000000,0.999900,833,0.4372067427,0,1
10000,1.000000,0.999900,834,1.0168272126,0,1
10000,1.000000,0.999900,835,2.2357493466,0,1
10000,1.000000,0.999900,836,0.6373055033,10000,1
10000,1.000000,0.999900,837,0.6671432218,10000,1
10000,1.000000,0.999900,838,0.4132072944,0,1
10000,1.000000,0.999900,839,0.4823372408,0,1
10000,1.000000,0.999900,840,0.8588403703,0,1
10000,1.000000,0.999900,841,0.3103433569,10000,1
10000,1.000000,0.999900,842,0.7410331071,10000,1
10000,1.000000,0.999900,843,0.2197164624,0,1
10000,1.000000,0.999900,844,1.1592185410,10000,1
10000,1.000000,0.999900,845,0.3560635358,0,1
10000,1.000000,0.999900,846,0.4543306770,10000,1
10000,1.000000,0.999900,847,0.1760691482,0,1
10000,1.000000,0.999900,848,0.5548645156,0,1
10000,1.000000,0.999900,849,0.3701281560,0,1
10000,1.000000,0.999900,850,0.1799562328,0,1
10000,1.000000,0.999900,851,0.2607177706,0,1
10000,1.000000,0.999900,852,1.5112855020,10000,1
10000,1.000000,0.999900,853,0.3832472709,0,1
10000,1.000000,0.999900,854,1.2077826284,10000,1
10000,1.000000,0.999900,855,0.8096154608,10000,1
10000,1.000000,0.999900,856,0.3738402283,0,1
10000,1.000000,0.999900,857,0.1454666766,10000,1
10000,1.000000,0.999900,858,1.7766907093,0,1
10000,1.000000,0.999900,859,0.6023597879,0,1
10000,1.000000,0.999900,860,0.3270871468,10000,1
10000,1.000000,0.999900,861,0.7222272113,0,1
10000,1.000000,0.999900,862,0.3094962798,0,1
10000,1.000000,0.999900,863,0.7482538571,0,1
10000,1.000000,0.999900,864,0.3803646597,10000,1
10000,1.000000,0.999900,865,1.2111164086,10000,1
10000,1.000000,0.999900,866,0.2600062362,0,1
10000,1.000000,0.999900,867,0.2533772949,0,1
10000,1.000000,0.999900,868,0.5310253894,0,1
10000,1.000000,0.999900,869,1.3170168116,0,1
10000,1.000000,0.999900,870,0.6659645218,0,1
10000,1.000000,0.999900,871,0.2501944089,10000,1
10000,1.000000,0.999900,872,0.7163213868,10000,1
10000,1.000000,0.999900,873,0.1777943874,10000,1
10000,1.000000,0.999900,874,0.4063543371,10000,1
10000,1.000000,0.999900,875,0.2091190966,0,1
10000,1.000000,0.999900,876,1.0359214541,0,1
10000,1.000000,0.999900,877,1.3084108698,0,1
10000,1.000000,0.999900,878,0.2682376857,0,1
10000,1.000000,0.999900,879,0.6506066271,0,1
10000,1.000000,0.999900,880,0.4695180017,0,1
10000,1.000000,0.999900,881,0.4572587715,0,1
10000,1.000000,0.999900,882,2.1940258126,0,1
10000,1.000000,0.999900,883,0.7394411562,10000,1
10000,1.000000,0.999900,884,0.5830611533,10000,1
10000,1.000000,0.999900,885,0.5779114173,0,1
10000,1.000000,0.999900,886,0.5146527024,0,1
10000,1.000000,0.999900,887,0.8123725296,0,1
10000,1.000000,0.999900,888,0.4836799433,10000,1
10000,1.000000,0.999900,889,1.8917155084,10000,1
10000,1.000000,0.999900,890,0.3160867199,0,1
10000,1.000000,0.999900,891,1.1880674187,0,1
10000,1.000000,0.999900,892,0.3486100359,0,1
10000,1.000000,0.999900,893,0.1443935024,0,1
10000,1.000000,0.999900,894,0.2925730245,0,1
10000,1.000000,0.999900,895,2.9145143473,10000,1
10000,1.000000,0.999900,896,1.1495489748,10000,1
10000,1.000000,0.999900,897,1.8624794515,0,1
10000,1.000000,0.999900,898,0.6209168817,0,1
10000,1.000000,0.999900,899,0.3995910584,10000,1
10000,1.000000,0.999900,900,0.6608839228,0,1
10000,1.000000,0.999900,901,0.3773601045,0,1
10000,1.000000,0.999900,902,0.4379050831,0,1
10000,1.000000,0.999900,903,0.7433859816,10000,1
10000,1.000000,0.999900,904,1.5328574741,0,1
10000,1.000000,0.999900,905,0.5216997632,0,1
10000,1.000000,0.999900,906,1.4789112421,0,1
10000,1.000000,0.999900,907,0.5384923052,0,1
10000,1.000000,0.999900,908,0.2848384194,10000,1
10000,1.000000,0.999900,909,0.7704373123,10000,1
10000,1.000000,0.999900,910,0.1425444974,10000,1
10000,1.000000,0.999900,911,0.3522968125,10000,1
10000,1.000000,0.999900,912,0.2424111107,0,1
10000,1.000000,0.999900,913,0.8380558119,0,1
10000,1.000000,0.999900,914,1.4141463369,0,1
10000,1.000000,0.999900,915,0.2573160071,0,1
10000,1.000000,0.999900,916,0.6811830258,0,1
10000,1.000000,0.999900,917,0.5249176719,0,1
10000,1.000000,0.999900,918,0.3164280195,0,1
10000,1.000000,0.999900,919,2.2478769098,0,1
10000,1.000000,0.999900,920,1.1788017662,10000,1
10000,1.000000,0.999900,921,1.2015296666,0,1
10000,1.000000,0.999900,922,0.8563792603,0,1
10000,1.000000,0.999900,923,0.4254055881,10000,1
10000,1.000000,0.999900,924,2.7256924031,0,1
10000,1.000000,0.999900,925,0.4806351648,0,1
10000,1.000000,0.999900,926,0.1489395833,0,1
10000,1.000000,0.999900,927,0.3147244813,0,1
10000,1.000000,0.999900,928,1.9738326890,0,1
10000,1.000000,0.999900,929,0.4503421118,10000,1
10000,1.000000,0.999900,930,0.3468436059,10000,1
10000,1.000000,0.999900,931,1.1804744768,10000,1
10000,1.000000,0.999900,932,1.8157201596,0,1
10000,1.000000,0.999900,933,0.9038259174,0,1
10000,1.000000,0.999900,934,0.3571109776,10000,1
10000,1.000000,0.999900,935,0.6475163760,0,1
10000,1.000000,0.999900,936,0.4211005312,0,1
10000,1.000000,0.999900,937,0.4413588825,0,1
10000,1.000000,0.999900,938,0.6890407987,10000,1
10000,1.000000,0.999900,939,0.6426645785,0,1
10000,1.000000,0.999900,940,0.3941570404,10000,1
10000,1.000000,0.999900,941,0.5131596474,0,1
10000,1.000000,0.999900,942,0.3569418287,0,1
10000,1.000000,0.999900,943,1.0754013847,0,1
10000,1.000000,0.999900,944,0.8743690514,0,1
10000,1.000000,0.999900,945,0.8087907571,10000,1
10000,1.000000,0.999900,946,0.6073805453,10000,1
10000,1.000000,0.999900,947,0.1203763207,10000,1
10000,1.000000,0.999900,948,0.9303038123,0,1
10000,1.000000,0.999900,949,1.7949476117,0,1
10000,1.000000,0.999900,950,0.3216320402,0,1
10000,1.000000,0.999900,951,0.6820120640,0,1
10000,1.000000,0.999900,952,0.5681362131,0,1
10000,1.000000,0.999900,953,0.3673380512,0,1
10000,1.000000,0.999900,954,2.2003109936,0,1
10000,1.000000,0.999900,955,1.3204358494,10000,1
10000,1.000000,0.999900,956,1.0570697488,0,1
10000,1.000000,0.999900,957,0.9184832230,0,1
10000,1.000000,0.999900,958,0.4497259493,10000,1
10000,1.000000,0.999900,959,2.5934527510,0,1
10000,1.000000,0.999900,960,0.5586555630,0,1
10000,1.000000,0.999900,961,0.1618179158,0,1
10000,1.000000,0.999900,962,0.4033440576,0,1
10000,1.000000,0.999900,963,1.5761474412,0,1
10000,1.000000,0.999900,964,0.1553315888,10000,1
10000,1.000000,0.999900,965,0.3611143300,0,1
10000,1.000000,0.999900,966,0.4752247897,10000,1
10000,1.000000,0.999900,967,0.2671166039,10000,1
10000,1.000000,0.999900,968,0.3870285145,0,1
10000,1.000000,0.999900,969,0.5429795600,10000,1
10000,1.000000,0.999900,970,0.5425020215,10000,1
10000,1.000000,0.999900,971,0.9494046523,0,1
10000,1.000000,0.999900,972,1.2119309532,0,1
10000,1.000000,0.999900,973,0.5110012237,10000,1
10000,1.000000,0.999900,974,0.5840039516,0,1
10000,1.000000,0.999900,975,0.3083946675,0,1
10000,1.000000,0.999900,976,0.5698097538,0,1
10000,1.000000,0.999900,977,0.6973685629,10000,1
10000,1.000000,0.999900,978,0.6598793964,0,1
10000,1.000000,0.999900,979,0.4174280362,10000,1
10000,1.000000,0.999900,980,0.3051791294,0,1
10000,1.000000,0.999900,981,0.4479659751,0,1
10000,1.000000,0.999900,982,1.1131672957,0,1
10000,1.000000,0.999900,983,0.5025202850,0,1
10000,1.000000,0.999900,984,0.3394233495,10000,1
10000,1.000000,0.999900,985,0.1687547978,0,1
10000,1.000000,0.999900,986,0.7180705972,10000,1
10000,1.000000,0.999900,987,0.6438361331,10000,1
10000,1.000000,0.999900,988,0.3434405775,10000,1
10000,1.000000,0.999900,989,0.6622006715,0,1
10000,1.000000,0.999900,990,1.9624399852,0,1
10000,1.000000,0.999900,991,0.3428313571,0,1
10000,1.000000,0.999900,992,0.7200522909,0,1
10000,1.000000,0.999900,993,0.6919312080,0,1
10000,1.000000,0.999900,994,0.3100967223,0,1
10000,1.000000,0.999900,995,2.4442795068,0,1
10000,1.000000,0.999900,996,0.5911951247,0,1
10000,1.000000,0.999900,997,0.2191072415,10000,1
10000,1.000000,0.999900,998,0.4645637420,10000,1
10000,1.000000,0.999900,999,1.0036626596,0,1
