path_id,model,abs_time,abs_state,steps
0,A,1.0245,1,10245
0,B,0.2989,0,2989
1,A,0.80100000000000005,1,8010
1,B,0.63640000000000008,1,6364
2,A,0.6129,1,6129
2,B,0.24210000000000001,0,2421
3,A,0.50540000000000007,1,5054
3,B,0.72820000000000007,1,7282
4,A,0.4597,1,4597
4,B,2.1219000000000001,1,21219
5,A,1.7211000000000001,1,17211
5,B,0.65470000000000006,0,6547
6,A,0.85940000000000005,1,8594
6,B,0.63640000000000008,0,6364
7,A,0.66500000000000004,0,6650
7,B,0.81330000000000002,1,8133
8,A,0.76750000000000007,1,7675
8,B,0.39019999999999999,0,3902
9,A,0.5978,1,5978
9,B,0.1341,0,1341
10,A,1.1961000000000002,1,11961
10,B,1.0409000000000002,0,10409
11,A,1.234,1,12340
11,B,1.9503000000000001,1,19503
12,A,0.37809999999999999,1,3781
12,B,0.8580000000000001,0,8580
13,A,1.2198,1,12198
13,B,1.1163000000000001,1,11163
14,A,1.1807000000000001,1,11807
14,B,0.54449999999999998,0,5445
15,A,0.69390000000000007,1,6939
15,B,0.40670000000000001,0,4067
16,A,0.62870000000000004,1,6287
16,B,3.0687000000000002,0,30687
17,A,0.41310000000000002,1,4131
17,B,0.48080000000000001,0,4808
18,A,1.6364000000000001,1,16364
18,B,0.97610000000000008,1,9761
19,A,0.63550000000000006,1,6355
19,B,1.4206000000000001,0,14206
20,A,0.23530000000000001,1,2353
20,B,4.2401,0,42401
21,A,0.53510000000000002,0,5351
21,B,2.6981000000000002,0,26981
22,A,1.216,1,12160
22,B,2.1616,1,21616
23,A,0.89430000000000009,0,8943
23,B,1.1721000000000001,0,11721
24,A,0.78720000000000001,1,7872
24,B,0.17850000000000002,0,1785
25,A,0.53990000000000005,1,5399
25,B,0.2626,0,2626
26,A,1.0131000000000001,1,10131
26,B,2.2806000000000002,0,22806
27,A,0.35010000000000002,1,3501
27,B,0.24050000000000002,0,2405
28,A,0.79139999999999999,1,7914
28,B,0.97950000000000004,0,9795
29,A,1.5248000000000002,1,15248
29,B,2.0396000000000001,0,20396
30,A,0.61550000000000005,1,6155
30,B,1.8472000000000002,1,18472
31,A,1.0572000000000001,1,10572
31,B,1.5969,1,15969
32,A,0.40250000000000002,1,4025
32,B,1.3129,0,13129
33,A,0.38570000000000004,1,3857
33,B,0.49410000000000004,0,4941
34,A,0.68640000000000001,1,6864
34,B,0.4627,0,4627
35,A,1.2484,1,12484
35,B,1.3951,1,13951
36,A,0.63580000000000003,1,6358
36,B,0.41889999999999999,0,4189
37,A,0.49370000000000003,1,4937
37,B,0.26469999999999999,0,2647
38,A,0.61680000000000001,1,6168
38,B,1.8163,1,18163
39,A,1.3943000000000001,1,13943
39,B,1.0144,0,10144
40,A,1.0723,1,10723
40,B,0.3049,0,3049
41,A,0.50729999999999997,1,5073
41,B,0.96879999999999999,0,9688
42,A,0.33000000000000002,1,3300
42,B,1.5382,0,15382
43,A,1.5706,1,15706
43,B,0.84850000000000003,0,8485
44,A,1.2895000000000001,1,12895
44,B,0.53549999999999998,1,5355
45,A,0.55310000000000004,1,5531
45,B,0.81859999999999999,0,8186
46,A,0.45550000000000002,1,4555
46,B,0.55120000000000002,0,5512
47,A,0.44990000000000002,1,4499
47,B,0.16390000000000002,0,1639
48,A,0.2717,1,2717
48,B,0.78960000000000008,0,7896
49,A,0.46990000000000004,1,4699
49,B,0.84810000000000008,0,8481
50,A,1.1072,1,11072
50,B,1.5027000000000001,0,15027
51,A,1.1531,1,11531
51,B,1.3574000000000002,0,13574
52,A,0.92410000000000003,1,9241
52,B,1.1520000000000001,0,11520
53,A,0.74670000000000003,1,7467
53,B,0.37090000000000001,0,3709
54,A,0.55500000000000005,1,5550
54,B,0.33680000000000004,0,3368
55,A,0.38970000000000005,1,3897
55,B,0.81670000000000009,1,8167
56,A,2.0073000000000003,1,20073
56,B,0.20200000000000001,0,2020
57,A,0.77190000000000003,1,7719
57,B,0.21830000000000002,0,2183
58,A,0.57520000000000004,1,5752
58,B,0.26530000000000004,0,2653
59,A,1.4031,1,14031
59,B,0.42230000000000001,0,4223
60,A,0.55740000000000001,1,5574
60,B,1.5980000000000001,0,15980
61,A,2.2368999999999999,1,22369
61,B,0.16920000000000002,0,1692
62,A,0.79220000000000002,1,7922
62,B,0.84900000000000009,0,8490
63,A,0.99030000000000007,1,9903
63,B,0.4723,0,4723
64,A,0.68259999999999998,1,6826
64,B,1.7429000000000001,1,17429
65,A,0.6099,1,6099
65,B,0.27640000000000003,0,2764
66,A,0.68320000000000003,1,6832
66,B,0.33950000000000002,0,3395
67,A,2.1851000000000003,1,21851
67,B,1.3969,0,13969
68,A,0.73660000000000003,1,7366
68,B,1.2492000000000001,1,12492
69,A,0.26219999999999999,0,2622
69,B,0.30870000000000003,0,3087
70,A,0.5444,1,5444
70,B,2.1774,1,21774
71,A,1.0095000000000001,0,10095
71,B,2.3322000000000003,0,23322
72,A,0.74570000000000003,1,7457
72,B,3.4661,0,34661
73,A,0.64070000000000005,1,6407
73,B,0.59910000000000008,0,5991
74,A,0.5151,1,5151
74,B,0.48650000000000004,0,4865
75,A,0.6381,1,6381
75,B,0.69420000000000004,1,6942
76,A,0.62119999999999997,1,6212
76,B,0.86420000000000008,0,8642
77,A,0.41900000000000004,1,4190
77,B,0.33069999999999999,0,3307
78,A,0.54900000000000004,1,5490
78,B,0.79349999999999998,1,7935
79,A,0.74409999999999998,1,7441
79,B,1.6395000000000002,0,16395
80,A,0.64250000000000007,1,6425
80,B,0.84150000000000003,1,8415
81,A,0.46880000000000005,1,4688
81,B,0.9788,0,9788
82,A,0.46910000000000002,1,4691
82,B,0.99880000000000002,0,9988
83,A,0.54680000000000006,1,5468
83,B,0.8347,0,8347
84,A,1.1943000000000001,1,11943
84,B,1.0412000000000001,1,10412
85,A,1.0448999999999999,1,10449
85,B,0.78950000000000009,0,7895
86,A,0.67070000000000007,1,6707
86,B,2.4321999999999999,1,24322
87,A,0.71750000000000003,1,7175
87,B,1.4681,1,14681
88,A,1.6896,1,16896
88,B,0.13920000000000002,0,1392
89,A,0.4365,1,4365
89,B,0.53010000000000002,0,5301
90,A,0.434,1,4340
90,B,2.3572000000000002,0,23572
91,A,0.26719999999999999,1,2672
91,B,1.5593000000000001,0,15593
92,A,0.52610000000000001,1,5261
92,B,1.5552000000000001,0,15552
93,A,0.2863,1,2863
93,B,2.0044,1,20044
94,A,0.54920000000000002,1,5492
94,B,0.63829999999999998,0,6383
95,A,2.1352000000000002,1,21352
95,B,1.8196000000000001,0,18196
96,A,0.61540000000000006,1,6154
96,B,1.0665,1,10665
97,A,0.45240000000000002,1,4524
97,B,0.4723,0,4723
98,A,0.81310000000000004,1,8131
98,B,0.54749999999999999,0,5475
99,A,2.0895999999999999,1,20896
99,B,1.4877,0,14877
100,A,0.61860000000000004,1,6186
100,B,1.1655,1,11655
101,A,1.6300000000000001,1,16300
101,B,0.6169,0,6169
102,A,0.5081,1,5081
102,B,0.62950000000000006,1,6295
103,A,1.1289,1,11289
103,B,4.1611000000000002,0,41611
104,A,0.215,1,2150
104,B,0.7288,0,7288
105,A,0.65170000000000006,1,6517
105,B,5.5426000000000002,1,55426
106,A,1.4071,1,14071
106,B,0.95640000000000003,0,9564
107,A,0.66720000000000002,1,6672
107,B,0.29160000000000003,0,2916
108,A,0.43049999999999999,1,4305
108,B,0.2117,0,2117
109,A,1.2224000000000002,1,12224
109,B,0.55490000000000006,0,5549
110,A,0.66460000000000008,1,6646
110,B,0.57090000000000007,0,5709
111,A,0.77460000000000007,0,7746
111,B,1.2302999999999999,0,12303
112,A,0.54060000000000008,1,5406
112,B,1.4283000000000001,0,14283
113,A,0.35250000000000004,1,3525
113,B,0.25640000000000002,0,2564
114,A,0.59410000000000007,1,5941
114,B,0.80200000000000005,0,8020
115,A,0.746,1,7460
115,B,0.1618,0,1618
116,A,0.69430000000000003,1,6943
116,B,1.7908000000000002,1,17908
117,A,0.62909999999999999,1,6291
117,B,0.35220000000000001,0,3522
118,A,0.93170000000000008,1,9317
118,B,1.4633,0,14633
119,A,0.52710000000000001,1,5271
119,B,4.6836000000000002,0,46836
120,A,0.78510000000000002,1,7851
120,B,1.7161000000000002,0,17161
121,A,0.59850000000000003,1,5985
121,B,0.76760000000000006,1,7676
122,A,0.27110000000000001,1,2711
122,B,0.34440000000000004,1,3444
123,A,0.60240000000000005,1,6024
123,B,1.7415,0,17415
124,A,0.64800000000000002,1,6480
124,B,1.9534,0,19534
125,A,1.137,1,11370
125,B,1.6518000000000002,1,16518
126,A,0.78090000000000004,1,7809
126,B,0.3876,0,3876
127,A,0.70550000000000002,1,7055
127,B,1.9958,0,19958
128,A,0.20880000000000001,0,2088
128,B,0.3039,0,3039
129,A,1.1191,1,11191
129,B,0.3493,0,3493
130,A,0.62280000000000002,1,6228
130,B,0.72650000000000003,0,7265
131,A,0.34940000000000004,1,3494
131,B,1.1212,0,11212
132,A,0.3866,1,3866
132,B,2.0236000000000001,0,20236
133,A,0.59650000000000003,1,5965
133,B,0.44370000000000004,0,4437
134,A,0.55359999999999998,1,5536
134,B,1.8030000000000002,0,18030
135,A,0.51500000000000001,1,5150
135,B,3.5378000000000003,1,35378
136,A,1.7959000000000001,1,17959
136,B,0.32669999999999999,0,3267
137,A,0.84640000000000004,1,8464
137,B,0.33280000000000004,0,3328
138,A,1.1686000000000001,1,11686
138,B,2.0079000000000002,0,20079
139,A,0.52280000000000004,1,5228
139,B,0.9457000000000001,0,9457
140,A,0.76840000000000008,1,7684
140,B,1.1737,0,11737
141,A,0.45350000000000001,1,4535
141,B,0.21260000000000001,0,2126
142,A,0.88440000000000007,1,8844
142,B,1.1279000000000001,0,11279
143,A,1.8489,1,18489
143,B,0.47700000000000004,0,4770
144,A,0.99730000000000008,1,9973
144,B,0.62709999999999999,0,6271
145,A,0.41650000000000004,1,4165
145,B,1.4480000000000002,0,14480
146,A,1.2963,1,12963
146,B,2.6436000000000002,1,26436
147,A,0.70590000000000008,1,7059
147,B,2.8893,0,28893
148,A,0.47090000000000004,1,4709
148,B,3.9327000000000001,1,39327
149,A,1.1414,1,11414
149,B,0.37110000000000004,0,3711
150,A,0.53410000000000002,1,5341
150,B,0.55710000000000004,0,5571
151,A,0.96900000000000008,1,9690
151,B,2.0897000000000001,1,20897
152,A,0.52949999999999997,1,5295
152,B,0.2001,0,2001
153,A,0.38270000000000004,1,3827
153,B,0.52610000000000001,0,5261
154,A,0.40460000000000002,1,4046
154,B,1.9476,0,19476
155,A,0.67070000000000007,1,6707
155,B,1.8795000000000002,0,18795
156,A,0.309,1,3090
156,B,2.2029000000000001,0,22029
157,A,0.40840000000000004,1,4084
157,B,1.3523000000000001,0,13523
158,A,1.3574000000000002,1,13574
158,B,0.65329999999999999,0,6533
159,A,1.0404,1,10404
159,B,1.1180000000000001,1,11180
160,A,1.0011000000000001,1,10011
160,B,0.31759999999999999,0,3176
161,A,1.1926000000000001,1,11926
161,B,1.6832,0,16832
162,A,0.52510000000000001,1,5251
162,B,3.3638000000000003,0,33638
163,A,0.51160000000000005,1,5116
163,B,2.4204000000000003,0,24204
164,A,1.2443,1,12443
164,B,1.8437000000000001,1,18437
165,A,0.81310000000000004,1,8131
165,B,3.1895000000000002,1,31895
166,A,0.63190000000000002,1,6319
166,B,1.6182000000000001,0,16182
167,A,0.66470000000000007,1,6647
167,B,0.33879999999999999,0,3388
168,A,0.66980000000000006,1,6698
168,B,2.9198,0,29198
169,A,0.42130000000000001,1,4213
169,B,1.1496999999999999,1,11497
170,A,0.19470000000000001,1,1947
170,B,1.8527,1,18527
171,A,0.86930000000000007,1,8693
171,B,1.4721,0,14721
172,A,0.36960000000000004,1,3696
172,B,2.0038,0,20038
173,A,1.5347000000000002,1,15347
173,B,1.069,0,10690
174,A,0.2399,1,2399
174,B,0.46960000000000002,0,4696
175,A,0.62940000000000007,1,6294
175,B,0.60130000000000006,0,6013
176,A,0.89219999999999999,1,8922
176,B,2.4268000000000001,1,24268
177,A,0.42530000000000001,1,4253
177,B,0.46510000000000001,0,4651
178,A,0.94430000000000003,1,9443
178,B,1.5248000000000002,0,15248
179,A,0.96550000000000002,1,9655
179,B,1.0593000000000001,1,10593
180,A,1.1551,1,11551
180,B,3.4584000000000001,1,34584
181,A,0.58460000000000001,1,5846
181,B,1.7018,0,17018
182,A,0.36160000000000003,1,3616
182,B,0.71960000000000002,0,7196
183,A,0.58340000000000003,1,5834
183,B,1.8331000000000002,1,18331
184,A,0.65470000000000006,1,6547
184,B,0.1134,0,1134
185,A,0.45810000000000001,1,4581
185,B,0.67810000000000004,1,6781
186,A,0.44030000000000002,1,4403
186,B,0.8327,0,8327
187,A,1.5713000000000001,1,15713
187,B,0.64980000000000004,0,6498
188,A,0.36710000000000004,1,3671
188,B,0.18630000000000002,0,1863
189,A,0.80740000000000001,1,8074
189,B,0.1134,0,1134
190,A,0.27890000000000004,1,2789
190,B,0.4718,0,4718
191,A,0.90180000000000005,1,9018
191,B,0.97540000000000004,0,9754
192,A,0.25130000000000002,1,2513
192,B,0.49910000000000004,1,4991
193,A,1.1457000000000002,1,11457
193,B,0.2049,0,2049
194,A,1.1598000000000002,1,11598
194,B,1.427,1,14270
195,A,0.42820000000000003,1,4282
195,B,0.96930000000000005,0,9693
196,A,0.45570000000000005,1,4557
196,B,2.8288000000000002,0,28288
197,A,1.365,1,13650
197,B,2.1699999999999999,0,21700
198,A,1.5433000000000001,1,15433
198,B,2.2149000000000001,1,22149
199,A,1.6498000000000002,1,16498
199,B,1.5975000000000001,0,15975
200,A,1.0601,1,10601
200,B,1.0363,0,10363
201,A,0.60430000000000006,1,6043
201,B,1.9846000000000001,1,19846
202,A,0.48810000000000003,1,4881
202,B,1.1985000000000001,1,11985
203,A,1.4669000000000001,1,14669
203,B,2.4237000000000002,1,24237
204,A,0.56930000000000003,1,5693
204,B,0.95940000000000003,1,9594
205,A,0.53480000000000005,1,5348
205,B,0.85530000000000006,0,8553
206,A,0.79180000000000006,0,7918
206,B,0.52639999999999998,0,5264
207,A,0.3407,1,3407
207,B,2.3223000000000003,0,23223
208,A,0.34840000000000004,1,3484
208,B,1.4785000000000001,1,14785
209,A,0.39460000000000001,1,3946
209,B,0.77100000000000002,0,7710
210,A,0.35589999999999999,1,3559
210,B,0.4829,0,4829
211,A,0.77129999999999999,1,7713
211,B,0.52750000000000008,0,5275
212,A,0.72170000000000001,1,7217
212,B,1.9590000000000001,1,19590
213,A,1.0387,1,10387
213,B,1.7811000000000001,1,17811
214,A,0.56790000000000007,1,5679
214,B,0.39750000000000002,0,3975
215,A,0.76829999999999998,1,7683
215,B,0.76770000000000005,0,7677
216,A,0.28300000000000003,1,2830
216,B,0.2099,0,2099
217,A,0.92670000000000008,1,9267
217,B,1.4745000000000001,0,14745
218,A,0.85560000000000003,1,8556
218,B,1.4548000000000001,1,14548
219,A,1.0062,1,10062
219,B,2.6577000000000002,0,26577
220,A,0.83700000000000008,1,8370
220,B,0.092300000000000007,0,923
221,A,1.2931000000000001,1,12931
221,B,1.7386000000000001,1,17386
222,A,0.78650000000000009,1,7865
222,B,3.7381000000000002,0,37381
223,A,0.44340000000000002,1,4434
223,B,1.1597,0,11597
224,A,0.65290000000000004,1,6529
224,B,0.44160000000000005,0,4416
225,A,0.44590000000000002,1,4459
225,B,2.6028000000000002,0,26028
226,A,0.55310000000000004,1,5531
226,B,0.5665,0,5665
227,A,0.3735,1,3735
227,B,0.30130000000000001,0,3013
228,A,0.94510000000000005,1,9451
228,B,0.35300000000000004,0,3530
229,A,0.42010000000000003,1,4201
229,B,0.44040000000000001,0,4404
230,A,0.76929999999999998,1,7693
230,B,0.87360000000000004,0,8736
231,A,1.3286,1,13286
231,B,1.2082000000000002,1,12082
232,A,0.60580000000000001,1,6058
232,B,2.9364000000000003,1,29364
233,A,0.64510000000000001,1,6451
233,B,0.32519999999999999,0,3252
234,A,1.0403,1,10403
234,B,0.40600000000000003,0,4060
235,A,1.5252000000000001,1,15252
235,B,1.3728,1,13728
236,A,1.4394,1,14394
236,B,1.9525000000000001,1,19525
237,A,1.0366,1,10366
237,B,1.2390000000000001,0,12390
238,A,1.2203000000000002,1,12203
238,B,0.26119999999999999,0,2612
239,A,0.63040000000000007,1,6304
239,B,1.2442,0,12442
240,A,0.87080000000000002,1,8708
240,B,0.41400000000000003,0,4140
241,A,0.93149999999999999,1,9315
241,B,1.1677999999999999,0,11678
242,A,0.39530000000000004,1,3953
242,B,0.30360000000000004,0,3036
243,A,0.52590000000000003,1,5259
243,B,0.55510000000000004,0,5551
244,A,1.2133,1,12133
244,B,0.89370000000000005,0,8937
245,A,0.71820000000000006,1,7182
245,B,1.5165000000000002,0,15165
246,A,0.88850000000000007,1,8885
246,B,0.3034,0,3034
247,A,0.53649999999999998,1,5365
247,B,2.0901000000000001,1,20901
248,A,0.81540000000000001,1,8154
248,B,0.85680000000000001,1,8568
249,A,1.2077,1,12077
249,B,0.59210000000000007,0,5921
250,A,2.2582,1,22582
250,B,0.63100000000000001,0,6310
251,A,0.89500000000000002,1,8950
251,B,0.1583,0,1583
252,A,0.78620000000000001,1,7862
252,B,0.6875,1,6875
253,A,0.26750000000000002,1,2675
253,B,0.67470000000000008,1,6747
254,A,0.57620000000000005,1,5762
254,B,0.89450000000000007,1,8945
255,A,1.0519000000000001,1,10519
255,B,0.52010000000000001,0,5201
256,A,0.4657,1,4657
256,B,1.9899,0,19899
257,A,0.78250000000000008,1,7825
257,B,1.1641000000000001,0,11641
258,A,0.60530000000000006,1,6053
258,B,0.40810000000000002,0,4081
259,A,1.1337000000000002,1,11337
259,B,0.25509999999999999,0,2551
260,A,0.4254,1,4254
260,B,0.36870000000000003,0,3687
261,A,0.58379999999999999,1,5838
261,B,0.50740000000000007,0,5074
262,A,0.9224,1,9224
262,B,1.542,0,15420
263,A,1.1766000000000001,1,11766
263,B,0.3871,0,3871
264,A,0.4224,1,4224
264,B,0.56680000000000008,0,5668
265,A,0.83080000000000009,1,8308
265,B,1.3078000000000001,1,13078
266,A,0.93280000000000007,1,9328
266,B,0.25659999999999999,0,2566
267,A,0.93610000000000004,1,9361
267,B,0.2288,0,2288
268,A,0.54070000000000007,1,5407
268,B,2.0486,1,20486
269,A,0.27660000000000001,1,2766
269,B,0.73360000000000003,1,7336
270,A,0.8528,1,8528
270,B,0.4007,0,4007
271,A,0.77310000000000001,1,7731
271,B,2.6935000000000002,1,26935
272,A,1.3056000000000001,1,13056
272,B,1.4593,0,14593
273,A,1.1782000000000001,1,11782
273,B,1.9169,0,19169
274,A,1.0511000000000001,1,10511
274,B,0.34840000000000004,0,3484
275,A,0.40710000000000002,1,4071
275,B,0.69450000000000001,1,6945
276,A,0.4753,1,4753
276,B,1.6761000000000001,0,16761
277,A,1.0939000000000001,1,10939
277,B,0.81020000000000003,0,8102
278,A,0.5857,1,5857
278,B,0.44190000000000002,0,4419
279,A,1.7219,1,17219
279,B,1.8739000000000001,0,18739
280,A,0.39269999999999999,1,3927
280,B,0.24180000000000001,0,2418
281,A,0.75519999999999998,1,7552
281,B,0.59750000000000003,0,5975
282,A,1.9473,1,19473
282,B,0.94730000000000003,1,9473
283,A,0.51550000000000007,1,5155
283,B,2.0277000000000003,1,20277
284,A,0.61730000000000007,1,6173
284,B,1.8954000000000002,1,18954
285,A,1.0981000000000001,1,10981
285,B,3.5253000000000001,0,35253
286,A,0.64370000000000005,1,6437
286,B,2.6015999999999999,0,26016
287,A,0.70850000000000002,1,7085
287,B,0.63900000000000001,0,6390
288,A,0.39019999999999999,1,3902
288,B,1.7490000000000001,1,17490
289,A,0.82580000000000009,1,8258
289,B,1.5793000000000001,0,15793
290,A,0.36980000000000002,1,3698
290,B,1.0605,1,10605
291,A,0.57590000000000008,1,5759
291,B,0.4209,0,4209
292,A,0.54749999999999999,1,5475
292,B,1.4273,1,14273
293,A,0.79949999999999999,1,7995
293,B,2.2051000000000003,0,22051
294,A,0.76660000000000006,1,7666
294,B,0.35920000000000002,0,3592
295,A,0.44220000000000004,1,4422
295,B,0.4229,0,4229
296,A,0.61199999999999999,1,6120
296,B,5.2202000000000002,0,52202
297,A,0.45020000000000004,1,4502
297,B,0.73640000000000005,0,7364
298,A,0.62819999999999998,1,6282
298,B,1.4297,0,14297
299,A,1.0062,1,10062
299,B,1.216,0,12160
300,A,0.87880000000000003,1,8788
300,B,2.4925000000000002,1,24925
301,A,0.53870000000000007,1,5387
301,B,0.7641,1,7641
302,A,0.42700000000000005,0,4270
302,B,1.4533,1,14533
303,A,0.46450000000000002,1,4645
303,B,1.9166000000000001,0,19166
304,A,0.27979999999999999,1,2798
304,B,1.8496000000000001,0,18496
305,A,1.2096,1,12096
305,B,0.72210000000000008,0,7221
306,A,0.68490000000000006,1,6849
306,B,2.7641,0,27641
307,A,0.70550000000000002,1,7055
307,B,0.94700000000000006,0,9470
308,A,0.64280000000000004,1,6428
308,B,2.5179,1,25179
309,A,1.1891,1,11891
309,B,1.1926000000000001,1,11926
310,A,0.25209999999999999,0,2521
310,B,4.2463000000000006,1,42463
311,A,0.56640000000000001,1,5664
311,B,1.6681000000000001,1,16681
312,A,0.64460000000000006,1,6446
312,B,1.3912,1,13912
313,A,1.1213,1,11213
313,B,0.70130000000000003,0,7013
314,A,0.94880000000000009,1,9488
314,B,0.52270000000000005,0,5227
315,A,0.52550000000000008,1,5255
315,B,1.6953,0,16953
316,A,0.5202,1,5202
316,B,0.83540000000000003,0,8354
317,A,0.91770000000000007,1,9177
317,B,2.6387,0,26387
318,A,0.37090000000000001,1,3709
318,B,2.7157,0,27157
319,A,0.64750000000000008,1,6475
319,B,0.1767,0,1767
320,A,0.39410000000000001,1,3941
320,B,1.1733,0,11733
321,A,1.2384000000000002,1,12384
321,B,1.7657,0,17657
322,A,0.55110000000000003,1,5511
322,B,0.90070000000000006,1,9007
323,A,1.6826000000000001,1,16826
323,B,1.9723000000000002,1,19723
324,A,0.59850000000000003,1,5985
324,B,1.9765000000000001,0,19765
325,A,0.5292,1,5292
325,B,0.2472,0,2472
326,A,0.5544,1,5544
326,B,1.3492,0,13492
327,A,0.5625,1,5625
327,B,0.46390000000000003,0,4639
328,A,1.177,1,11770
328,B,2.0422000000000002,1,20422
329,A,0.79690000000000005,1,7969
329,B,0.47210000000000002,0,4721
330,A,0.75280000000000002,1,7528
330,B,0.47290000000000004,0,4729
331,A,0.1971,1,1971
331,B,0.45470000000000005,0,4547
332,A,0.34600000000000003,1,3460
332,B,1.8567,0,18567
333,A,0.58800000000000008,1,5880
333,B,0.54970000000000008,1,5497
334,A,1.0172000000000001,1,10172
334,B,1.5782,1,15782
335,A,0.57169999999999999,1,5717
335,B,0.34870000000000001,0,3487
336,A,1.3301000000000001,1,13301
336,B,1.5613000000000001,1,15613
337,A,0.71220000000000006,1,7122
337,B,1.1374,1,11374
338,A,0.10400000000000001,0,1040
338,B,0.61409999999999998,1,6141
339,A,0.8095,1,8095
339,B,0.75190000000000001,1,7519
340,A,0.38150000000000001,1,3815
340,B,2.2686999999999999,0,22687
341,A,0.3085,1,3085
341,B,0.6038,1,6038
342,A,0.53339999999999999,1,5334
342,B,0.90870000000000006,0,9087
343,A,0.49060000000000004,1,4906
343,B,6.4575000000000005,0,64575
344,A,1.2430000000000001,1,12430
344,B,0.29830000000000001,0,2983
345,A,1.1947000000000001,1,11947
345,B,1.0164,0,10164
346,A,1.4306000000000001,1,14306
346,B,1.4144000000000001,0,14144
347,A,0.3775,1,3775
347,B,1.6751,0,16751
348,A,0.4652,1,4652
348,B,4.0495000000000001,1,40495
349,A,1.8929,1,18929
349,B,0.63770000000000004,0,6377
350,A,0.72389999999999999,1,7239
350,B,0.879,0,8790
351,A,1.2829000000000002,1,12829
351,B,2.9548000000000001,1,29548
352,A,0.35260000000000002,1,3526
352,B,0.1835,0,1835
353,A,0.46740000000000004,1,4674
353,B,1.0448,1,10448
354,A,0.47450000000000003,1,4745
354,B,1.8139000000000001,1,18139
355,A,0.86099999999999999,1,8610
355,B,0.61130000000000007,0,6113
356,A,0.87860000000000005,1,8786
356,B,1.3096000000000001,1,13096
357,A,1.2084000000000001,1,12084
357,B,0.30260000000000004,0,3026
358,A,0.48040000000000005,1,4804
358,B,0.69610000000000005,0,6961
359,A,1.1782000000000001,1,11782
359,B,5.2556000000000003,1,52556
360,A,0.35370000000000001,1,3537
360,B,1.1281000000000001,0,11281
361,A,0.75319999999999998,1,7532
361,B,2.2972000000000001,1,22972
362,A,1.1533,1,11533
362,B,0.86230000000000007,0,8623
363,A,0.64980000000000004,1,6498
363,B,0.51150000000000007,1,5115
364,A,0.72030000000000005,1,7203
364,B,1.2628000000000001,0,12628
365,A,0.89190000000000003,1,8919
365,B,1.3932,0,13932
366,A,0.3322,1,3322
366,B,0.67659999999999998,1,6766
367,A,1.4905000000000002,1,14905
367,B,0.76019999999999999,0,7602
368,A,1.1216000000000002,1,11216
368,B,0.39810000000000001,0,3981
369,A,1.1609,1,11609
369,B,0.95500000000000007,0,9550
370,A,0.69140000000000001,1,6914
370,B,1.1664000000000001,0,11664
371,A,0.72140000000000004,1,7214
371,B,0.56879999999999997,1,5688
372,A,0.44770000000000004,1,4477
372,B,0.54520000000000002,0,5452
373,A,0.54900000000000004,1,5490
373,B,0.65790000000000004,0,6579
374,A,0.87850000000000006,1,8785
374,B,0.66070000000000007,0,6607
375,A,0.39080000000000004,1,3908
375,B,0.63550000000000006,0,6355
376,A,0.49580000000000002,1,4958
376,B,0.7883,0,7883
377,A,0.42080000000000001,1,4208
377,B,0.1613,0,1613
378,A,2.4456000000000002,1,24456
378,B,3.1182000000000003,0,31182
379,A,0.34690000000000004,1,3469
379,B,0.37820000000000004,0,3782
380,A,0.9919,1,9919
380,B,1.1246,0,11246
381,A,1.2229000000000001,1,12229
381,B,1.4258000000000002,0,14258
382,A,0.49250000000000005,1,4925
382,B,0.27160000000000001,0,2716
383,A,0.86070000000000002,1,8607
383,B,0.42720000000000002,0,4272
384,A,0.80020000000000002,1,8002
384,B,0.77870000000000006,0,7787
385,A,0.36810000000000004,0,3681
385,B,5.4365000000000006,0,54365
386,A,0.95650000000000002,1,9565
386,B,1.1783000000000001,0,11783
387,A,0.85260000000000002,0,8526
387,B,0.17600000000000002,0,1760
388,A,0.59970000000000001,1,5997
388,B,0.15640000000000001,0,1564
389,A,0.57620000000000005,1,5762
389,B,1.2594000000000001,0,12594
390,A,0.42360000000000003,1,4236
390,B,1.1926000000000001,0,11926
391,A,0.29710000000000003,1,2971
391,B,0.94740000000000002,0,9474
392,A,1.0332000000000001,1,10332
392,B,3.4159000000000002,1,34159
393,A,0.9506,1,9506
393,B,0.3982,0,3982
394,A,0.51390000000000002,1,5139
394,B,3.3203,0,33203
395,A,0.34370000000000001,1,3437
395,B,1.3989,1,13989
396,A,0.4481,1,4481
396,B,0.28789999999999999,0,2879
397,A,1.8501000000000001,1,18501
397,B,0.83760000000000001,0,8376
398,A,0.73070000000000002,1,7307
398,B,2.4685000000000001,1,24685
399,A,0.84840000000000004,1,8484
399,B,1.1937,1,11937
400,A,0.63380000000000003,1,6338
400,B,0.56469999999999998,0,5647
401,A,1.5001,1,15001
401,B,0.86770000000000003,0,8677
402,A,0.69569999999999999,1,6957
402,B,0.82830000000000004,1,8283
403,A,0.51429999999999998,1,5143
403,B,3.1153,0,31153
404,A,1.0566,1,10566
404,B,0.36760000000000004,0,3676
405,A,1.0050000000000001,1,10050
405,B,2.6101000000000001,0,26101
406,A,0.41560000000000002,1,4156
406,B,0.23340000000000002,0,2334
407,A,1.1173999999999999,1,11174
407,B,1.6584000000000001,0,16584
408,A,1.2337,1,12337
408,B,2.1379000000000001,1,21379
409,A,0.6452,1,6452
409,B,0.39690000000000003,0,3969
410,A,0.83030000000000004,1,8303
410,B,2.855,0,28550
411,A,0.58240000000000003,1,5824
411,B,1.4227000000000001,0,14227
412,A,0.52010000000000001,1,5201
412,B,1.1105,1,11105
413,A,1.9367000000000001,1,19367
413,B,0.88600000000000001,0,8860
414,A,0.66990000000000005,1,6699
414,B,0.26290000000000002,0,2629
415,A,1.2951000000000001,1,12951
415,B,0.3211,0,3211
416,A,0.54259999999999997,0,5426
416,B,1.6611,0,16611
417,A,0.66810000000000003,1,6681
417,B,0.60370000000000001,0,6037
418,A,0.77590000000000003,1,7759
418,B,1.1238000000000001,0,11238
419,A,0.59250000000000003,1,5925
419,B,0.69620000000000004,0,6962
420,A,1.8315000000000001,1,18315
420,B,1.3494000000000002,0,13494
421,A,0.93590000000000007,1,9359
421,B,1.6760000000000002,0,16760
422,A,0.60430000000000006,1,6043
422,B,7.1463000000000001,1,71463
423,A,0.36770000000000003,1,3677
423,B,0.60210000000000008,0,6021
424,A,0.46330000000000005,1,4633
424,B,1.0402,0,10402
425,A,1.0748,1,10748
425,B,1.3827,1,13827
426,A,0.16540000000000002,0,1654
426,B,0.43149999999999999,0,4315
427,A,1.5929,1,15929
427,B,0.5171,0,5171
428,A,0.67620000000000002,1,6762
428,B,0.41670000000000001,0,4167
429,A,1.2337,1,12337
429,B,0.95210000000000006,1,9521
430,A,0.71530000000000005,1,7153
430,B,2.3648000000000002,0,23648
431,A,0.50509999999999999,1,5051
431,B,0.25040000000000001,0,2504
432,A,0.87830000000000008,1,8783
432,B,0.2394,0,2394
433,A,2.2806999999999999,1,22807
433,B,0.42850000000000005,0,4285
434,A,0.38780000000000003,1,3878
434,B,5.0459000000000005,1,50459
435,A,0.32250000000000001,1,3225
435,B,1.1927000000000001,0,11927
436,A,1.0327999999999999,1,10328
436,B,0.86099999999999999,0,8610
437,A,0.8831,1,8831
437,B,1.7058,0,17058
438,A,1.0633000000000001,1,10633
438,B,0.3029,0,3029
439,A,0.51319999999999999,1,5132
439,B,0.74750000000000005,1,7475
440,A,0.57990000000000008,1,5799
440,B,2.3976999999999999,0,23977
441,A,0.98770000000000002,1,9877
441,B,1.1417000000000002,0,11417
442,A,0.23350000000000001,0,2335
442,B,1.0488999999999999,0,10489
443,A,0.75550000000000006,1,7555
443,B,0.47760000000000002,0,4776
444,A,0.31930000000000003,1,3193
444,B,1.4085000000000001,0,14085
445,A,1.2694000000000001,1,12694
445,B,0.29670000000000002,0,2967
446,A,0.57690000000000008,1,5769
446,B,0.58289999999999997,0,5829
447,A,0.60230000000000006,1,6023
447,B,1.1886000000000001,1,11886
448,A,0.3271,1,3271
448,B,0.51729999999999998,0,5173
449,A,1.7592000000000001,1,17592
449,B,0.61180000000000001,0,6118
450,A,0.80940000000000001,1,8094
450,B,1.6217000000000001,1,16217
451,A,1.8117000000000001,1,18117
451,B,0.29260000000000003,0,2926
452,A,0.62619999999999998,1,6262
452,B,0.81540000000000001,1,8154
453,A,1.4384000000000001,1,14384
453,B,0.46440000000000003,0,4644
454,A,1.3579000000000001,1,13579
454,B,2.8341000000000003,0,28341
455,A,0.66680000000000006,1,6668
455,B,0.98370000000000002,0,9837
456,A,1.6173000000000002,1,16173
456,B,0.53220000000000001,0,5322
457,A,0.27290000000000003,0,2729
457,B,2.1828000000000003,0,21828
458,A,0.99210000000000009,1,9921
458,B,0.3276,0,3276
459,A,2.6068000000000002,1,26068
459,B,0.3458,0,3458
460,A,0.70479999999999998,1,7048
460,B,0.75800000000000001,0,7580
461,A,0.21460000000000001,1,2146
461,B,0.67380000000000007,0,6738
462,A,1.087,1,10870
462,B,2.0590999999999999,1,20591
463,A,0.58550000000000002,1,5855
463,B,2.0425,1,20425
464,A,0.57910000000000006,1,5791
464,B,1.5592000000000001,0,15592
465,A,1.3896000000000002,1,13896
465,B,0.90460000000000007,0,9046
466,A,0.57240000000000002,0,5724
466,B,0.16820000000000002,0,1682
467,A,0.91980000000000006,1,9198
467,B,0.71650000000000003,0,7165
468,A,0.75280000000000002,1,7528
468,B,1.0853000000000002,0,10853
469,A,0.83110000000000006,1,8311
469,B,0.75700000000000001,0,7570
470,A,0.76019999999999999,1,7602
470,B,0.86499999999999999,0,8650
471,A,3.4672000000000001,1,34672
471,B,2.4502999999999999,0,24503
472,A,0.69740000000000002,1,6974
472,B,1.4431,0,14431
473,A,0.57730000000000004,1,5773
473,B,0.46929999999999999,0,4693
474,A,0.27390000000000003,0,2739
474,B,0.76280000000000003,0,7628
475,A,0.42060000000000003,1,4206
475,B,1.6417000000000002,0,16417
476,A,0.45710000000000001,1,4571
476,B,2.1273,0,21273
477,A,0.59750000000000003,1,5975
477,B,0.54649999999999999,0,5465
478,A,1.5766,1,15766
478,B,0.51539999999999997,0,5154
479,A,1.5157,1,15157
479,B,0.44030000000000002,0,4403
480,A,0.88940000000000008,1,8894
480,B,3.5087000000000002,0,35087
481,A,1.2099,1,12099
481,B,0.5323,0,5323
482,A,1.3115000000000001,1,13115
482,B,0.90980000000000005,0,9098
483,A,0.66050000000000009,1,6605
483,B,0.34320000000000001,0,3432
484,A,0.88080000000000003,1,8808
484,B,0.52710000000000001,0,5271
485,A,0.71660000000000001,1,7166
485,B,1.1494,0,11494
486,A,1.0389000000000002,1,10389
486,B,0.54459999999999997,0,5446
487,A,0.61470000000000002,1,6147
487,B,0.88870000000000005,1,8887
488,A,0.52600000000000002,1,5260
488,B,0.2737,0,2737
489,A,1.3793,1,13793
489,B,0.52980000000000005,0,5298
490,A,0.79310000000000003,1,7931
490,B,0.2631,0,2631
491,A,0.55980000000000008,0,5598
491,B,0.6885,0,6885
492,A,0.52490000000000003,0,5249
492,B,1.4955000000000001,1,14955
493,A,0.44330000000000003,1,4433
493,B,0.65510000000000002,1,6551
494,A,0.39730000000000004,1,3973
494,B,0.20770000000000002,0,2077
495,A,0.65280000000000005,1,6528
495,B,3.7585000000000002,1,37585
496,A,0.73340000000000005,1,7334
496,B,0.56410000000000005,1,5641
497,A,0.5494,1,5494
497,B,0.51029999999999998,0,5103
498,A,1.2213000000000001,1,12213
498,B,0.36990000000000001,0,3699
499,A,1.7147000000000001,1,17147
499,B,0.50880000000000003,0,5088
500,A,0.28570000000000001,1,2857
500,B,0.5786,1,5786
501,A,1.5055000000000001,1,15055
501,B,0.3211,0,3211
502,A,0.62780000000000002,1,6278
502,B,1.5771000000000002,0,15771
503,A,0.37240000000000001,0,3724
503,B,1.5603,0,15603
504,A,1.1335,0,11335
504,B,1.8858000000000001,0,18858
505,A,0.44620000000000004,1,4462
505,B,0.65539999999999998,1,6554
506,A,0.53300000000000003,1,5330
506,B,0.3579,0,3579
507,A,0.69430000000000003,1,6943
507,B,0.41950000000000004,0,4195
508,A,0.52010000000000001,1,5201
508,B,0.40080000000000005,1,4008
509,A,0.45330000000000004,1,4533
509,B,0.64660000000000006,0,6466
510,A,0.80390000000000006,1,8039
510,B,1.3035000000000001,0,13035
511,A,0.80940000000000001,1,8094
511,B,2.4058000000000002,0,24058
512,A,0.37530000000000002,1,3753
512,B,1.4354,0,14354
513,A,1.1122000000000001,1,11122
513,B,0.7994,0,7994
514,A,0.21640000000000001,1,2164
514,B,1.4399000000000002,0,14399
515,A,0.93810000000000004,1,9381
515,B,0.56020000000000003,0,5602
516,A,0.28550000000000003,1,2855
516,B,1.4297,0,14297
517,A,1.3324,1,13324
517,B,5.2514000000000003,1,52514
518,A,1.4128000000000001,1,14128
518,B,1.4986000000000002,1,14986
519,A,0.72530000000000006,1,7253
519,B,1.8410000000000002,0,18410
520,A,0.2928,1,2928
520,B,0.53480000000000005,1,5348
521,A,1.8417000000000001,1,18417
521,B,0.48630000000000001,0,4863
522,A,1.1109,1,11109
522,B,0.69680000000000009,0,6968
523,A,1.1568000000000001,1,11568
523,B,0.4657,0,4657
524,A,0.45320000000000005,1,4532
524,B,0.2185,0,2185
525,A,0.43460000000000004,1,4346
525,B,0.63840000000000008,1,6384
526,A,0.81890000000000007,1,8189
526,B,1.9718,1,19718
527,A,0.80300000000000005,1,8030
527,B,0.49880000000000002,0,4988
528,A,0.5837,1,5837
528,B,1.0928,0,10928
529,A,0.43790000000000001,1,4379
529,B,0.46890000000000004,0,4689
530,A,1.4963,1,14963
530,B,0.39050000000000001,0,3905
531,A,0.92200000000000004,1,9220
531,B,1.3526,0,13526
532,A,0.72450000000000003,1,7245
532,B,0.86180000000000001,0,8618
533,A,0.43720000000000003,1,4372
533,B,1.2373000000000001,0,12373
534,A,0.79910000000000003,1,7991
534,B,0.6179,0,6179
535,A,0.29100000000000004,1,2910
535,B,2.1835,0,21835
536,A,0.71179999999999999,1,7118
536,B,1.7547000000000001,0,17547
537,A,0.56120000000000003,1,5612
537,B,1.2297,0,12297
538,A,0.57840000000000003,1,5784
538,B,0.2681,0,2681
539,A,0.37780000000000002,1,3778
539,B,1.0848,0,10848
540,A,0.76660000000000006,1,7666
540,B,0.28300000000000003,0,2830
541,A,0.26180000000000003,0,2618
541,B,1.1028,0,11028
542,A,0.74209999999999998,1,7421
542,B,0.69320000000000004,0,6932
543,A,0.38240000000000002,1,3824
543,B,1.7549000000000001,0,17549
544,A,0.3931,1,3931
544,B,0.52090000000000003,0,5209
545,A,0.62570000000000003,1,6257
545,B,0.77840000000000009,0,7784
546,A,0.34760000000000002,1,3476
546,B,2.6694,1,26694
547,A,0.60030000000000006,1,6003
547,B,0.9798,0,9798
548,A,0.4577,1,4577
548,B,0.41010000000000002,1,4101
549,A,0.71610000000000007,1,7161
549,B,0.54859999999999998,0,5486
550,A,0.73699999999999999,1,7370
550,B,0.67959999999999998,1,6796
551,A,0.51580000000000004,1,5158
551,B,0.19640000000000002,0,1964
552,A,1.0943000000000001,1,10943
552,B,0.37780000000000002,0,3778
553,A,1.8578000000000001,1,18578
553,B,0.34640000000000004,0,3464
554,A,1.3186,1,13186
554,B,0.58169999999999999,1,5817
555,A,0.50570000000000004,1,5057
555,B,1.3541000000000001,0,13541
556,A,0.52680000000000005,1,5268
556,B,1.4613,0,14613
557,A,0.41660000000000003,1,4166
557,B,0.4622,0,4622
558,A,0.88800000000000001,1,8880
558,B,0.74370000000000003,0,7437
559,A,0.4718,1,4718
559,B,0.15160000000000001,0,1516
560,A,0.95320000000000005,1,9532
560,B,0.35320000000000001,0,3532
561,A,0.53590000000000004,1,5359
561,B,2.1545000000000001,0,21545
562,A,1.0225,1,10225
562,B,1.5857000000000001,1,15857
563,A,1.4225000000000001,1,14225
563,B,0.57379999999999998,0,5738
564,A,1.2711000000000001,1,12711
564,B,0.36660000000000004,0,3666
565,A,0.49770000000000003,1,4977
565,B,0.24600000000000002,0,2460
566,A,0.78280000000000005,1,7828
566,B,0.36510000000000004,0,3651
567,A,0.68190000000000006,1,6819
567,B,0.69300000000000006,0,6930
568,A,1.0558000000000001,1,10558
568,B,1.0779000000000001,0,10779
569,A,0.62719999999999998,1,6272
569,B,0.55810000000000004,0,5581
570,A,0.51340000000000008,1,5134
570,B,1.6204000000000001,0,16204
571,A,0.48720000000000002,1,4872
571,B,0.37380000000000002,0,3738
572,A,0.38480000000000003,1,3848
572,B,2.2235,1,22235
573,A,1.2273000000000001,1,12273
573,B,1.0008000000000001,0,10008
574,A,1.3464,1,13464
574,B,0.28060000000000002,0,2806
575,A,0.79920000000000002,1,7992
575,B,0.37790000000000001,0,3779
576,A,0.45490000000000003,1,4549
576,B,0.75609999999999999,0,7561
577,A,0.501,0,5010
577,B,0.88060000000000005,0,8806
578,A,0.38400000000000001,1,3840
578,B,1.0061,1,10061
579,A,0.49280000000000002,1,4928
579,B,0.59670000000000001,0,5967
580,A,0.94780000000000009,1,9478
580,B,0.75250000000000006,0,7525
581,A,0.76480000000000004,1,7648
581,B,1.1861000000000002,0,11861
582,A,2.6135000000000002,1,26135
582,B,0.48450000000000004,0,4845
583,A,0.29200000000000004,1,2920
583,B,1.2206000000000001,0,12206
584,A,0.97100000000000009,0,9710
584,B,0.82769999999999999,0,8277
585,A,0.69110000000000005,1,6911
585,B,2.6633,1,26633
586,A,0.80370000000000008,1,8037
586,B,0.78160000000000007,0,7816
587,A,0.99790000000000001,1,9979
587,B,0.4899,0,4899
588,A,0.66760000000000008,1,6676
588,B,0.38640000000000002,0,3864
589,A,0.47970000000000002,1,4797
589,B,1.8150000000000002,1,18150
590,A,0.43570000000000003,1,4357
590,B,0.27810000000000001,0,2781
591,A,0.38630000000000003,1,3863
591,B,2.4205000000000001,0,24205
592,A,0.81950000000000001,1,8195
592,B,1.4277,0,14277
593,A,0.87070000000000003,1,8707
593,B,1.3001,0,13001
594,A,0.69610000000000005,1,6961
594,B,3.5657000000000001,0,35657
595,A,0.70910000000000006,1,7091
595,B,0.79400000000000004,1,7940
596,A,0.7762,1,7762
596,B,2.1496,1,21496
597,A,1.1228,1,11228
597,B,0.4526,0,4526
598,A,1.3694000000000002,1,13694
598,B,0.54570000000000007,0,5457
599,A,0.62030000000000007,1,6203
599,B,0.76150000000000007,1,7615
600,A,0.97910000000000008,1,9791
600,B,0.88400000000000001,0,8840
601,A,1.1040000000000001,1,11040
601,B,2.3502000000000001,0,23502
602,A,0.59279999999999999,1,5928
602,B,1.0527,0,10527
603,A,0.82420000000000004,1,8242
603,B,1.5877000000000001,0,15877
604,A,0.65310000000000001,1,6531
604,B,1.4132,0,14132
605,A,0.34810000000000002,1,3481
605,B,1.5336000000000001,1,15336
606,A,0.85670000000000002,1,8567
606,B,0.1933,0,1933
607,A,1.0763,1,10763
607,B,1.4175,0,14175
608,A,0.55569999999999997,1,5557
608,B,1.3754,0,13754
609,A,1.3419000000000001,1,13419
609,B,0.35000000000000003,0,3500
610,A,0.74780000000000002,1,7478
610,B,0.31109999999999999,0,3111
611,A,0.64490000000000003,1,6449
611,B,0.42320000000000002,0,4232
612,A,0.9153,1,9153
612,B,5.6783000000000001,0,56783
613,A,1.3476000000000001,1,13476
613,B,2.8936999999999999,0,28937
614,A,1.1001000000000001,1,11001
614,B,0.48630000000000001,0,4863
615,A,0.78000000000000003,1,7800
615,B,3.9087000000000001,0,39087
616,A,0.60899999999999999,1,6090
616,B,2.4580000000000002,1,24580
617,A,0.82710000000000006,1,8271
617,B,1.4805000000000001,0,14805
618,A,0.83390000000000009,1,8339
618,B,0.2238,0,2238
619,A,1.3005,1,13005
619,B,0.40960000000000002,0,4096
620,A,1.0012000000000001,1,10012
620,B,0.34440000000000004,0,3444
621,A,0.85980000000000001,1,8598
621,B,1.0434000000000001,0,10434
622,A,0.7893,1,7893
622,B,0.65200000000000002,0,6520
623,A,1.5873000000000002,1,15873
623,B,0.29189999999999999,0,2919
624,A,1.2419,1,12419
624,B,0.49940000000000001,0,4994
625,A,0.83840000000000003,1,8384
625,B,0.1822,0,1822
626,A,0.51280000000000003,1,5128
626,B,1.0810999999999999,0,10811
627,A,0.48210000000000003,1,4821
627,B,0.79270000000000007,0,7927
628,A,0.47760000000000002,1,4776
628,B,2.9993000000000003,1,29993
629,A,0.34710000000000002,1,3471
629,B,0.32130000000000003,0,3213
630,A,0.30760000000000004,1,3076
630,B,0.83930000000000005,0,8393
631,A,0.76560000000000006,1,7656
631,B,1.0548999999999999,0,10549
632,A,0.52390000000000003,1,5239
632,B,0.69259999999999999,0,6926
633,A,0.94070000000000009,1,9407
633,B,1.8089000000000002,0,18089
634,A,0.5111,1,5111
634,B,1.266,0,12660
635,A,0.31820000000000004,1,3182
635,B,0.84040000000000004,0,8404
636,A,1.0956000000000001,1,10956
636,B,2.1707000000000001,0,21707
637,A,0.88350000000000006,1,8835
637,B,0.67370000000000008,0,6737
638,A,0.48980000000000001,1,4898
638,B,0.6845,0,6845
639,A,0.51100000000000001,1,5110
639,B,1.1125,0,11125
640,A,0.68180000000000007,0,6818
640,B,2.6444000000000001,0,26444
641,A,0.80270000000000008,1,8027
641,B,0.8891,1,8891
642,A,0.84700000000000009,1,8470
642,B,0.39200000000000002,0,3920
643,A,0.63030000000000008,1,6303
643,B,1.4809000000000001,0,14809
644,A,0.97800000000000009,1,9780
644,B,2.2479,1,22479
645,A,0.54780000000000006,1,5478
645,B,0.94280000000000008,0,9428
646,A,0.65439999999999998,1,6544
646,B,2.3915999999999999,0,23916
647,A,0.5968,1,5968
647,B,0.56900000000000006,0,5690
648,A,0.55110000000000003,1,5511
648,B,1.5771000000000002,0,15771
649,A,1.8269000000000002,1,18269
649,B,0.56950000000000001,0,5695
650,A,0.93990000000000007,1,9399
650,B,0.18090000000000001,0,1809
651,A,0.9597,1,9597
651,B,0.90670000000000006,0,9067
652,A,0.95930000000000004,1,9593
652,B,0.38320000000000004,0,3832
653,A,0.88250000000000006,1,8825
653,B,0.9487000000000001,0,9487
654,A,0.78990000000000005,1,7899
654,B,2.3023000000000002,1,23023
655,A,0.57290000000000008,1,5729
655,B,0.40750000000000003,0,4075
656,A,1.054,1,10540
656,B,0.41770000000000002,0,4177
657,A,0.69590000000000007,1,6959
657,B,1.4953000000000001,0,14953
658,A,0.92290000000000005,1,9229
658,B,1.8470000000000002,1,18470
659,A,0.7984,1,7984
659,B,1.2470000000000001,1,12470
660,A,0.98760000000000003,1,9876
660,B,1.8243,0,18243
661,A,1.093,1,10930
661,B,0.95710000000000006,1,9571
662,A,0.82780000000000009,1,8278
662,B,0.73010000000000008,0,7301
663,A,0.9758,1,9758
663,B,1.0874000000000001,0,10874
664,A,0.27379999999999999,1,2738
664,B,0.75740000000000007,0,7574
665,A,0.39380000000000004,0,3938
665,B,0.20330000000000001,0,2033
666,A,0.87840000000000007,1,8784
666,B,1.7306000000000001,0,17306
667,A,0.62740000000000007,1,6274
667,B,1.4872000000000001,1,14872
668,A,0.57500000000000007,1,5750
668,B,0.59140000000000004,0,5914
669,A,0.48920000000000002,0,4892
669,B,1.2003000000000001,0,12003
670,A,1.0222,1,10222
670,B,0.9143,0,9143
671,A,1.6475000000000002,1,16475
671,B,0.68630000000000002,0,6863
672,A,0.8639,1,8639
672,B,0.50070000000000003,0,5007
673,A,0.72799999999999998,1,7280
673,B,3.6554000000000002,0,36554
674,A,1.2773000000000001,1,12773
674,B,1.6496000000000002,1,16496
675,A,1.0193000000000001,1,10193
675,B,0.29970000000000002,0,2997
676,A,1.1020000000000001,1,11020
676,B,1.9053,1,19053
677,A,0.57500000000000007,1,5750
677,B,3.6781000000000001,1,36781
678,A,0.7258,1,7258
678,B,0.28889999999999999,0,2889
679,A,0.69900000000000007,1,6990
679,B,0.88490000000000002,0,8849
680,A,1.0575000000000001,1,10575
680,B,1.1362000000000001,0,11362
681,A,0.53190000000000004,1,5319
681,B,2.2282000000000002,0,22282
682,A,0.51780000000000004,1,5178
682,B,2.7373000000000003,0,27373
683,A,0.27210000000000001,1,2721
683,B,0.4259,0,4259
684,A,0.95050000000000001,1,9505
684,B,0.31820000000000004,0,3182
685,A,0.5887,1,5887
685,B,0.58140000000000003,0,5814
686,A,1.2637,1,12637
686,B,1.1536999999999999,1,11537
687,A,0.42220000000000002,1,4222
687,B,0.59370000000000001,0,5937
688,A,0.92060000000000008,1,9206
688,B,1.1621000000000001,0,11621
689,A,0.92949999999999999,1,9295
689,B,0.53049999999999997,0,5305
690,A,0.85540000000000005,1,8554
690,B,0.77980000000000005,0,7798
691,A,0.88260000000000005,1,8826
691,B,0.95640000000000003,1,9564
692,A,0.66300000000000003,1,6630
692,B,1.0676000000000001,0,10676
693,A,1.3946000000000001,1,13946
693,B,0.5585,0,5585
694,A,1.1391,1,11391
694,B,3.0665,0,30665
695,A,0.31070000000000003,1,3107
695,B,0.66239999999999999,0,6624
696,A,0.46700000000000003,1,4670
696,B,0.69480000000000008,0,6948
697,A,0.93620000000000003,1,9362
697,B,1.3957000000000002,1,13957
698,A,1.1325000000000001,1,11325
698,B,0.48670000000000002,0,4867
699,A,0.95960000000000001,1,9596
699,B,0.98930000000000007,0,9893
700,A,1.1889000000000001,1,11889
700,B,0.50060000000000004,0,5006
701,A,0.75360000000000005,1,7536
701,B,0.50509999999999999,1,5051
702,A,0.79800000000000004,1,7980
702,B,1.1301000000000001,0,11301
703,A,0.21310000000000001,1,2131
703,B,0.72650000000000003,0,7265
704,A,0.74360000000000004,1,7436
704,B,1.3314000000000001,1,13314
705,A,0.93020000000000003,1,9302
705,B,3.6968000000000001,1,36968
706,A,1.0261,1,10261
706,B,3.0505,0,30505
707,A,1.3599000000000001,1,13599
707,B,0.88470000000000004,0,8847
708,A,0.60540000000000005,1,6054
708,B,1.3840000000000001,1,13840
709,A,0.63470000000000004,1,6347
709,B,2.5783,1,25783
710,A,0.50380000000000003,1,5038
710,B,0.66710000000000003,1,6671
711,A,1.0648,1,10648
711,B,2.4584999999999999,1,24585
712,A,0.89070000000000005,1,8907
712,B,3.9859,0,39859
713,A,0.20450000000000002,1,2045
713,B,1.4709000000000001,1,14709
714,A,0.66920000000000002,1,6692
714,B,4.3940999999999999,0,43941
715,A,0.77740000000000009,1,7774
715,B,2.4131,0,24131
716,A,1.1212,1,11212
716,B,1.2248000000000001,0,12248
717,A,1.1571,1,11571
717,B,0.60599999999999998,0,6060
718,A,0.39430000000000004,1,3943
718,B,0.78290000000000004,1,7829
719,A,1.3229,1,13229
719,B,2.1297999999999999,0,21298
720,A,0.43530000000000002,1,4353
720,B,2.0798000000000001,0,20798
721,A,0.67970000000000008,1,6797
721,B,1.0570000000000002,0,10570
722,A,3.1664000000000003,1,31664
722,B,1.1822000000000001,0,11822
723,A,0.92200000000000004,1,9220
723,B,1.4596,1,14596
724,A,1.8335000000000001,1,18335
724,B,2.1040000000000001,0,21040
725,A,1.2029000000000001,1,12029
725,B,0.4284,0,4284
726,A,0.60540000000000005,1,6054
726,B,0.35070000000000001,0,3507
727,A,0.88200000000000001,1,8820
727,B,0.52960000000000007,0,5296
728,A,0.61099999999999999,1,6110
728,B,3.4261000000000004,0,34261
729,A,0.50329999999999997,1,5033
729,B,1.0799000000000001,0,10799
730,A,0.99270000000000003,1,9927
730,B,1.9815,1,19815
731,A,0.2316,1,2316
731,B,2.5230000000000001,0,25230
732,A,0.5696,1,5696
732,B,0.53539999999999999,0,5354
733,A,0.37420000000000003,1,3742
733,B,2.5682,0,25682
734,A,2.0139,1,20139
734,B,0.96210000000000007,0,9621
735,A,1.3417000000000001,1,13417
735,B,0.53270000000000006,0,5327
736,A,0.73540000000000005,1,7354
736,B,0.78710000000000002,1,7871
737,A,1.1000000000000001,1,11000
737,B,0.44590000000000002,0,4459
738,A,1.6044,1,16044
738,B,0.24640000000000001,0,2464
739,A,0.46820000000000001,1,4682
739,B,0.36460000000000004,0,3646
740,A,1.7952000000000001,1,17952
740,B,4.9333,0,49333
741,A,1.2049000000000001,1,12049
741,B,0.89200000000000002,1,8920
742,A,0.28150000000000003,1,2815
742,B,3.2261000000000002,0,32261
743,A,0.45550000000000002,1,4555
743,B,0.85000000000000009,1,8500
744,A,0.87170000000000003,1,8717
744,B,0.73799999999999999,0,7380
745,A,0.37160000000000004,0,3716
745,B,1.6241000000000001,0,16241
746,A,0.45280000000000004,0,4528
746,B,0.56590000000000007,0,5659
747,A,1.0012000000000001,1,10012
747,B,0.28760000000000002,0,2876
748,A,0.58169999999999999,1,5817
748,B,0.30530000000000002,0,3053
749,A,0.44580000000000003,1,4458
749,B,0.92960000000000009,1,9296
750,A,0.7046,1,7046
750,B,1.7110000000000001,0,17110
751,A,0.4395,1,4395
751,B,1.3382000000000001,0,13382
752,A,0.32080000000000003,1,3208
752,B,1.3601000000000001,0,13601
753,A,0.7581,1,7581
753,B,3.1283000000000003,1,31283
754,A,0.94880000000000009,1,9488
754,B,0.54249999999999998,0,5425
755,A,0.61770000000000003,1,6177
755,B,1.0526,0,10526
756,A,0.37709999999999999,1,3771
756,B,1.2829000000000002,1,12829
757,A,0.60340000000000005,1,6034
757,B,3.0019,0,30019
758,A,0.70090000000000008,1,7009
758,B,1.1354,1,11354
759,A,0.97230000000000005,1,9723
759,B,1.6437000000000002,1,16437
760,A,1.3885000000000001,1,13885
760,B,0.38059999999999999,0,3806
761,A,0.63090000000000002,1,6309
761,B,0.71560000000000001,0,7156
762,A,1.0611000000000002,1,10611
762,B,0.29370000000000002,0,2937
763,A,0.95790000000000008,1,9579
763,B,1.3468,0,13468
764,A,0.4531,1,4531
764,B,0.56020000000000003,1,5602
765,A,1.103,1,11030
765,B,3.3956,1,33956
766,A,1.2538,1,12538
766,B,0.99530000000000007,0,9953
767,A,1.3698000000000001,1,13698
767,B,0.34850000000000003,0,3485
768,A,0.28989999999999999,0,2899
768,B,0.55959999999999999,0,5596
769,A,1.2499,1,12499
769,B,0.84740000000000004,1,8474
770,A,0.67360000000000009,1,6736
770,B,0.7732,1,7732
771,A,0.82220000000000004,1,8222
771,B,0.21340000000000001,0,2134
772,A,0.87360000000000004,1,8736
772,B,1.5222,0,15222
773,A,1.3435000000000001,1,13435
773,B,0.39200000000000002,0,3920
774,A,0.83310000000000006,1,8331
774,B,0.89419999999999999,1,8942
775,A,0.73370000000000002,1,7337
775,B,1.1266,0,11266
776,A,0.91700000000000004,1,9170
776,B,0.3513,0,3513
777,A,0.90860000000000007,1,9086
777,B,1.1164000000000001,1,11164
778,A,0.29520000000000002,1,2952
778,B,0.19,0,1900
779,A,0.29870000000000002,1,2987
779,B,1.3621000000000001,0,13621
780,A,0.37809999999999999,1,3781
780,B,0.63919999999999999,0,6392
781,A,0.67930000000000001,1,6793
781,B,2.8592,0,28592
782,A,0.31180000000000002,0,3118
782,B,0.3417,0,3417
783,A,0.63580000000000003,1,6358
783,B,3.1879,1,31879
784,A,1.3986000000000001,1,13986
784,B,0.6371,0,6371
785,A,0.78150000000000008,1,7815
785,B,2.2991999999999999,0,22992
786,A,0.51240000000000008,1,5124
786,B,0.20570000000000002,0,2057
787,A,0.57369999999999999,1,5737
787,B,0.54810000000000003,0,5481
788,A,0.48510000000000003,1,4851
788,B,1.0583,0,10583
789,A,0.95100000000000007,1,9510
789,B,0.94610000000000005,0,9461
790,A,1.1830000000000001,1,11830
790,B,1.3042,0,13042
791,A,1.6211,1,16211
791,B,0.56130000000000002,0,5613
792,A,0.81570000000000009,1,8157
792,B,0.28370000000000001,0,2837
793,A,1.3119000000000001,1,13119
793,B,1.2704,0,12704
794,A,0.68390000000000006,1,6839
794,B,0.71190000000000009,0,7119
795,A,0.57990000000000008,1,5799
795,B,0.91180000000000005,0,9118
796,A,0.4874,1,4874
796,B,0.88580000000000003,1,8858
797,A,1.4066000000000001,1,14066
797,B,0.61530000000000007,0,6153
798,A,0.39250000000000002,1,3925
798,B,2.9707000000000003,1,29707
799,A,0.47220000000000001,1,4722
799,B,1.8958000000000002,1,18958
800,A,0.52080000000000004,1,5208
800,B,0.42770000000000002,1,4277
801,A,0.71330000000000005,1,7133
801,B,1.8134000000000001,0,18134
802,A,0.33840000000000003,1,3384
802,B,0.86410000000000009,0,8641
803,A,0.4647,1,4647
803,B,4.2857000000000003,0,42857
804,A,0.94780000000000009,1,9478
804,B,0.28320000000000001,0,2832
805,A,0.31570000000000004,0,3157
805,B,0.2596,0,2596
806,A,0.83830000000000005,1,8383
806,B,1.3261000000000001,1,13261
807,A,0.90890000000000004,1,9089
807,B,0.80260000000000009,1,8026
808,A,1.1164000000000001,1,11164
808,B,0.74630000000000007,0,7463
809,A,1.0396000000000001,1,10396
809,B,3.6428000000000003,0,36428
810,A,0.71050000000000002,1,7105
810,B,0.85760000000000003,0,8576
811,A,1.0067000000000002,1,10067
811,B,3.2056,1,32056
812,A,0.70479999999999998,1,7048
812,B,0.55349999999999999,0,5535
813,A,0.99050000000000005,1,9905
813,B,0.42900000000000005,0,4290
814,A,0.73160000000000003,1,7316
814,B,0.58069999999999999,0,5807
815,A,1.7327000000000001,1,17327
815,B,1.0229000000000001,1,10229
816,A,1.2383,1,12383
816,B,0.42880000000000001,0,4288
817,A,1.8904000000000001,1,18904
817,B,1.6224000000000001,1,16224
818,A,0.60270000000000001,0,6027
818,B,0.92090000000000005,0,9209
819,A,0.23630000000000001,1,2363
819,B,0.70050000000000001,1,7005
820,A,0.75490000000000002,1,7549
820,B,0.54959999999999998,0,5496
821,A,1.3581000000000001,1,13581
821,B,2.0301,0,20301
822,A,1.0390000000000001,1,10390
822,B,0.90029999999999999,1,9003
823,A,0.91650000000000009,1,9165
823,B,3.5565000000000002,1,35565
824,A,0.87990000000000002,1,8799
824,B,0.44430000000000003,0,4443
825,A,0.51980000000000004,1,5198
825,B,1.3805000000000001,1,13805
826,A,1.2131000000000001,1,12131
826,B,0.73740000000000006,0,7374
827,A,0.69469999999999998,1,6947
827,B,0.30170000000000002,0,3017
828,A,0.68580000000000008,1,6858
828,B,2.0496000000000003,1,20496
829,A,0.58710000000000007,1,5871
829,B,1.3860000000000001,0,13860
830,A,1.0897000000000001,1,10897
830,B,0.29120000000000001,0,2912
831,A,0.4007,1,4007
831,B,1.1881000000000002,0,11881
832,A,0.61890000000000001,1,6189
832,B,0.30920000000000003,0,3092
833,A,0.52660000000000007,1,5266
833,B,4.6111000000000004,1,46111
834,A,1.228,1,12280
834,B,0.81170000000000009,0,8117
835,A,1.1507000000000001,1,11507
835,B,0.54820000000000002,0,5482
836,A,0.54770000000000008,1,5477
836,B,0.75370000000000004,0,7537
837,A,0.78000000000000003,1,7800
837,B,0.621,0,6210
838,A,0.74750000000000005,1,7475
838,B,0.64590000000000003,1,6459
839,A,0.70010000000000006,0,7001
839,B,0.9365,1,9365
840,A,0.3947,0,3947
840,B,0.5282,0,5282
841,A,2.0742000000000003,1,20742
841,B,0.73910000000000009,1,7391
842,A,0.36890000000000001,1,3689
842,B,1.8555000000000001,0,18555
843,A,2.0754999999999999,1,20755
843,B,3.3409,1,33409
844,A,0.62819999999999998,1,6282
844,B,1.028,0,10280
845,A,3.1722000000000001,1,31722
845,B,4.5853999999999999,1,45854
846,A,0.46530000000000005,1,4653
846,B,0.79310000000000003,0,7931
847,A,0.67749999999999999,0,6775
847,B,0.54010000000000002,1,5401
848,A,0.98730000000000007,1,9873
848,B,1.8692000000000002,0,18692
849,A,1.2528000000000001,1,12528
849,B,0.60880000000000001,0,6088
850,A,0.59720000000000006,1,5972
850,B,1.5145000000000002,0,15145
851,A,0.96210000000000007,1,9621
851,B,0.75140000000000007,1,7514
852,A,1.4412,1,14412
852,B,0.17400000000000002,0,1740
853,A,0.62280000000000002,1,6228
853,B,0.47900000000000004,0,4790
854,A,0.84290000000000009,1,8429
854,B,0.97670000000000001,1,9767
855,A,1.2211000000000001,1,12211
855,B,2.5266000000000002,0,25266
856,A,0.43260000000000004,1,4326
856,B,0.61140000000000005,0,6114
857,A,0.2485,0,2485
857,B,2.3309000000000002,0,23309
858,A,2.4740000000000002,1,24740
858,B,1.3118000000000001,0,13118
859,A,0.76650000000000007,1,7665
859,B,0.17910000000000001,0,1791
860,A,0.42580000000000001,1,4258
860,B,2.0868000000000002,1,20868
861,A,1.3458000000000001,1,13458
861,B,0.95010000000000006,0,9501
862,A,0.62440000000000007,1,6244
862,B,2.6137000000000001,1,26137
863,A,0.87809999999999999,1,8781
863,B,1.6552,0,16552
864,A,0.56410000000000005,1,5641
864,B,0.32370000000000004,0,3237
865,A,0.80070000000000008,1,8007
865,B,4.3647999999999998,0,43648
866,A,1.2654000000000001,1,12654
866,B,0.62530000000000008,0,6253
867,A,0.48750000000000004,1,4875
867,B,0.3674,0,3674
868,A,0.36420000000000002,1,3642
868,B,1.107,0,11070
869,A,0.97220000000000006,1,9722
869,B,0.309,0,3090
870,A,1.3533000000000002,1,13533
870,B,1.1283000000000001,0,11283
871,A,1.044,1,10440
871,B,1.4096,1,14096
872,A,0.41370000000000001,1,4137
872,B,0.22620000000000001,0,2262
873,A,0.7954,1,7954
873,B,0.54630000000000001,0,5463
874,A,0.60610000000000008,1,6061
874,B,2.2798000000000003,1,22798
875,A,1.3055000000000001,1,13055
875,B,2.0939000000000001,0,20939
876,A,1.4036,1,14036
876,B,1.3178000000000001,0,13178
877,A,0.53820000000000001,1,5382
877,B,0.40920000000000001,0,4092
878,A,1.7698,1,17698
878,B,0.5958,0,5958
879,A,2.0653999999999999,1,20654
879,B,0.57640000000000002,0,5764
880,A,1.2279,1,12279
880,B,0.78420000000000001,0,7842
881,A,1.4433,1,14433
881,B,1.885,1,18850
882,A,1.6463000000000001,1,16463
882,B,0.28500000000000003,0,2850
883,A,0.73760000000000003,1,7376
883,B,0.80470000000000008,1,8047
884,A,0.91590000000000005,1,9159
884,B,2.1760000000000002,0,21760
885,A,0.52390000000000003,1,5239
885,B,0.10450000000000001,0,1045
886,A,1.3142,1,13142
886,B,1.1911,0,11911
887,A,0.78410000000000002,1,7841
887,B,0.217,0,2170
888,A,0.78670000000000007,1,7867
888,B,0.36220000000000002,0,3622
889,A,0.51350000000000007,1,5135
889,B,0.52470000000000006,0,5247
890,A,0.36820000000000003,1,3682
890,B,0.22750000000000001,0,2275
891,A,0.77480000000000004,1,7748
891,B,0.48050000000000004,0,4805
892,A,0.67890000000000006,1,6789
892,B,0.54890000000000005,0,5489
893,A,0.7006,1,7006
893,B,0.26590000000000003,0,2659
894,A,0.50470000000000004,1,5047
894,B,1.1055000000000001,0,11055
895,A,0.71850000000000003,1,7185
895,B,0.37840000000000001,0,3784
896,A,0.4763,1,4763
896,B,1.5978000000000001,0,15978
897,A,0.32769999999999999,1,3277
897,B,0.6421,0,6421
898,A,0.6885,1,6885
898,B,0.50329999999999997,0,5033
899,A,0.41889999999999999,1,4189
899,B,2.1507000000000001,0,21507
900,A,0.94450000000000001,1,9445
900,B,1.3160000000000001,1,13160
901,A,1.4938,1,14938
901,B,1.0508999999999999,1,10509
902,A,0.76430000000000009,1,7643
902,B,1.8192000000000002,1,18192
903,A,0.44850000000000001,1,4485
903,B,0.152,0,1520
904,A,0.79349999999999998,1,7935
904,B,1.7858000000000001,0,17858
905,A,0.78820000000000001,1,7882
905,B,2.0996999999999999,0,20997
906,A,0.62970000000000004,1,6297
906,B,0.34250000000000003,0,3425
907,A,0.74909999999999999,1,7491
907,B,0.19700000000000001,0,1970
908,A,0.69780000000000009,0,6978
908,B,0.99320000000000008,0,9932
909,A,0.89810000000000001,1,8981
909,B,0.77040000000000008,0,7704
910,A,0.96020000000000005,1,9602
910,B,0.68840000000000001,0,6884
911,A,0.63119999999999998,1,6312
911,B,0.1724,0,1724
912,A,1.4484000000000001,1,14484
912,B,1.3594000000000002,1,13594
913,A,0.64080000000000004,1,6408
913,B,0.76030000000000009,0,7603
914,A,0.8397,1,8397
914,B,0.25819999999999999,0,2582
915,A,0.36930000000000002,1,3693
915,B,1.5101,1,15101
916,A,0.43910000000000005,1,4391
916,B,0.69450000000000001,1,6945
917,A,0.75919999999999999,1,7592
917,B,1.3581000000000001,0,13581
918,A,1.1461000000000001,1,11461
918,B,0.75619999999999998,0,7562
919,A,1.2219,1,12219
919,B,3.1524000000000001,1,31524
920,A,1.2371000000000001,1,12371
920,B,0.9103,0,9103
921,A,1.6193000000000002,1,16193
921,B,0.28460000000000002,0,2846
922,A,0.82010000000000005,1,8201
922,B,1.0608,1,10608
923,A,0.61570000000000003,1,6157
923,B,0.20400000000000001,0,2040
924,A,0.3417,0,3417
924,B,1.0386,1,10386
925,A,0.74740000000000006,1,7474
925,B,1.9539000000000002,1,19539
926,A,0.91670000000000007,1,9167
926,B,0.45750000000000002,0,4575
927,A,0.76400000000000001,1,7640
927,B,1.4081000000000001,1,14081
928,A,1.3374000000000001,0,13374
928,B,3.2453000000000003,1,32453
929,A,0.76970000000000005,1,7697
929,B,1.0010000000000001,0,10010
930,A,0.40150000000000002,1,4015
930,B,0.65780000000000005,0,6578
931,A,0.82400000000000007,1,8240
931,B,0.63560000000000005,1,6356
932,A,0.67060000000000008,1,6706
932,B,0.22220000000000001,0,2222
933,A,1.7227000000000001,1,17227
933,B,1.6145,1,16145
934,A,0.48370000000000002,1,4837
934,B,2.2166999999999999,0,22167
935,A,1.1787000000000001,1,11787
935,B,2.6294,1,26294
936,A,0.82180000000000009,1,8218
936,B,2.1175000000000002,1,21175
937,A,0.70310000000000006,1,7031
937,B,3.6565000000000003,1,36565
938,A,0.50780000000000003,1,5078
938,B,1.3312000000000002,0,13312
939,A,0.77190000000000003,1,7719
939,B,0.21880000000000002,0,2188
940,A,0.71330000000000005,1,7133
940,B,6.8664000000000005,0,68664
941,A,1.1172,1,11172
941,B,1.216,1,12160
942,A,0.62219999999999998,1,6222
942,B,2.4290000000000003,1,24290
943,A,1.4609000000000001,1,14609
943,B,1.1201000000000001,0,11201
944,A,1.0593000000000001,1,10593
944,B,1.3835000000000002,0,13835
945,A,0.52900000000000003,1,5290
945,B,0.36849999999999999,0,3685
946,A,0.87780000000000002,1,8778
946,B,0.2117,0,2117
947,A,0.77929999999999999,1,7793
947,B,0.27290000000000003,0,2729
948,A,0.5292,1,5292
948,B,0.95080000000000009,1,9508
949,A,1.1329,1,11329
949,B,0.64680000000000004,0,6468
950,A,0.60560000000000003,1,6056
950,B,0.90090000000000003,0,9009
951,A,0.79360000000000008,1,7936
951,B,0.75560000000000005,0,7556
952,A,0.38470000000000004,1,3847
952,B,0.34390000000000004,0,3439
953,A,0.69259999999999999,1,6926
953,B,0.63740000000000008,0,6374
954,A,1.3797000000000001,1,13797
954,B,0.34690000000000004,0,3469
955,A,0.63529999999999998,1,6353
955,B,0.24930000000000002,0,2493
956,A,0.70130000000000003,1,7013
956,B,2.1654,0,21654
957,A,0.93070000000000008,1,9307
957,B,0.26050000000000001,0,2605
958,A,1.0499000000000001,1,10499
958,B,1.4313,0,14313
959,A,0.59250000000000003,1,5925
959,B,3.7105000000000001,1,37105
960,A,0.66760000000000008,1,6676
960,B,0.14300000000000002,0,1430
961,A,0.75240000000000007,1,7524
961,B,1.8141,0,18141
962,A,0.47260000000000002,1,4726
962,B,1.6164000000000001,0,16164
963,A,0.69350000000000001,1,6935
963,B,1.3371,1,13371
964,A,0.77480000000000004,1,7748
964,B,0.92670000000000008,0,9267
965,A,0.34140000000000004,1,3414
965,B,1.7688000000000001,1,17688
966,A,1.1261000000000001,1,11261
966,B,2.0729000000000002,0,20729
967,A,1.0550000000000002,1,10550
967,B,0.83790000000000009,1,8379
968,A,0.88100000000000001,1,8810
968,B,0.54139999999999999,0,5414
969,A,0.25570000000000004,1,2557
969,B,0.54730000000000001,0,5473
970,A,0.67880000000000007,1,6788
970,B,2.4388000000000001,1,24388
971,A,0.89550000000000007,1,8955
971,B,0.55410000000000004,0,5541
972,A,1.7230000000000001,1,17230
972,B,0.23530000000000001,0,2353
973,A,0.4098,1,4098
973,B,0.71600000000000008,0,7160
974,A,0.65590000000000004,1,6559
974,B,0.3034,0,3034
975,A,0.86580000000000001,1,8658
975,B,1.0112000000000001,0,10112
976,A,0.51219999999999999,0,5122
976,B,0.62670000000000003,1,6267
977,A,1.0079,1,10079
977,B,2.2989000000000002,0,22989
978,A,1.1014000000000002,1,11014
978,B,0.76960000000000006,0,7696
979,A,0.43340000000000001,1,4334
979,B,0.72540000000000004,0,7254
980,A,0.22690000000000002,1,2269
980,B,0.40200000000000002,0,4020
981,A,0.71030000000000004,1,7103
981,B,2.1126,0,21126
982,A,2.0399000000000003,1,20399
982,B,1.4312,0,14312
983,A,0.48180000000000001,1,4818
983,B,0.52380000000000004,0,5238
984,A,0.52450000000000008,1,5245
984,B,1.2339,1,12339
985,A,0.47460000000000002,1,4746
985,B,1.4626000000000001,0,14626
986,A,0.49490000000000001,1,4949
986,B,0.2117,0,2117
987,A,0.52190000000000003,1,5219
987,B,1.2504,1,12504
988,A,1.2028000000000001,1,12028
988,B,0.97440000000000004,0,9744
989,A,0.81110000000000004,1,8111
989,B,1.2004000000000001,0,12004
990,A,1.0339,1,10339
990,B,0.36349999999999999,0,3635
991,A,0.61650000000000005,1,6165
991,B,0.52500000000000002,0,5250
992,A,0.43049999999999999,1,4305
992,B,1.2327000000000001,0,12327
993,A,1.1158000000000001,1,11158
993,B,1.0845,1,10845
994,A,0.56890000000000007,1,5689
994,B,1.9262000000000001,0,19262
995,A,0.76060000000000005,1,7606
995,B,1.0991,0,10991
996,A,0.53539999999999999,1,5354
996,B,0.74820000000000009,1,7482
997,A,0.24930000000000002,0,2493
997,B,1.2646000000000002,0,12646
998,A,0.44230000000000003,1,4423
998,B,2.3414999999999999,1,23415
999,A,0.74230000000000007,1,7423
999,B,2.2600000000000002,1,22600
1000,A,0.70050000000000001,1,7005
1000,B,1.3993,0,13993
1001,A,0.89080000000000004,1,8908
1001,B,0.37440000000000001,0,3744
1002,A,1.3253000000000001,1,13253
1002,B,0.98070000000000002,0,9807
1003,A,1.4363000000000001,1,14363
1003,B,1.7990000000000002,1,17990
1004,A,0.45890000000000003,1,4589
1004,B,1.4403000000000001,0,14403
1005,A,0.28539999999999999,1,2854
1005,B,0.48480000000000001,0,4848
1006,A,0.65429999999999999,1,6543
1006,B,0.59940000000000004,0,5994
1007,A,0.34920000000000001,1,3492
1007,B,1.4220000000000002,1,14220
1008,A,0.95750000000000002,1,9575
1008,B,2.8086000000000002,1,28086
1009,A,1.1693,1,11693
1009,B,1.5133000000000001,0,15133
1010,A,0.78460000000000008,1,7846
1010,B,0.17030000000000001,0,1703
1011,A,0.7127,1,7127
1011,B,5.2007000000000003,1,52007
1012,A,0.73350000000000004,1,7335
1012,B,1.0756000000000001,1,10756
1013,A,0.78560000000000008,1,7856
1013,B,0.8196,0,8196
1014,A,0.4133,1,4133
1014,B,1.2594000000000001,0,12594
1015,A,0.9900000000000001,1,9900
1015,B,1.2048000000000001,1,12048
1016,A,0.67300000000000004,1,6730
1016,B,0.44700000000000001,0,4470
1017,A,0.76280000000000003,1,7628
1017,B,0.99820000000000009,0,9982
1018,A,0.64140000000000008,1,6414
1018,B,1.3778000000000001,1,13778
1019,A,0.47220000000000001,1,4722
1019,B,0.88740000000000008,1,8874
1020,A,0.53800000000000003,1,5380
1020,B,1.3072000000000001,1,13072
1021,A,1.4829000000000001,1,14829
1021,B,1.0399,1,10399
1022,A,0.66020000000000001,1,6602
1022,B,0.8125,0,8125
1023,A,0.56559999999999999,1,5656
1023,B,1.8323,1,18323
1024,A,0.8649,1,8649
1024,B,1.3747,1,13747
1025,A,1.351,1,13510
1025,B,0.56059999999999999,0,5606
1026,A,0.73120000000000007,1,7312
1026,B,1.9529000000000001,0,19529
1027,A,0.63170000000000004,1,6317
1027,B,0.20700000000000002,0,2070
1028,A,0.75280000000000002,1,7528
1028,B,3.2982,1,32982
1029,A,1.1915,1,11915
1029,B,0.30740000000000001,0,3074
1030,A,0.74140000000000006,1,7414
1030,B,3.7830000000000004,0,37830
1031,A,0.73310000000000008,1,7331
1031,B,4.8100000000000005,1,48100
1032,A,0.8579,1,8579
1032,B,1.8111000000000002,1,18111
1033,A,1.2090000000000001,1,12090
1033,B,0.46830000000000005,0,4683
1034,A,0.7752,1,7752
1034,B,1.1118000000000001,0,11118
1035,A,0.66090000000000004,1,6609
1035,B,2.1853000000000002,0,21853
1036,A,0.66660000000000008,1,6666
1036,B,0.26150000000000001,0,2615
1037,A,0.86610000000000009,1,8661
1037,B,1.4633,1,14633
1038,A,0.3337,1,3337
1038,B,2.6408,1,26408
1039,A,0.68159999999999998,1,6816
1039,B,0.2555,0,2555
1040,A,0.95650000000000002,1,9565
1040,B,0.67049999999999998,0,6705
1041,A,0.77170000000000005,1,7717
1041,B,0.4224,0,4224
1042,A,0.96900000000000008,1,9690
1042,B,2.1868000000000003,1,21868
1043,A,0.62170000000000003,1,6217
1043,B,1.7472000000000001,0,17472
1044,A,0.55740000000000001,1,5574
1044,B,3.4616000000000002,0,34616
1045,A,1.3446,1,13446
1045,B,1.6136000000000001,0,16136
1046,A,0.44580000000000003,1,4458
1046,B,1.9524000000000001,0,19524
1047,A,0.9919,1,9919
1047,B,0.35010000000000002,0,3501
1048,A,0.78800000000000003,1,7880
1048,B,2.6390000000000002,1,26390
1049,A,0.67859999999999998,1,6786
1049,B,1.4026000000000001,1,14026
1050,A,0.56710000000000005,1,5671
1050,B,0.7359,0,7359
1051,A,0.48150000000000004,1,4815
1051,B,1.9686000000000001,0,19686
1052,A,1.6357000000000002,1,16357
1052,B,0.70310000000000006,1,7031
1053,A,1.1349,1,11349
1053,B,0.3105,0,3105
1054,A,0.5554,1,5554
1054,B,0.29650000000000004,0,2965
1055,A,0.38390000000000002,1,3839
1055,B,1.3676000000000001,0,13676
1056,A,1.4482000000000002,1,14482
1056,B,2.0148999999999999,1,20149
1057,A,1.4671000000000001,1,14671
1057,B,0.99720000000000009,0,9972
1058,A,0.72140000000000004,1,7214
1058,B,1.6621000000000001,0,16621
1059,A,0.64650000000000007,1,6465
1059,B,0.47210000000000002,0,4721
1060,A,0.84179999999999999,1,8418
1060,B,0.76550000000000007,1,7655
1061,A,1.2974000000000001,1,12974
1061,B,0.15060000000000001,0,1506
1062,A,0.92810000000000004,1,9281
1062,B,1.9255,0,19255
1063,A,0.2923,1,2923
1063,B,0.93010000000000004,0,9301
1064,A,0.57800000000000007,1,5780
1064,B,1.2772000000000001,0,12772
1065,A,0.4491,1,4491
1065,B,1.3044,0,13044
1066,A,0.71660000000000001,1,7166
1066,B,3.1652,0,31652
1067,A,0.48660000000000003,1,4866
1067,B,0.46810000000000002,0,4681
1068,A,0.43090000000000001,1,4309
1068,B,1.7176,1,17176
1069,A,1.3915,1,13915
1069,B,2.4696000000000002,1,24696
1070,A,0.93290000000000006,1,9329
1070,B,1.4106000000000001,0,14106
1071,A,0.64829999999999999,1,6483
1071,B,0.54060000000000008,0,5406
1072,A,1.4355,1,14355
1072,B,3.5534000000000003,1,35534
1073,A,0.77670000000000006,1,7767
1073,B,0.4874,0,4874
1074,A,0.90060000000000007,1,9006
1074,B,1.5802,0,15802
1075,A,0.61899999999999999,1,6190
1075,B,0.32830000000000004,0,3283
1076,A,0.25690000000000002,0,2569
1076,B,0.77450000000000008,0,7745
1077,A,1.5107000000000002,1,15107
1077,B,0.81920000000000004,0,8192
1078,A,0.97440000000000004,1,9744
1078,B,1.0806,0,10806
1079,A,0.98660000000000003,1,9866
1079,B,1.0434000000000001,1,10434
1080,A,0.42910000000000004,1,4291
1080,B,0.36549999999999999,0,3655
1081,A,0.64870000000000005,1,6487
1081,B,0.36810000000000004,0,3681
1082,A,0.3291,1,3291
1082,B,0.1918,0,1918
1083,A,0.37080000000000002,1,3708
1083,B,1.8479000000000001,0,18479
1084,A,0.37120000000000003,1,3712
1084,B,0.94130000000000003,0,9413
1085,A,1.7427000000000001,1,17427
1085,B,1.3529,0,13529
1086,A,0.76580000000000004,1,7658
1086,B,1.0209000000000001,0,10209
1087,A,0.30199999999999999,1,3020
1087,B,1.1798,0,11798
1088,A,0.58960000000000001,1,5896
1088,B,0.84379999999999999,1,8438
1089,A,0.42420000000000002,1,4242
1089,B,0.73780000000000001,0,7378
1090,A,0.28450000000000003,1,2845
1090,B,2.3477000000000001,0,23477
1091,A,0.72860000000000003,1,7286
1091,B,0.63880000000000003,1,6388
1092,A,1.1254999999999999,1,11255
1092,B,1.9206000000000001,0,19206
1093,A,0.53760000000000008,1,5376
1093,B,0.47820000000000001,0,4782
1094,A,0.34500000000000003,0,3450
1094,B,1.2024000000000001,0,12024
1095,A,0.62850000000000006,1,6285
1095,B,0.1605,0,1605
1096,A,1.0193000000000001,1,10193
1096,B,1.0265,1,10265
1097,A,1.0075000000000001,1,10075
1097,B,0.43120000000000003,0,4312
1098,A,0.77440000000000009,1,7744
1098,B,0.88550000000000006,1,8855
1099,A,1.3719000000000001,1,13719
1099,B,0.30580000000000002,1,3058
1100,A,0.32650000000000001,0,3265
1100,B,0.96090000000000009,1,9609
1101,A,0.41400000000000003,1,4140
1101,B,0.15810000000000002,0,1581
1102,A,1.0190000000000001,1,10190
1102,B,3.4132000000000002,0,34132
1103,A,0.77550000000000008,1,7755
1103,B,2.7983000000000002,0,27983
1104,A,0.52790000000000004,1,5279
1104,B,6.3388,0,63388
1105,A,1.0744,1,10744
1105,B,2.0720000000000001,1,20720
1106,A,0.59870000000000001,1,5987
1106,B,1.9664000000000001,1,19664
1107,A,0.8014,1,8014
1107,B,1.1889000000000001,0,11889
1108,A,0.47540000000000004,1,4754
1108,B,2.9343000000000004,1,29343
1109,A,0.57569999999999999,1,5757
1109,B,4.1835000000000004,0,41835
1110,A,0.46210000000000001,1,4621
1110,B,0.8982,0,8982
1111,A,0.30430000000000001,1,3043
1111,B,0.57330000000000003,0,5733
1112,A,1.2264000000000002,1,12264
1112,B,0.32130000000000003,0,3213
1113,A,0.3841,1,3841
1113,B,0.69180000000000008,0,6918
1114,A,0.54990000000000006,1,5499
1114,B,0.2097,0,2097
1115,A,0.8155,1,8155
1115,B,2.3866000000000001,1,23866
1116,A,0.90170000000000006,1,9017
1116,B,0.62160000000000004,1,6216
1117,A,2.6361000000000003,1,26361
1117,B,0.28850000000000003,0,2885
1118,A,0.78590000000000004,1,7859
1118,B,1.3796000000000002,0,13796
1119,A,0.7288,1,7288
1119,B,0.53670000000000007,0,5367
1120,A,0.52550000000000008,0,5255
1120,B,0.86640000000000006,0,8664
1121,A,0.84020000000000006,1,8402
1121,B,2.2926000000000002,1,22926
1122,A,1.0266999999999999,1,10267
1122,B,0.6159,0,6159
1123,A,0.73740000000000006,0,7374
1123,B,1.9646000000000001,1,19646
1124,A,1.9906000000000001,1,19906
1124,B,0.57330000000000003,0,5733
1125,A,1.6023000000000001,1,16023
1125,B,0.80320000000000003,1,8032
1126,A,0.6976,1,6976
1126,B,2.4862000000000002,0,24862
1127,A,0.76219999999999999,1,7622
1127,B,1.0648,0,10648
1128,A,1.6977,1,16977
1128,B,1.5194000000000001,0,15194
1129,A,0.90150000000000008,1,9015
1129,B,4.1865000000000006,1,41865
1130,A,1.1813,1,11813
1130,B,1.3971,0,13971
1131,A,0.62250000000000005,1,6225
1131,B,1.0251000000000001,0,10251
1132,A,1.3058000000000001,1,13058
1132,B,0.43110000000000004,1,4311
1133,A,1.2155,1,12155
1133,B,0.53690000000000004,0,5369
1134,A,0.4738,1,4738
1134,B,0.27840000000000004,0,2784
1135,A,0.94520000000000004,1,9452
1135,B,2.4516,0,24516
1136,A,2.5104000000000002,1,25104
1136,B,1.7795000000000001,0,17795
1137,A,0.67630000000000001,1,6763
1137,B,1.5660000000000001,1,15660
1138,A,1.4539,1,14539
1138,B,1.1546000000000001,0,11546
1139,A,1.1132,1,11132
1139,B,0.4219,0,4219
1140,A,0.60710000000000008,1,6071
1140,B,1.0851,1,10851
1141,A,0.91090000000000004,1,9109
1141,B,3.7130000000000001,0,37130
1142,A,0.75940000000000007,1,7594
1142,B,1.0559000000000001,0,10559
1143,A,0.69180000000000008,1,6918
1143,B,0.50770000000000004,0,5077
1144,A,0.7923,1,7923
1144,B,0.48820000000000002,0,4882
1145,A,0.4793,1,4793
1145,B,3.2324000000000002,0,32324
1146,A,1.3791,1,13791
1146,B,0.29749999999999999,0,2975
1147,A,0.54090000000000005,1,5409
1147,B,1.3620000000000001,0,13620
1148,A,1.0482,1,10482
1148,B,1.7179,1,17179
1149,A,0.46890000000000004,1,4689
1149,B,0.44870000000000004,0,4487
1150,A,1.5048000000000001,1,15048
1150,B,1.5229000000000001,0,15229
1151,A,0.6804,1,6804
1151,B,1.1606000000000001,1,11606
1152,A,1.1221000000000001,1,11221
1152,B,0.58540000000000003,0,5854
1153,A,0.40550000000000003,1,4055
1153,B,1.8442000000000001,1,18442
1154,A,0.44520000000000004,1,4452
1154,B,0.3841,0,3841
1155,A,0.53539999999999999,1,5354
1155,B,0.49280000000000002,0,4928
1156,A,1.0714000000000001,1,10714
1156,B,0.81490000000000007,0,8149
1157,A,1.8187,1,18187
1157,B,2.0582000000000003,0,20582
1158,A,1.2270000000000001,1,12270
1158,B,0.69930000000000003,0,6993
1159,A,0.3664,1,3664
1159,B,3.1124000000000001,0,31124
1160,A,1.1387,1,11387
1160,B,0.27729999999999999,0,2773
1161,A,0.58310000000000006,1,5831
1161,B,0.28660000000000002,0,2866
1162,A,1.2922,1,12922
1162,B,0.59660000000000002,0,5966
1163,A,0.76260000000000006,1,7626
1163,B,1.5433000000000001,1,15433
1164,A,0.38590000000000002,1,3859
1164,B,1.6345000000000001,1,16345
1165,A,0.81580000000000008,1,8158
1165,B,0.78510000000000002,1,7851
1166,A,0.84420000000000006,1,8442
1166,B,1.4380000000000002,1,14380
1167,A,0.55310000000000004,1,5531
1167,B,1.2826,0,12826
1168,A,0.6321,1,6321
1168,B,1.9162000000000001,0,19162
1169,A,0.45250000000000001,1,4525
1169,B,0.95850000000000002,0,9585
1170,A,0.66880000000000006,1,6688
1170,B,0.53639999999999999,0,5364
1171,A,0.79100000000000004,1,7910
1171,B,0.53780000000000006,0,5378
1172,A,0.45630000000000004,1,4563
1172,B,0.96630000000000005,0,9663
1173,A,0.50619999999999998,1,5062
1173,B,1.2178,0,12178
1174,A,0.55659999999999998,1,5566
1174,B,1.0016,1,10016
1175,A,0.60510000000000008,1,6051
1175,B,4.3352000000000004,0,43352
1176,A,0.40710000000000002,1,4071
1176,B,1.1879,1,11879
1177,A,0.53090000000000004,1,5309
1177,B,2.8071000000000002,1,28071
1178,A,0.66390000000000005,1,6639
1178,B,0.66830000000000001,1,6683
1179,A,0.9456,1,9456
1179,B,1.8284,0,18284
1180,A,1.0479000000000001,1,10479
1180,B,1.9215,0,19215
1181,A,1.1368,1,11368
1181,B,1.7223000000000002,0,17223
1182,A,0.72600000000000009,1,7260
1182,B,0.7571,1,7571
1183,A,0.66200000000000003,1,6620
1183,B,0.622,0,6220
1184,A,0.76690000000000003,1,7669
1184,B,2.5584000000000002,1,25584
1185,A,0.79090000000000005,1,7909
1185,B,1.4415,0,14415
1186,A,0.63050000000000006,1,6305
1186,B,1.2128000000000001,0,12128
1187,A,0.80310000000000004,1,8031
1187,B,0.2596,0,2596
1188,A,1.0593000000000001,1,10593
1188,B,0.25290000000000001,0,2529
1189,A,0.35189999999999999,1,3519
1189,B,3.7751000000000001,0,37751
1190,A,0.70720000000000005,1,7072
1190,B,3.4006000000000003,1,34006
1191,A,0.62670000000000003,1,6267
1191,B,0.42570000000000002,0,4257
1192,A,1.0841000000000001,1,10841
1192,B,0.94950000000000001,0,9495
1193,A,1.4626000000000001,1,14626
1193,B,3.4625000000000004,0,34625
1194,A,0.72270000000000001,1,7227
1194,B,0.49110000000000004,1,4911
1195,A,1.1711,1,11711
1195,B,1.3894,0,13894
1196,A,0.46050000000000002,1,4605
1196,B,1.7169000000000001,0,17169
1197,A,0.61409999999999998,1,6141
1197,B,1.9034,0,19034
1198,A,1.0336000000000001,1,10336
1198,B,0.83030000000000004,0,8303
1199,A,0.63580000000000003,1,6358
1199,B,0.64029999999999998,0,6403
1200,A,0.56110000000000004,1,5611
1200,B,1.2201,0,12201
1201,A,1.7808000000000002,1,17808
1201,B,0.43049999999999999,0,4305
1202,A,0.503,1,5030
1202,B,0.64360000000000006,1,6436
1203,A,0.79050000000000009,1,7905
1203,B,0.49220000000000003,1,4922
1204,A,1.0268000000000002,1,10268
1204,B,1.4369000000000001,1,14369
1205,A,0.876,1,8760
1205,B,1.2059,1,12059
1206,A,0.70890000000000009,1,7089
1206,B,1.2453000000000001,0,12453
1207,A,0.89100000000000001,1,8910
1207,B,1.4024000000000001,0,14024
1208,A,1.1763000000000001,1,11763
1208,B,2.1725000000000003,0,21725
1209,A,0.65339999999999998,1,6534
1209,B,1.7486000000000002,1,17486
1210,A,0.21160000000000001,1,2116
1210,B,1.4031,0,14031
1211,A,1.4893000000000001,1,14893
1211,B,0.28290000000000004,0,2829
1212,A,2.0367999999999999,1,20368
1212,B,0.59160000000000001,0,5916
1213,A,0.74340000000000006,1,7434
1213,B,0.40180000000000005,0,4018
1214,A,0.84400000000000008,1,8440
1214,B,4.7042000000000002,1,47042
1215,A,0.85350000000000004,1,8535
1215,B,3.6348000000000003,0,36348
1216,A,1.0116000000000001,1,10116
1216,B,2.7644000000000002,0,27644
1217,A,0.63529999999999998,1,6353
1217,B,0.14280000000000001,0,1428
1218,A,0.4627,1,4627
1218,B,0.36030000000000001,0,3603
1219,A,0.53310000000000002,1,5331
1219,B,2.3358000000000003,1,23358
1220,A,0.67830000000000001,1,6783
1220,B,1.0839000000000001,0,10839
1221,A,0.57500000000000007,1,5750
1221,B,0.84020000000000006,0,8402
1222,A,1.2892000000000001,1,12892
1222,B,2.7040999999999999,0,27041
1223,A,0.90110000000000001,1,9011
1223,B,0.38170000000000004,0,3817
1224,A,1.1017000000000001,1,11017
1224,B,0.58240000000000003,0,5824
1225,A,0.34860000000000002,1,3486
1225,B,2.3592,1,23592
1226,A,1.0994000000000002,1,10994
1226,B,0.44210000000000005,1,4421
1227,A,0.93310000000000004,1,9331
1227,B,1.2628000000000001,0,12628
1228,A,1.1697,1,11697
1228,B,2.6628000000000003,1,26628
1229,A,0.76130000000000009,1,7613
1229,B,0.26690000000000003,0,2669
1230,A,1.3623000000000001,1,13623
1230,B,1.2379,0,12379
1231,A,0.74720000000000009,1,7472
1231,B,0.3322,0,3322
1232,A,0.62419999999999998,1,6242
1232,B,0.3881,1,3881
1233,A,0.94890000000000008,1,9489
1233,B,0.64329999999999998,0,6433
1234,A,0.87390000000000001,1,8739
1234,B,0.84010000000000007,0,8401
1235,A,0.39000000000000001,1,3900
1235,B,2.1068000000000002,0,21068
1236,A,0.27940000000000004,1,2794
1236,B,0.46750000000000003,0,4675
1237,A,1.2979000000000001,1,12979
1237,B,2.0651999999999999,0,20652
1238,A,1.0863,1,10863
1238,B,2.1537000000000002,0,21537
1239,A,1.0044999999999999,1,10045
1239,B,1.2409000000000001,0,12409
1240,A,1.0186999999999999,1,10187
1240,B,1.1788000000000001,0,11788
1241,A,0.70960000000000001,1,7096
1241,B,2.2844000000000002,1,22844
1242,A,0.55959999999999999,1,5596
1242,B,1.4184000000000001,1,14184
1243,A,0.71700000000000008,1,7170
1243,B,1.3048,0,13048
1244,A,0.50350000000000006,1,5035
1244,B,2.0599000000000003,0,20599
1245,A,0.89030000000000009,1,8903
1245,B,0.69280000000000008,0,6928
1246,A,0.79020000000000001,1,7902
1246,B,1.1640000000000001,0,11640
1247,A,0.63919999999999999,1,6392
1247,B,0.65480000000000005,0,6548
1248,A,0.58979999999999999,1,5898
1248,B,1.4656,1,14656
1249,A,0.82820000000000005,1,8282
1249,B,1.6057000000000001,1,16057
1250,A,2.9327000000000001,1,29327
1250,B,0.76650000000000007,0,7665
1251,A,0.47060000000000002,1,4706
1251,B,0.22370000000000001,0,2237
1252,A,0.82340000000000002,1,8234
1252,B,0.54930000000000001,0,5493
1253,A,0.47000000000000003,1,4700
1253,B,0.1052,0,1052
1254,A,0.79810000000000003,1,7981
1254,B,0.87630000000000008,0,8763
1255,A,0.55880000000000007,1,5588
1255,B,0.55359999999999998,0,5536
1256,A,0.52360000000000007,1,5236
1256,B,2.2244999999999999,0,22245
1257,A,0.37880000000000003,1,3788
1257,B,0.78639999999999999,1,7864
1258,A,0.48750000000000004,1,4875
1258,B,1.7429000000000001,1,17429
1259,A,0.65010000000000001,1,6501
1259,B,2.7439,1,27439
1260,A,1.4996,1,14996
1260,B,2.6079000000000003,0,26079
1261,A,1.4523000000000001,1,14523
1261,B,0.59330000000000005,0,5933
1262,A,1.4662000000000002,1,14662
1262,B,0.749,0,7490
1263,A,1.7005000000000001,1,17005
1263,B,0.67080000000000006,0,6708
1264,A,0.44240000000000002,1,4424
1264,B,3.1069,1,31069
1265,A,0.51619999999999999,1,5162
1265,B,3.5635000000000003,1,35635
1266,A,0.49980000000000002,1,4998
1266,B,0.71220000000000006,0,7122
1267,A,0.30880000000000002,1,3088
1267,B,3.6439000000000004,0,36439
1268,A,1.3321000000000001,1,13321
1268,B,1.7111000000000001,1,17111
1269,A,0.49000000000000005,1,4900
1269,B,2.1049000000000002,1,21049
1270,A,1.9205000000000001,1,19205
1270,B,0.73630000000000007,0,7363
1271,A,0.65839999999999999,1,6584
1271,B,1.5482,1,15482
1272,A,0.7611,1,7611
1272,B,1.2345000000000002,0,12345
1273,A,1.1415,1,11415
1273,B,0.69090000000000007,0,6909
1274,A,1.2363,1,12363
1274,B,0.60450000000000004,1,6045
1275,A,1.1909000000000001,1,11909
1275,B,0.45710000000000001,0,4571
1276,A,1.3211000000000002,1,13211
1276,B,0.82069999999999999,0,8207
1277,A,0.96850000000000003,1,9685
1277,B,2.2972000000000001,1,22972
1278,A,0.52529999999999999,1,5253
1278,B,0.65560000000000007,0,6556
1279,A,0.4753,1,4753
1279,B,0.6794,0,6794
1280,A,1.75,1,17500
1280,B,1.7694000000000001,0,17694
1281,A,0.77690000000000003,1,7769
1281,B,1.3797000000000001,0,13797
1282,A,0.35589999999999999,1,3559
1282,B,1.3185,0,13185
1283,A,1.6164000000000001,1,16164
1283,B,1.2268000000000001,0,12268
1284,A,0.55359999999999998,1,5536
1284,B,0.74180000000000001,0,7418
1285,A,0.74930000000000008,1,7493
1285,B,1.0585,1,10585
1286,A,0.96960000000000002,1,9696
1286,B,0.39560000000000001,1,3956
1287,A,0.37370000000000003,0,3737
1287,B,0.68280000000000007,0,6828
1288,A,0.38220000000000004,1,3822
1288,B,0.23380000000000001,0,2338
1289,A,0.8226,1,8226
1289,B,0.33890000000000003,0,3389
1290,A,1.7371000000000001,1,17371
1290,B,0.67080000000000006,0,6708
1291,A,0.68920000000000003,1,6892
1291,B,0.75490000000000002,0,7549
1292,A,1.6561000000000001,1,16561
1292,B,1.7159,1,17159
1293,A,0.43770000000000003,1,4377
1293,B,2.5508000000000002,1,25508
1294,A,0.9708,1,9708
1294,B,1.772,0,17720
1295,A,1.1624000000000001,1,11624
1295,B,1.7576000000000001,0,17576
1296,A,1.0899000000000001,1,10899
1296,B,3.8549000000000002,0,38549
1297,A,0.71710000000000007,1,7171
1297,B,0.6351,0,6351
1298,A,0.3805,1,3805
1298,B,2.9460000000000002,1,29460
1299,A,0.49440000000000001,1,4944
1299,B,1.1263000000000001,0,11263
1300,A,1.1987000000000001,1,11987
1300,B,1.1549,0,11549
1301,A,0.34079999999999999,1,3408
1301,B,1.2272000000000001,0,12272
1302,A,0.4052,1,4052
1302,B,0.6704,0,6704
1303,A,0.28070000000000001,1,2807
1303,B,1.5279,0,15279
1304,A,0.72560000000000002,1,7256
1304,B,0.56269999999999998,0,5627
1305,A,0.98100000000000009,1,9810
1305,B,0.8538,1,8538
1306,A,0.50140000000000007,1,5014
1306,B,1.302,1,13020
1307,A,1.2999000000000001,0,12999
1307,B,1.8488,1,18488
1308,A,0.64540000000000008,1,6454
1308,B,0.1608,0,1608
1309,A,0.75840000000000007,1,7584
1309,B,0.18110000000000001,0,1811
1310,A,0.2636,1,2636
1310,B,1.2003000000000001,1,12003
1311,A,0.40800000000000003,1,4080
1311,B,2.2964000000000002,0,22964
1312,A,0.73550000000000004,1,7355
1312,B,0.3301,0,3301
1313,A,0.93080000000000007,1,9308
1313,B,0.73910000000000009,0,7391
1314,A,1.2195,1,12195
1314,B,0.7732,1,7732
1315,A,0.57800000000000007,1,5780
1315,B,4.1683000000000003,1,41683
1316,A,1.1660000000000001,1,11660
1316,B,0.35550000000000004,0,3555
1317,A,0.60930000000000006,1,6093
1317,B,2.3076000000000003,1,23076
1318,A,0.4733,1,4733
1318,B,1.2049000000000001,0,12049
1319,A,1.909,1,19090
1319,B,1.0114000000000001,1,10114
1320,A,0.82400000000000007,1,8240
1320,B,0.63790000000000002,0,6379
1321,A,0.52829999999999999,1,5283
1321,B,5.3851000000000004,0,53851
1322,A,0.73840000000000006,1,7384
1322,B,0.27510000000000001,0,2751
1323,A,1.8658000000000001,1,18658
1323,B,2.3593000000000002,0,23593
1324,A,1.5316000000000001,1,15316
1324,B,1.5127000000000002,1,15127
1325,A,1.1903000000000001,1,11903
1325,B,0.8175,1,8175
1326,A,0.57220000000000004,1,5722
1326,B,0.28090000000000004,0,2809
1327,A,0.55390000000000006,1,5539
1327,B,0.68310000000000004,0,6831
1328,A,0.97560000000000002,1,9756
1328,B,0.75380000000000003,1,7538
1329,A,0.79700000000000004,1,7970
1329,B,1.3147,0,13147
1330,A,0.51040000000000008,1,5104
1330,B,1.3346,0,13346
1331,A,0.60150000000000003,1,6015
1331,B,0.58630000000000004,0,5863
1332,A,0.84960000000000002,1,8496
1332,B,0.37160000000000004,0,3716
1333,A,1.0508999999999999,1,10509
1333,B,0.92930000000000001,1,9293
1334,A,0.77440000000000009,1,7744
1334,B,0.4758,0,4758
1335,A,1.2201,1,12201
1335,B,0.97550000000000003,1,9755
1336,A,0.68690000000000007,1,6869
1336,B,0.86070000000000002,1,8607
1337,A,0.6966,1,6966
1337,B,0.84279999999999999,0,8428
1338,A,0.74280000000000002,1,7428
1338,B,3.7712000000000003,1,37712
1339,A,0.91410000000000002,1,9141
1339,B,0.61760000000000004,0,6176
1340,A,0.70730000000000004,1,7073
1340,B,2.9875000000000003,0,29875
1341,A,0.46929999999999999,1,4693
1341,B,0.67690000000000006,0,6769
1342,A,0.42770000000000002,1,4277
1342,B,2.6294,0,26294
1343,A,0.55110000000000003,0,5511
1343,B,0.58010000000000006,0,5801
1344,A,2.2345999999999999,1,22346
1344,B,1.0505,1,10505
1345,A,1.0574000000000001,1,10574
1345,B,0.4178,1,4178
1346,A,0.90440000000000009,1,9044
1346,B,2.8518000000000003,1,28518
1347,A,0.5675,1,5675
1347,B,1.0490000000000002,0,10490
1348,A,0.50950000000000006,1,5095
1348,B,2.4828000000000001,1,24828
1349,A,1.3431,1,13431
1349,B,0.55690000000000006,1,5569
1350,A,0.87060000000000004,1,8706
1350,B,0.9536,1,9536
1351,A,0.89100000000000001,1,8910
1351,B,0.79310000000000003,0,7931
1352,A,1.1476,1,11476
1352,B,0.52560000000000007,0,5256
1353,A,0.36849999999999999,1,3685
1353,B,2.6106000000000003,0,26106
1354,A,0.79280000000000006,1,7928
1354,B,0.55200000000000005,0,5520
1355,A,0.34340000000000004,1,3434
1355,B,0.65429999999999999,1,6543
1356,A,0.73250000000000004,1,7325
1356,B,2.9308000000000001,0,29308
1357,A,0.97270000000000001,1,9727
1357,B,1.2675000000000001,1,12675
1358,A,1.0608,1,10608
1358,B,0.34160000000000001,1,3416
1359,A,0.52150000000000007,1,5215
1359,B,0.94840000000000002,0,9484
1360,A,0.89180000000000004,1,8918
1360,B,1.3843000000000001,1,13843
1361,A,0.73460000000000003,1,7346
1361,B,2.0949,1,20949
1362,A,1.6768000000000001,1,16768
1362,B,1.8895000000000002,1,18895
1363,A,0.7006,1,7006
1363,B,0.84420000000000006,0,8442
1364,A,0.94750000000000001,1,9475
1364,B,0.97150000000000003,1,9715
1365,A,0.32450000000000001,1,3245
1365,B,1.7794000000000001,1,17794
1366,A,0.65639999999999998,1,6564
1366,B,1.4785000000000001,0,14785
1367,A,1.022,1,10220
1367,B,1.4467000000000001,0,14467
1368,A,0.6804,1,6804
1368,B,0.74980000000000002,0,7498
1369,A,0.79050000000000009,1,7905
1369,B,0.71600000000000008,0,7160
1370,A,1.1763000000000001,1,11763
1370,B,1.1996,1,11996
1371,A,0.64140000000000008,1,6414
1371,B,1.5434000000000001,0,15434
1372,A,0.39990000000000003,1,3999
1372,B,0.5917,0,5917
1373,A,0.439,1,4390
1373,B,0.25420000000000004,0,2542
1374,A,0.93520000000000003,0,9352
1374,B,1.1617,1,11617
1375,A,0.60620000000000007,1,6062
1375,B,0.62530000000000008,0,6253
1376,A,2.2084000000000001,0,22084
1376,B,0.80600000000000005,0,8060
1377,A,0.81990000000000007,1,8199
1377,B,0.80400000000000005,1,8040
1378,A,1.3292000000000002,1,13292
1378,B,0.64600000000000002,0,6460
1379,A,0.38730000000000003,1,3873
1379,B,2.9802,0,29802
1380,A,1.6546000000000001,1,16546
1380,B,0.40600000000000003,0,4060
1381,A,0.83220000000000005,1,8322
1381,B,2.1631,0,21631
1382,A,0.67080000000000006,1,6708
1382,B,0.55590000000000006,0,5559
1383,A,0.72260000000000002,1,7226
1383,B,0.18610000000000002,0,1861
1384,A,0.9638000000000001,1,9638
1384,B,1.3958000000000002,0,13958
1385,A,0.84350000000000003,1,8435
1385,B,2.3057000000000003,0,23057
1386,A,0.88619999999999999,1,8862
1386,B,1.2746,0,12746
1387,A,0.5958,1,5958
1387,B,1.5484,0,15484
1388,A,0.56000000000000005,1,5600
1388,B,1.0915000000000001,0,10915
1389,A,0.80920000000000003,1,8092
1389,B,1.5468000000000002,0,15468
1390,A,0.59960000000000002,1,5996
1390,B,1.4238000000000002,0,14238
1391,A,0.69530000000000003,1,6953
1391,B,0.21960000000000002,0,2196
1392,A,0.51040000000000008,1,5104
1392,B,2.2057000000000002,0,22057
1393,A,1.0844,1,10844
1393,B,2.2944,0,22944
1394,A,0.5978,1,5978
1394,B,2.6739000000000002,1,26739
1395,A,0.8589,1,8589
1395,B,1.276,0,12760
1396,A,0.83850000000000002,1,8385
1396,B,1.1729000000000001,1,11729
1397,A,0.9617,1,9617
1397,B,1.0384,1,10384
1398,A,0.70910000000000006,1,7091
1398,B,0.29370000000000002,0,2937
1399,A,0.88819999999999999,0,8882
1399,B,0.84200000000000008,1,8420
1400,A,1.9141000000000001,1,19141
1400,B,0.6764,1,6764
1401,A,0.98810000000000009,0,9881
1401,B,0.20400000000000001,0,2040
1402,A,0.86730000000000007,1,8673
1402,B,1.4577,0,14577
1403,A,1.0143,1,10143
1403,B,1.6391,0,16391
1404,A,0.61820000000000008,1,6182
1404,B,0.52810000000000001,1,5281
1405,A,0.69300000000000006,1,6930
1405,B,1.0201,1,10201
1406,A,0.38680000000000003,1,3868
1406,B,2.5326,1,25326
1407,A,0.49000000000000005,1,4900
1407,B,3.1247000000000003,1,31247
1408,A,0.95380000000000009,1,9538
1408,B,0.36880000000000002,0,3688
1409,A,0.57650000000000001,1,5765
1409,B,0.12190000000000001,0,1219
1410,A,0.86280000000000001,1,8628
1410,B,0.60870000000000002,1,6087
1411,A,1.4592000000000001,1,14592
1411,B,0.62409999999999999,0,6241
1412,A,0.51719999999999999,1,5172
1412,B,0.19110000000000002,0,1911
1413,A,0.43760000000000004,1,4376
1413,B,0.74740000000000006,1,7474
1414,A,0.64400000000000002,1,6440
1414,B,0.39140000000000003,0,3914
1415,A,1.6741000000000001,1,16741
1415,B,1.4975000000000001,0,14975
1416,A,0.5232,1,5232
1416,B,0.60760000000000003,1,6076
1417,A,0.4884,0,4884
1417,B,0.37290000000000001,1,3729
1418,A,1.1006,1,11006
1418,B,1.0276000000000001,1,10276
1419,A,0.39640000000000003,1,3964
1419,B,0.88490000000000002,0,8849
1420,A,0.99270000000000003,1,9927
1420,B,0.68149999999999999,0,6815
1421,A,0.78760000000000008,1,7876
1421,B,1.0256000000000001,1,10256
1422,A,0.74470000000000003,1,7447
1422,B,1.5753000000000001,1,15753
1423,A,1.4146000000000001,1,14146
1423,B,2.5453000000000001,1,25453
1424,A,1.2238,1,12238
1424,B,2.5765000000000002,1,25765
1425,A,1.4436,1,14436
1425,B,0.253,0,2530
1426,A,0.93720000000000003,1,9372
1426,B,0.2979,0,2979
1427,A,0.80830000000000002,1,8083
1427,B,0.56659999999999999,0,5666
1428,A,0.60809999999999997,1,6081
1428,B,0.38430000000000003,0,3843
1429,A,0.79150000000000009,1,7915
1429,B,0.35850000000000004,0,3585
1430,A,0.87430000000000008,1,8743
1430,B,1.5774000000000001,0,15774
1431,A,0.94590000000000007,1,9459
1431,B,0.42210000000000003,0,4221
1432,A,0.51750000000000007,1,5175
1432,B,2.5627,0,25627
1433,A,1.1351,1,11351
1433,B,0.96650000000000003,1,9665
1434,A,0.95150000000000001,1,9515
1434,B,0.82669999999999999,0,8267
1435,A,0.4698,1,4698
1435,B,1.0622,0,10622
1436,A,0.29620000000000002,1,2962
1436,B,1.0589,0,10589
1437,A,0.49660000000000004,1,4966
1437,B,0.33990000000000004,0,3399
1438,A,0.4919,1,4919
1438,B,1.5239,0,15239
1439,A,0.68680000000000008,1,6868
1439,B,1.5334000000000001,0,15334
1440,A,0.4178,1,4178
1440,B,1.1929000000000001,1,11929
1441,A,1.3576000000000001,1,13576
1441,B,1.6880000000000002,1,16880
1442,A,0.53910000000000002,1,5391
1442,B,0.2545,0,2545
1443,A,0.41290000000000004,1,4129
1443,B,0.69810000000000005,0,6981
1444,A,1.0519000000000001,1,10519
1444,B,2.2758000000000003,0,22758
1445,A,0.25420000000000004,1,2542
1445,B,0.33660000000000001,0,3366
1446,A,0.72960000000000003,1,7296
1446,B,0.78200000000000003,0,7820
1447,A,0.98530000000000006,1,9853
1447,B,0.1804,0,1804
1448,A,0.53039999999999998,1,5304
1448,B,1.5037,0,15037
1449,A,0.48210000000000003,1,4821
1449,B,0.37780000000000002,0,3778
1450,A,1.3155000000000001,1,13155
1450,B,0.23470000000000002,0,2347
1451,A,0.78890000000000005,1,7889
1451,B,1.5313000000000001,0,15313
1452,A,0.69640000000000002,1,6964
1452,B,0.57479999999999998,0,5748
1453,A,0.37110000000000004,1,3711
1453,B,0.92210000000000003,1,9221
1454,A,0.56640000000000001,1,5664
1454,B,1.3668,0,13668
1455,A,0.40290000000000004,1,4029
1455,B,0.92060000000000008,0,9206
1456,A,0.33690000000000003,1,3369
1456,B,0.90570000000000006,1,9057
1457,A,1.5698000000000001,1,15698
1457,B,2.6692,1,26692
1458,A,0.65260000000000007,1,6526
1458,B,0.73660000000000003,0,7366
1459,A,0.7913,1,7913
1459,B,1.252,1,12520
1460,A,1.3918000000000001,1,13918
1460,B,0.86030000000000006,0,8603
1461,A,0.43740000000000001,1,4374
1461,B,1.4623000000000002,1,14623
1462,A,0.91560000000000008,1,9156
1462,B,2.5129999999999999,1,25130
1463,A,0.72789999999999999,1,7279
1463,B,1.9314,1,19314
1464,A,0.54830000000000001,1,5483
1464,B,2.5362,0,25362
1465,A,1.4898,1,14898
1465,B,2.5672000000000001,1,25672
1466,A,0.74609999999999999,1,7461
1466,B,1.3637000000000001,0,13637
1467,A,1.0744,1,10744
1467,B,0.61670000000000003,0,6167
1468,A,0.54720000000000002,1,5472
1468,B,0.78690000000000004,1,7869
1469,A,0.97550000000000003,1,9755
1469,B,0.55890000000000006,1,5589
1470,A,0.86370000000000002,1,8637
1470,B,0.6694,0,6694
1471,A,1.5630000000000002,1,15630
1471,B,0.70140000000000002,1,7014
1472,A,0.81080000000000008,1,8108
1472,B,1.4391,1,14391
1473,A,1.2062000000000002,1,12062
1473,B,0.88100000000000001,1,8810
1474,A,0.54690000000000005,1,5469
1474,B,1.1062000000000001,0,11062
1475,A,0.47450000000000003,1,4745
1475,B,0.57540000000000002,0,5754
1476,A,0.93120000000000003,1,9312
1476,B,1.6812,0,16812
1477,A,0.27390000000000003,1,2739
1477,B,1.8226,0,18226
1478,A,0.46800000000000003,1,4680
1478,B,2.9646000000000003,1,29646
1479,A,0.4017,1,4017
1479,B,0.35580000000000001,0,3558
1480,A,1.5345,1,15345
1480,B,0.28770000000000001,0,2877
1481,A,0.4037,1,4037
1481,B,1.383,0,13830
1482,A,0.44170000000000004,1,4417
1482,B,0.34810000000000002,0,3481
1483,A,0.73010000000000008,1,7301
1483,B,2.4645999999999999,0,24646
1484,A,0.49410000000000004,1,4941
1484,B,0.45900000000000002,1,4590
1485,A,1.4498,1,14498
1485,B,1.7021000000000002,0,17021
1486,A,0.85130000000000006,1,8513
1486,B,0.83240000000000003,0,8324
1487,A,0.85310000000000008,1,8531
1487,B,0.74330000000000007,0,7433
1488,A,0.78639999999999999,1,7864
1488,B,0.88160000000000005,0,8816
1489,A,0.49270000000000003,1,4927
1489,B,1.4829000000000001,1,14829
1490,A,0.72310000000000008,1,7231
1490,B,0.094300000000000009,0,943
1491,A,0.5655,1,5655
1491,B,0.17100000000000001,0,1710
1492,A,0.72230000000000005,1,7223
1492,B,1.5216000000000001,0,15216
1493,A,0.51990000000000003,1,5199
1493,B,0.56610000000000005,0,5661
1494,A,0.62880000000000003,1,6288
1494,B,1.6858000000000002,1,16858
1495,A,0.87809999999999999,1,8781
1495,B,0.996,0,9960
1496,A,0.68280000000000007,1,6828
1496,B,4.8725000000000005,0,48725
1497,A,1.2897000000000001,1,12897
1497,B,1.2051000000000001,0,12051
1498,A,1.1449,1,11449
1498,B,0.42949999999999999,0,4295
1499,A,0.92760000000000009,0,9276
1499,B,0.70250000000000001,0,7025
1500,A,0.51519999999999999,1,5152
1500,B,1.4040000000000001,0,14040
1501,A,1.0735000000000001,1,10735
1501,B,2.0145,1,20145
1502,A,1.1262000000000001,1,11262
1502,B,1.3095000000000001,0,13095
1503,A,0.72189999999999999,1,7219
1503,B,2.6572,0,26572
1504,A,0.82390000000000008,1,8239
1504,B,1.0958000000000001,0,10958
1505,A,0.64460000000000006,1,6446
1505,B,1.7847000000000002,0,17847
1506,A,0.42120000000000002,1,4212
1506,B,1.0989,0,10989
1507,A,0.49760000000000004,1,4976
1507,B,0.3463,0,3463
1508,A,0.92970000000000008,1,9297
1508,B,3.5283000000000002,0,35283
1509,A,0.86760000000000004,1,8676
1509,B,1.333,0,13330
1510,A,0.60940000000000005,1,6094
1510,B,0.53610000000000002,1,5361
1511,A,0.36000000000000004,1,3600
1511,B,0.45530000000000004,0,4553
1512,A,1.1848000000000001,1,11848
1512,B,2.7139000000000002,0,27139
1513,A,0.4486,1,4486
1513,B,1.3269,0,13269
1514,A,0.79250000000000009,1,7925
1514,B,1.2610000000000001,1,12610
1515,A,0.64450000000000007,1,6445
1515,B,0.88570000000000004,1,8857
1516,A,1.3148,1,13148
1516,B,1.8960000000000001,0,18960
1517,A,0.89600000000000002,1,8960
1517,B,0.98030000000000006,0,9803
1518,A,2.1547000000000001,1,21547
1518,B,2.8341000000000003,0,28341
1519,A,0.84250000000000003,1,8425
1519,B,1.9478000000000002,1,19478
1520,A,1.2932000000000001,1,12932
1520,B,0.75109999999999999,1,7511
1521,A,0.83810000000000007,1,8381
1521,B,1.3633,0,13633
1522,A,0.32100000000000001,1,3210
1522,B,0.72750000000000004,0,7275
1523,A,0.3987,0,3987
1523,B,1.9318000000000002,1,19318
1524,A,0.55130000000000001,1,5513
1524,B,1.2684,1,12684
1525,A,0.58900000000000008,1,5890
1525,B,1.417,0,14170
1526,A,0.5736,1,5736
1526,B,0.71079999999999999,0,7108
1527,A,1.3003,1,13003
1527,B,0.62719999999999998,0,6272
1528,A,0.46750000000000003,1,4675
1528,B,0.28179999999999999,0,2818
1529,A,0.46510000000000001,1,4651
1529,B,0.2462,0,2462
1530,A,0.36330000000000001,1,3633
1530,B,0.2225,0,2225
1531,A,0.64790000000000003,1,6479
1531,B,0.86899999999999999,0,8690
1532,A,1.0018,1,10018
1532,B,0.4088,0,4088
1533,A,0.90890000000000004,1,9089
1533,B,0.3851,0,3851
1534,A,0.39410000000000001,1,3941
1534,B,0.91000000000000003,0,9100
1535,A,0.33310000000000001,1,3331
1535,B,3.2770000000000001,1,32770
1536,A,0.68910000000000005,1,6891
1536,B,1.4669000000000001,1,14669
1537,A,1.1179000000000001,1,11179
1537,B,1.8173000000000001,0,18173
1538,A,1.3600000000000001,1,13600
1538,B,0.46880000000000005,0,4688
1539,A,0.32240000000000002,1,3224
1539,B,0.79490000000000005,0,7949
1540,A,1.0365,1,10365
1540,B,0.41240000000000004,0,4124
1541,A,2.7074000000000003,1,27074
1541,B,0.50719999999999998,0,5072
1542,A,0.83490000000000009,1,8349
1542,B,1.3813,1,13813
1543,A,0.45580000000000004,1,4558
1543,B,2.1850000000000001,0,21850
1544,A,1.0235000000000001,1,10235
1544,B,0.35660000000000003,0,3566
1545,A,0.83560000000000001,1,8356
1545,B,0.55800000000000005,0,5580
1546,A,1.9094,1,19094
1546,B,0.25,0,2500
1547,A,0.3488,1,3488
1547,B,0.2848,0,2848
1548,A,1.6362000000000001,1,16362
1548,B,1.0199,0,10199
1549,A,2.1495000000000002,1,21495
1549,B,0.74620000000000009,0,7462
1550,A,0.32850000000000001,1,3285
1550,B,1.3408,1,13408
1551,A,1.4373,0,14373
1551,B,0.46450000000000002,0,4645
1552,A,0.70960000000000001,1,7096
1552,B,0.1741,0,1741
1553,A,0.47540000000000004,1,4754
1553,B,0.71200000000000008,0,7120
1554,A,0.63019999999999998,1,6302
1554,B,1.2465000000000002,1,12465
1555,A,0.39369999999999999,1,3937
1555,B,2.29,1,22900
1556,A,1.641,1,16410
1556,B,1.3202,1,13202
1557,A,0.49210000000000004,1,4921
1557,B,1.722,0,17220
1558,A,0.50470000000000004,1,5047
1558,B,0.32000000000000001,0,3200
1559,A,0.87620000000000009,1,8762
1559,B,1.8021,0,18021
1560,A,1.7212000000000001,1,17212
1560,B,0.32569999999999999,0,3257
1561,A,0.25190000000000001,1,2519
1561,B,1.4482000000000002,0,14482
1562,A,0.83960000000000001,1,8396
1562,B,2.6715,1,26715
1563,A,0.31380000000000002,1,3138
1563,B,2.2467999999999999,1,22468
1564,A,1.0345,1,10345
1564,B,0.83490000000000009,0,8349
1565,A,0.69100000000000006,1,6910
1565,B,0.095000000000000001,0,950
1566,A,1.3916000000000002,1,13916
1566,B,0.45300000000000001,0,4530
1567,A,0.49940000000000001,1,4994
1567,B,0.56530000000000002,0,5653
1568,A,0.58920000000000006,0,5892
1568,B,0.46560000000000001,0,4656
1569,A,1.0057,1,10057
1569,B,0.45070000000000005,0,4507
1570,A,3.0273000000000003,1,30273
1570,B,0.59770000000000001,0,5977
1571,A,0.94180000000000008,1,9418
1571,B,3.7930000000000001,1,37930
1572,A,1.7644000000000002,1,17644
1572,B,0.51270000000000004,0,5127
1573,A,1.1247,1,11247
1573,B,0.3569,0,3569
1574,A,0.81780000000000008,1,8178
1574,B,0.66490000000000005,0,6649
1575,A,0.4153,1,4153
1575,B,1.5049000000000001,0,15049
1576,A,1.7217,1,17217
1576,B,1.3313000000000001,1,13313
1577,A,0.4456,1,4456
1577,B,0.84950000000000003,0,8495
1578,A,1.7327000000000001,0,17327
1578,B,2.25,1,22500
1579,A,0.75270000000000004,1,7527
1579,B,0.86070000000000002,0,8607
1580,A,0.1207,0,1207
1580,B,0.8226,0,8226
1581,A,0.4708,1,4708
1581,B,0.2606,0,2606
1582,A,0.55400000000000005,1,5540
1582,B,0.94480000000000008,0,9448
1583,A,0.52470000000000006,1,5247
1583,B,0.43140000000000001,0,4314
1584,A,0.62509999999999999,1,6251
1584,B,3.1914000000000002,0,31914
1585,A,0.66510000000000002,1,6651
1585,B,0.2545,0,2545
1586,A,2.2480000000000002,1,22480
1586,B,0.3327,1,3327
1587,A,0.67720000000000002,1,6772
1587,B,0.82490000000000008,1,8249
1588,A,0.61099999999999999,1,6110
1588,B,0.60570000000000002,0,6057
1589,A,0.40850000000000003,1,4085
1589,B,0.33879999999999999,0,3388
1590,A,0.37740000000000001,1,3774
1590,B,0.70530000000000004,1,7053
1591,A,0.55500000000000005,1,5550
1591,B,0.70130000000000003,0,7013
1592,A,0.49080000000000001,1,4908
1592,B,0.11570000000000001,0,1157
1593,A,0.54200000000000004,1,5420
1593,B,0.22130000000000002,0,2213
1594,A,0.65150000000000008,1,6515
1594,B,2.4780000000000002,1,24780
1595,A,0.56259999999999999,1,5626
1595,B,0.1023,0,1023
1596,A,0.54149999999999998,1,5415
1596,B,0.46580000000000005,0,4658
1597,A,0.51350000000000007,1,5135
1597,B,0.31990000000000002,0,3199
1598,A,0.52729999999999999,1,5273
1598,B,2.6365000000000003,1,26365
1599,A,0.71179999999999999,1,7118
1599,B,2.2278000000000002,0,22278
1600,A,0.54780000000000006,1,5478
1600,B,3.1248,0,31248
1601,A,0.52949999999999997,1,5295
1601,B,1.1822000000000001,0,11822
1602,A,0.67770000000000008,1,6777
1602,B,3.4758,0,34758
1603,A,0.58660000000000001,1,5866
1603,B,1.5593000000000001,1,15593
1604,A,0.55690000000000006,1,5569
1604,B,0.83600000000000008,0,8360
1605,A,0.70469999999999999,1,7047
1605,B,0.80720000000000003,0,8072
1606,A,0.96630000000000005,1,9663
1606,B,0.39500000000000002,0,3950
1607,A,0.56790000000000007,1,5679
1607,B,4.5937999999999999,1,45938
1608,A,1.8843000000000001,1,18843
1608,B,0.64640000000000009,0,6464
1609,A,0.67060000000000008,1,6706
1609,B,1.4375,1,14375
1610,A,1.1682000000000001,1,11682
1610,B,1.6189,1,16189
1611,A,0.4103,1,4103
1611,B,0.4017,0,4017
1612,A,0.29930000000000001,1,2993
1612,B,0.59499999999999997,0,5950
1613,A,1.1244000000000001,1,11244
1613,B,0.2288,0,2288
1614,A,0.52639999999999998,1,5264
1614,B,0.21050000000000002,0,2105
1615,A,1.0424,1,10424
1615,B,1.0191000000000001,1,10191
1616,A,0.52450000000000008,1,5245
1616,B,0.2918,0,2918
1617,A,2.3446000000000002,1,23446
1617,B,0.56710000000000005,0,5671
1618,A,0.74280000000000002,1,7428
1618,B,0.53070000000000006,0,5307
1619,A,0.47350000000000003,1,4735
1619,B,2.2737000000000003,1,22737
1620,A,0.95050000000000001,1,9505
1620,B,2.9266000000000001,0,29266
1621,A,0.4294,1,4294
1621,B,0.76960000000000006,0,7696
1622,A,0.64550000000000007,1,6455
1622,B,0.39780000000000004,0,3978
1623,A,1.2977000000000001,1,12977
1623,B,2.0508000000000002,1,20508
1624,A,0.67449999999999999,1,6745
1624,B,1.8110000000000002,1,18110
1625,A,0.66890000000000005,1,6689
1625,B,0.58850000000000002,0,5885
1626,A,0.8852000000000001,1,8852
1626,B,0.65790000000000004,0,6579
1627,A,0.68110000000000004,1,6811
1627,B,3.8196000000000003,0,38196
1628,A,0.54500000000000004,1,5450
1628,B,1.2405000000000002,1,12405
1629,A,0.60750000000000004,1,6075
1629,B,0.49540000000000001,0,4954
1630,A,0.62519999999999998,1,6252
1630,B,0.96610000000000007,0,9661
1631,A,0.73260000000000003,1,7326
1631,B,2.7389000000000001,1,27389
1632,A,0.89800000000000002,1,8980
1632,B,1.0931999999999999,1,10932
1633,A,0.4219,1,4219
1633,B,3.5548999999999999,0,35549
1634,A,1.1434,1,11434
1634,B,1.0781000000000001,0,10781
1635,A,0.99990000000000001,1,9999
1635,B,1.7926000000000002,1,17926
1636,A,0.67580000000000007,1,6758
1636,B,1.4274,0,14274
1637,A,0.79270000000000007,1,7927
1637,B,0.81559999999999999,0,8156
1638,A,0.80570000000000008,1,8057
1638,B,0.39319999999999999,0,3932
1639,A,0.56620000000000004,1,5662
1639,B,4.2641999999999998,0,42642
1640,A,1.6821000000000002,1,16821
1640,B,0.80010000000000003,1,8001
1641,A,0.4461,1,4461
1641,B,0.46480000000000005,0,4648
1642,A,1.1188,1,11188
1642,B,2.9695,0,29695
1643,A,0.88390000000000002,1,8839
1643,B,0.3483,0,3483
1644,A,0.79349999999999998,1,7935
1644,B,0.24280000000000002,0,2428
1645,A,0.72410000000000008,1,7241
1645,B,0.88109999999999999,1,8811
1646,A,1.4414,1,14414
1646,B,1.5704,0,15704
1647,A,0.57930000000000004,1,5793
1647,B,1.8975000000000002,1,18975
1648,A,0.76500000000000001,1,7650
1648,B,1.3804000000000001,0,13804
1649,A,0.61480000000000001,1,6148
1649,B,0.11670000000000001,0,1167
1650,A,0.29899999999999999,1,2990
1650,B,0.4536,0,4536
1651,A,0.59489999999999998,1,5949
1651,B,1.1852,0,11852
1652,A,0.95350000000000001,0,9535
1652,B,3.6216000000000004,1,36216
1653,A,1.3965000000000001,1,13965
1653,B,0.31010000000000004,0,3101
1654,A,0.53249999999999997,1,5325
1654,B,0.38700000000000001,0,3870
1655,A,0.91260000000000008,1,9126
1655,B,3.6793,0,36793
1656,A,0.84379999999999999,1,8438
1656,B,0.39069999999999999,0,3907
1657,A,0.78320000000000001,1,7832
1657,B,2.7806999999999999,1,27807
1658,A,1.5243,1,15243
1658,B,2.2122000000000002,0,22122
1659,A,0.42630000000000001,1,4263
1659,B,0.99790000000000001,1,9979
1660,A,1.0472000000000001,1,10472
1660,B,0.2742,0,2742
1661,A,0.4098,0,4098
1661,B,0.40670000000000001,0,4067
1662,A,0.58189999999999997,1,5819
1662,B,0.64629999999999999,0,6463
1663,A,0.58260000000000001,1,5826
1663,B,2.0988000000000002,1,20988
1664,A,1.8304,1,18304
1664,B,1.6658000000000002,1,16658
1665,A,0.71750000000000003,1,7175
1665,B,0.77680000000000005,1,7768
1666,A,0.54720000000000002,1,5472
1666,B,0.75719999999999998,1,7572
1667,A,0.379,1,3790
1667,B,1.5825,0,15825
1668,A,0.56390000000000007,1,5639
1668,B,2.6139000000000001,0,26139
1669,A,0.97760000000000002,1,9776
1669,B,0.67849999999999999,0,6785
1670,A,0.25180000000000002,1,2518
1670,B,0.6341,0,6341
1671,A,0.85950000000000004,1,8595
1671,B,1.4368000000000001,0,14368
1672,A,0.65580000000000005,1,6558
1672,B,0.28100000000000003,0,2810
1673,A,0.63860000000000006,1,6386
1673,B,1.29,1,12900
1674,A,0.42580000000000001,1,4258
1674,B,2.4380999999999999,0,24381
1675,A,0.78650000000000009,1,7865
1675,B,0.69290000000000007,1,6929
1676,A,0.79010000000000002,0,7901
1676,B,0.6492,0,6492
1677,A,0.45420000000000005,1,4542
1677,B,0.53220000000000001,0,5322
1678,A,0.52629999999999999,1,5263
1678,B,1.2231000000000001,1,12231
1679,A,0.58560000000000001,1,5856
1679,B,2.4210000000000003,1,24210
1680,A,0.7661,1,7661
1680,B,1.8775000000000002,1,18775
1681,A,0.84589999999999999,1,8459
1681,B,0.20650000000000002,0,2065
1682,A,0.68600000000000005,1,6860
1682,B,1.6747000000000001,1,16747
1683,A,0.32020000000000004,1,3202
1683,B,0.60799999999999998,0,6080
1684,A,1.0762,1,10762
1684,B,0.48750000000000004,0,4875
1685,A,0.46210000000000001,1,4621
1685,B,0.24380000000000002,0,2438
1686,A,0.34390000000000004,1,3439
1686,B,0.49200000000000005,1,4920
1687,A,0.91510000000000002,1,9151
1687,B,0.8266,0,8266
1688,A,0.61330000000000007,1,6133
1688,B,1.2576000000000001,1,12576
1689,A,0.53160000000000007,1,5316
1689,B,0.27510000000000001,0,2751
1690,A,2.0009999999999999,1,20010
1690,B,0.77990000000000004,1,7799
1691,A,1.1118000000000001,1,11118
1691,B,0.29960000000000003,0,2996
1692,A,0.37770000000000004,1,3777
1692,B,3.2132000000000001,0,32132
1693,A,0.79290000000000005,1,7929
1693,B,3.2857000000000003,1,32857
1694,A,0.41980000000000001,1,4198
1694,B,4.8357000000000001,0,48357
1695,A,0.36530000000000001,1,3653
1695,B,1.3538000000000001,0,13538
1696,A,0.93160000000000009,1,9316
1696,B,0.53670000000000007,0,5367
1697,A,0.64050000000000007,1,6405
1697,B,1.6958,0,16958
1698,A,0.35350000000000004,1,3535
1698,B,2.6018000000000003,1,26018
1699,A,0.97650000000000003,1,9765
1699,B,1.8661000000000001,1,18661
1700,A,0.8983000000000001,1,8983
1700,B,1.4768000000000001,0,14768
1701,A,1.2234,1,12234
1701,B,0.72610000000000008,0,7261
1702,A,0.44309999999999999,1,4431
1702,B,0.33990000000000004,0,3399
1703,A,0.49940000000000001,1,4994
1703,B,1.9702000000000002,0,19702
1704,A,0.75340000000000007,0,7534
1704,B,1.3052000000000001,0,13052
1705,A,0.9225000000000001,1,9225
1705,B,0.35560000000000003,0,3556
1706,A,0.39710000000000001,1,3971
1706,B,0.14830000000000002,0,1483
1707,A,0.81170000000000009,1,8117
1707,B,0.502,1,5020
1708,A,0.76870000000000005,1,7687
1708,B,1.8646,0,18646
1709,A,0.34710000000000002,1,3471
1709,B,0.44260000000000005,0,4426
1710,A,0.58120000000000005,1,5812
1710,B,1.0576000000000001,0,10576
1711,A,0.95690000000000008,1,9569
1711,B,0.7883,1,7883
1712,A,0.32150000000000001,1,3215
1712,B,0.8347,0,8347
1713,A,0.8952,1,8952
1713,B,0.752,0,7520
1714,A,1.3187,1,13187
1714,B,0.46510000000000001,1,4651
1715,A,1.2231000000000001,1,12231
1715,B,1.2970000000000002,1,12970
1716,A,0.98410000000000009,1,9841
1716,B,5.6109,1,56109
1717,A,0.60310000000000008,1,6031
1717,B,1.6934,1,16934
1718,A,0.56659999999999999,1,5666
1718,B,0.68420000000000003,0,6842
1719,A,1.5422,1,15422
1719,B,1.7377,0,17377
1720,A,1.734,1,17340
1720,B,0.55449999999999999,0,5545
1721,A,1.1215000000000002,1,11215
1721,B,0.54200000000000004,0,5420
1722,A,0.52490000000000003,1,5249
1722,B,1.4744000000000002,0,14744
1723,A,1.8785000000000001,1,18785
1723,B,2.3651,1,23651
1724,A,0.21480000000000002,0,2148
1724,B,0.83279999999999998,0,8328
1725,A,0.66180000000000005,1,6618
1725,B,0.98840000000000006,0,9884
1726,A,0.69100000000000006,1,6910
1726,B,1.6646000000000001,0,16646
1727,A,0.82690000000000008,1,8269
1727,B,2.2293000000000003,0,22293
1728,A,0.70190000000000008,1,7019
1728,B,1.7850000000000001,0,17850
1729,A,0.72930000000000006,1,7293
1729,B,0.97640000000000005,1,9764
1730,A,1.5637000000000001,1,15637
1730,B,1.1870000000000001,1,11870
1731,A,0.37530000000000002,1,3753
1731,B,0.28560000000000002,0,2856
1732,A,0.67600000000000005,1,6760
1732,B,0.8175,1,8175
1733,A,1.1063000000000001,1,11063
1733,B,0.43430000000000002,0,4343
1734,A,0.77340000000000009,1,7734
1734,B,3.2484999999999999,1,32485
1735,A,1.2648000000000001,1,12648
1735,B,0.37120000000000003,0,3712
1736,A,0.54010000000000002,1,5401
1736,B,0.58960000000000001,0,5896
1737,A,0.62109999999999999,1,6211
1737,B,0.80959999999999999,0,8096
1738,A,1.6721000000000001,1,16721
1738,B,0.85770000000000002,1,8577
1739,A,0.54520000000000002,1,5452
1739,B,0.4874,0,4874
1740,A,0.40920000000000001,1,4092
1740,B,0.33729999999999999,0,3373
1741,A,0.626,1,6260
1741,B,1.5134000000000001,1,15134
1742,A,0.88870000000000005,1,8887
1742,B,0.82740000000000002,0,8274
1743,A,0.65860000000000007,1,6586
1743,B,1.3905000000000001,0,13905
1744,A,0.47170000000000001,1,4717
1744,B,0.4793,0,4793
1745,A,1.042,1,10420
1745,B,1.3431,1,13431
1746,A,0.6946,1,6946
1746,B,0.85600000000000009,1,8560
1747,A,0.48200000000000004,1,4820
1747,B,2.5266999999999999,1,25267
1748,A,0.75570000000000004,1,7557
1748,B,0.43560000000000004,0,4356
1749,A,0.23300000000000001,1,2330
1749,B,0.73870000000000002,1,7387
1750,A,1.1425000000000001,1,11425
1750,B,0.13550000000000001,0,1355
1751,A,0.68920000000000003,1,6892
1751,B,1.9941000000000002,0,19941
1752,A,0.375,1,3750
1752,B,0.88260000000000005,0,8826
1753,A,2.2209000000000003,1,22209
1753,B,0.3372,0,3372
1754,A,1.0933000000000002,1,10933
1754,B,0.99410000000000009,0,9941
1755,A,0.76680000000000004,1,7668
1755,B,1.4357,1,14357
1756,A,0.53720000000000001,1,5372
1756,B,1.1776,0,11776
1757,A,0.82980000000000009,1,8298
1757,B,0.3856,0,3856
1758,A,1.1349,1,11349
1758,B,0.91339999999999999,0,9134
1759,A,0.72460000000000002,1,7246
1759,B,0.69769999999999999,0,6977
1760,A,1.4878,1,14878
1760,B,0.66100000000000003,0,6610
1761,A,0.80060000000000009,1,8006
1761,B,0.74409999999999998,0,7441
1762,A,0.42020000000000002,0,4202
1762,B,0.43870000000000003,0,4387
1763,A,1.4189000000000001,1,14189
1763,B,1.1306,0,11306
1764,A,0.1242,0,1242
1764,B,1.4804000000000002,0,14804
1765,A,0.85620000000000007,1,8562
1765,B,1.1040000000000001,0,11040
1766,A,1.024,1,10240
1766,B,1.5567,0,15567
1767,A,0.6754,1,6754
1767,B,1.0218,0,10218
1768,A,0.82420000000000004,1,8242
1768,B,1.1578000000000002,0,11578
1769,A,0.63019999999999998,0,6302
1769,B,1.6704000000000001,1,16704
1770,A,1.4470000000000001,1,14470
1770,B,1.0341,1,10341
1771,A,0.83190000000000008,1,8319
1771,B,3.5192000000000001,1,35192
1772,A,0.42720000000000002,1,4272
1772,B,0.84240000000000004,0,8424
1773,A,1.1055000000000001,1,11055
1773,B,1.3769,1,13769
1774,A,0.64019999999999999,1,6402
1774,B,0.70200000000000007,0,7020
1775,A,0.67470000000000008,1,6747
1775,B,0.78490000000000004,0,7849
1776,A,0.50190000000000001,1,5019
1776,B,0.91370000000000007,0,9137
1777,A,0.46290000000000003,1,4629
1777,B,4.2820999999999998,1,42821
1778,A,0.55940000000000001,1,5594
1778,B,3.9014000000000002,1,39014
1779,A,0.54160000000000008,1,5416
1779,B,2.1726000000000001,0,21726
1780,A,0.57040000000000002,1,5704
1780,B,0.51100000000000001,0,5110
1781,A,0.67580000000000007,1,6758
1781,B,1.3912,1,13912
1782,A,0.43070000000000003,1,4307
1782,B,0.24650000000000002,0,2465
1783,A,0.93320000000000003,1,9332
1783,B,1.0558000000000001,0,10558
1784,A,0.70690000000000008,1,7069
1784,B,0.92000000000000004,1,9200
1785,A,0.4556,1,4556
1785,B,0.78960000000000008,0,7896
1786,A,1.0218,1,10218
1786,B,1.5539000000000001,1,15539
1787,A,1.1198000000000001,1,11198
1787,B,0.64950000000000008,0,6495
1788,A,0.77300000000000002,1,7730
1788,B,1.0270000000000001,0,10270
1789,A,0.93330000000000002,1,9333
1789,B,0.21340000000000001,0,2134
1790,A,0.36110000000000003,1,3611
1790,B,2.1653000000000002,0,21653
1791,A,0.74140000000000006,1,7414
1791,B,0.88790000000000002,1,8879
1792,A,0.71589999999999998,1,7159
1792,B,0.91060000000000008,1,9106
1793,A,0.67920000000000003,1,6792
1793,B,1.4743000000000002,0,14743
1794,A,0.83800000000000008,1,8380
1794,B,2.3458000000000001,0,23458
1795,A,1.2133,1,12133
1795,B,1.0001,0,10001
1796,A,0.8206,1,8206
1796,B,1.2302999999999999,0,12303
1797,A,0.55030000000000001,1,5503
1797,B,0.40990000000000004,0,4099
1798,A,0.81610000000000005,1,8161
1798,B,1.8819000000000001,0,18819
1799,A,0.42820000000000003,1,4282
1799,B,1.1103000000000001,0,11103
1800,A,0.63080000000000003,1,6308
1800,B,0.76350000000000007,0,7635
1801,A,0.70250000000000001,1,7025
1801,B,0.46490000000000004,0,4649
1802,A,1.1919999999999999,1,11920
1802,B,0.43720000000000003,0,4372
1803,A,1.0273000000000001,1,10273
1803,B,0.63219999999999998,1,6322
1804,A,0.94230000000000003,1,9423
1804,B,0.66110000000000002,1,6611
1805,A,0.57620000000000005,1,5762
1805,B,0.31380000000000002,0,3138
1806,A,1.9448000000000001,1,19448
1806,B,0.33110000000000001,0,3311
1807,A,0.79470000000000007,1,7947
1807,B,0.4748,0,4748
1808,A,0.64100000000000001,1,6410
1808,B,0.59720000000000006,1,5972
1809,A,1.2183000000000002,1,12183
1809,B,0.62670000000000003,0,6267
1810,A,1.2623,1,12623
1810,B,0.61030000000000006,0,6103
1811,A,1.3315000000000001,1,13315
1811,B,0.61260000000000003,0,6126
1812,A,0.59770000000000001,1,5977
1812,B,2.5543,1,25543
1813,A,1.0859000000000001,1,10859
1813,B,1.0961000000000001,0,10961
1814,A,0.87040000000000006,1,8704
1814,B,2.6331000000000002,1,26331
1815,A,0.78710000000000002,1,7871
1815,B,0.97740000000000005,0,9774
1816,A,0.38500000000000001,1,3850
1816,B,1.0877000000000001,1,10877
1817,A,0.99199999999999999,1,9920
1817,B,1.6093000000000002,1,16093
1818,A,0.74690000000000001,1,7469
1818,B,1.8484,0,18484
1819,A,0.55349999999999999,1,5535
1819,B,0.58520000000000005,0,5852
1820,A,0.75970000000000004,1,7597
1820,B,0.30360000000000004,0,3036
1821,A,0.63390000000000002,1,6339
1821,B,1.5279,0,15279
1822,A,0.66139999999999999,1,6614
1822,B,0.3901,0,3901
1823,A,0.90560000000000007,1,9056
1823,B,1.4120000000000001,1,14120
1824,A,0.60250000000000004,1,6025
1824,B,0.87350000000000005,1,8735
1825,A,0.57350000000000001,1,5735
1825,B,5.2140000000000004,1,52140
1826,A,0.57520000000000004,1,5752
1826,B,0.33160000000000001,0,3316
1827,A,0.69059999999999999,1,6906
1827,B,0.53100000000000003,0,5310
1828,A,1.546,1,15460
1828,B,0.63529999999999998,0,6353
1829,A,0.40800000000000003,0,4080
1829,B,1.3517000000000001,1,13517
1830,A,0.41639999999999999,1,4164
1830,B,1.2193000000000001,0,12193
1831,A,0.89860000000000007,1,8986
1831,B,0.37590000000000001,0,3759
1832,A,0.60840000000000005,1,6084
1832,B,0.5413,0,5413
1833,A,0.5927,1,5927
1833,B,0.91420000000000001,0,9142
1834,A,0.41789999999999999,1,4179
1834,B,1.2031000000000001,0,12031
1835,A,0.70310000000000006,1,7031
1835,B,1.9451000000000001,1,19451
1836,A,0.78739999999999999,1,7874
1836,B,0.67480000000000007,1,6748
1837,A,0.72540000000000004,1,7254
1837,B,1.7733000000000001,0,17733
1838,A,0.36030000000000001,1,3603
1838,B,1.0527,1,10527
1839,A,0.66760000000000008,1,6676
1839,B,1.3964000000000001,0,13964
1840,A,0.64870000000000005,0,6487
1840,B,0.63850000000000007,0,6385
1841,A,0.58840000000000003,1,5884
1841,B,5.3117999999999999,1,53118
1842,A,0.70520000000000005,1,7052
1842,B,1.7808000000000002,1,17808
1843,A,0.28420000000000001,1,2842
1843,B,1.4744000000000002,0,14744
1844,A,0.71100000000000008,1,7110
1844,B,0.97260000000000002,1,9726
1845,A,1.4642000000000002,1,14642
1845,B,0.95950000000000002,1,9595
1846,A,1.2131000000000001,1,12131
1846,B,1.1513,1,11513
1847,A,0.53549999999999998,1,5355
1847,B,0.19110000000000002,0,1911
1848,A,0.58660000000000001,1,5866
1848,B,0.92560000000000009,1,9256
1849,A,0.35560000000000003,0,3556
1849,B,0.85620000000000007,0,8562
1850,A,0.94990000000000008,0,9499
1850,B,0.23020000000000002,0,2302
1851,A,0.49220000000000003,0,4922
1851,B,0.64640000000000009,1,6464
1852,A,1.1832,1,11832
1852,B,1.0354000000000001,0,10354
1853,A,0.69830000000000003,1,6983
1853,B,0.31420000000000003,0,3142
1854,A,0.49200000000000005,1,4920
1854,B,1.5941000000000001,1,15941
1855,A,0.48320000000000002,1,4832
1855,B,1.3519000000000001,1,13519
1856,A,0.44290000000000002,1,4429
1856,B,0.55959999999999999,0,5596
1857,A,0.28220000000000001,1,2822
1857,B,0.4834,0,4834
1858,A,0.95420000000000005,1,9542
1858,B,0.67680000000000007,0,6768
1859,A,0.82040000000000002,1,8204
1859,B,0.63150000000000006,0,6315
1860,A,1.2118,1,12118
1860,B,0.94230000000000003,0,9423
1861,A,0.65610000000000002,1,6561
1861,B,0.50509999999999999,0,5051
1862,A,0.41570000000000001,1,4157
1862,B,1.3981000000000001,1,13981
1863,A,0.78290000000000004,1,7829
1863,B,0.96300000000000008,1,9630
1864,A,0.52239999999999998,1,5224
1864,B,0.97100000000000009,0,9710
1865,A,0.62180000000000002,1,6218
1865,B,0.72830000000000006,0,7283
1866,A,1.0365,1,10365
1866,B,1.2197,0,12197
1867,A,0.79270000000000007,1,7927
1867,B,1.8504,0,18504
1868,A,0.63230000000000008,1,6323
1868,B,0.21930000000000002,0,2193
1869,A,0.89270000000000005,1,8927
1869,B,0.56020000000000003,0,5602
1870,A,1.7618,1,17618
1870,B,1.0442,0,10442
1871,A,0.37970000000000004,0,3797
1871,B,0.60589999999999999,0,6059
1872,A,0.54300000000000004,1,5430
1872,B,0.99880000000000002,0,9988
1873,A,0.41770000000000002,0,4177
1873,B,1.5734000000000001,1,15734
1874,A,0.83300000000000007,1,8330
1874,B,1.8647,0,18647
1875,A,0.54549999999999998,1,5455
1875,B,0.34410000000000002,0,3441
1876,A,0.91510000000000002,1,9151
1876,B,0.24860000000000002,0,2486
1877,A,1.5434000000000001,1,15434
1877,B,0.34140000000000004,0,3414
1878,A,0.68359999999999999,1,6836
1878,B,0.57050000000000001,0,5705
1879,A,0.50929999999999997,1,5093
1879,B,0.499,0,4990
1880,A,0.24830000000000002,1,2483
1880,B,1.625,1,16250
1881,A,0.3095,1,3095
1881,B,4.1287000000000003,0,41287
1882,A,0.69069999999999998,1,6907
1882,B,1.3769,0,13769
1883,A,0.374,1,3740
1883,B,0.27960000000000002,0,2796
1884,A,0.27910000000000001,0,2791
1884,B,0.97010000000000007,0,9701
1885,A,0.54910000000000003,1,5491
1885,B,1.6792,0,16792
1886,A,1.05,1,10500
1886,B,2.6525000000000003,0,26525
1887,A,0.59279999999999999,1,5928
1887,B,2.5081000000000002,0,25081
1888,A,0.46100000000000002,1,4610
1888,B,1.2489000000000001,1,12489
1889,A,0.50019999999999998,1,5002
1889,B,0.37390000000000001,0,3739
1890,A,0.72410000000000008,1,7241
1890,B,1.1912,0,11912
1891,A,0.74430000000000007,1,7443
1891,B,2.2488999999999999,1,22489
1892,A,1.3922000000000001,1,13922
1892,B,0.21890000000000001,0,2189
1893,A,0.7036,1,7036
1893,B,0.72660000000000002,0,7266
1894,A,0.56510000000000005,1,5651
1894,B,0.26500000000000001,0,2650
1895,A,0.7591,1,7591
1895,B,1.4885000000000002,1,14885
1896,A,0.50229999999999997,1,5023
1896,B,1.9267000000000001,1,19267
1897,A,0.59289999999999998,1,5929
1897,B,1.3947000000000001,0,13947
1898,A,0.66800000000000004,1,6680
1898,B,0.66800000000000004,0,6680
1899,A,1.4311,1,14311
1899,B,1.9427000000000001,0,19427
1900,A,0.9447000000000001,1,9447
1900,B,1.327,1,13270
1901,A,0.68600000000000005,1,6860
1901,B,0.4017,0,4017
1902,A,1.4492,1,14492
1902,B,1.2422,1,12422
1903,A,0.62619999999999998,1,6262
1903,B,1.7668000000000001,1,17668
1904,A,0.9840000000000001,1,9840
1904,B,0.4531,1,4531
1905,A,0.43320000000000003,0,4332
1905,B,0.66570000000000007,1,6657
1906,A,0.78280000000000005,1,7828
1906,B,0.88919999999999999,0,8892
1907,A,0.81740000000000002,1,8174
1907,B,0.60770000000000002,0,6077
1908,A,0.71710000000000007,1,7171
1908,B,1.5402,0,15402
1909,A,0.47160000000000002,1,4716
1909,B,2.1970000000000001,0,21970
1910,A,0.41520000000000001,1,4152
1910,B,0.43180000000000002,0,4318
1911,A,0.71040000000000003,1,7104
1911,B,1.5863,0,15863
1912,A,0.69220000000000004,1,6922
1912,B,1.1141000000000001,1,11141
1913,A,0.52780000000000005,1,5278
1913,B,2.2486000000000002,0,22486
1914,A,1.0230000000000001,1,10230
1914,B,1.9071,1,19071
1915,A,0.68780000000000008,1,6878
1915,B,0.25159999999999999,0,2516
1916,A,0.59730000000000005,1,5973
1916,B,0.80830000000000002,0,8083
1917,A,0.47190000000000004,1,4719
1917,B,0.90410000000000001,0,9041
1918,A,1.4173,1,14173
1918,B,0.3175,0,3175
1919,A,0.36840000000000001,1,3684
1919,B,1.093,0,10930
1920,A,1.2766,1,12766
1920,B,1.1849000000000001,0,11849
1921,A,1.2650000000000001,1,12650
1921,B,2.0651999999999999,1,20652
1922,A,0.83579999999999999,1,8358
1922,B,1.2039,0,12039
1923,A,0.76250000000000007,1,7625
1923,B,2.0792000000000002,1,20792
1924,A,1.4023000000000001,1,14023
1924,B,2.8468,0,28468
1925,A,0.70020000000000004,1,7002
1925,B,3.3650000000000002,1,33650
1926,A,1.4059000000000001,1,14059
1926,B,0.61550000000000005,0,6155
1927,A,1.4332,1,14332
1927,B,0.8851,0,8851
1928,A,1.3043,1,13043
1928,B,0.94750000000000001,0,9475
1929,A,0.76919999999999999,1,7692
1929,B,0.2873,0,2873
1930,A,1.3095000000000001,1,13095
1930,B,0.97850000000000004,1,9785
1931,A,1.1483000000000001,1,11483
1931,B,0.93180000000000007,0,9318
1932,A,1.0295000000000001,1,10295
1932,B,3.6359000000000004,1,36359
1933,A,0.58020000000000005,1,5802
1933,B,0.24590000000000001,0,2459
1934,A,1.3069000000000002,0,13069
1934,B,1.8714000000000002,1,18714
1935,A,0.81440000000000001,1,8144
1935,B,1.7471000000000001,1,17471
1936,A,1.1839,1,11839
1936,B,0.17250000000000001,0,1725
1937,A,0.17070000000000002,0,1707
1937,B,2.6906000000000003,0,26906
1938,A,0.86030000000000006,0,8603
1938,B,2.3502000000000001,1,23502
1939,A,0.89330000000000009,1,8933
1939,B,2.8273000000000001,0,28273
1940,A,0.8458,1,8458
1940,B,0.21060000000000001,0,2106
1941,A,0.67030000000000001,1,6703
1941,B,1.6253,0,16253
1942,A,0.52639999999999998,1,5264
1942,B,0.28040000000000004,0,2804
1943,A,0.3327,1,3327
1943,B,2.8612000000000002,1,28612
1944,A,0.55170000000000008,1,5517
1944,B,1.2511000000000001,1,12511
1945,A,0.65400000000000003,1,6540
1945,B,1.0478000000000001,0,10478
1946,A,0.82030000000000003,1,8203
1946,B,0.73340000000000005,0,7334
1947,A,0.6714,0,6714
1947,B,2.4239999999999999,1,24240
1948,A,0.89280000000000004,1,8928
1948,B,3.4106000000000001,0,34106
1949,A,0.59699999999999998,1,5970
1949,B,2.2379000000000002,0,22379
1950,A,0.51529999999999998,1,5153
1950,B,1.3297000000000001,1,13297
1951,A,0.55330000000000001,1,5533
1951,B,0.3599,0,3599
1952,A,0.35460000000000003,0,3546
1952,B,1.8074000000000001,0,18074
1953,A,0.88619999999999999,1,8862
1953,B,0.82550000000000001,0,8255
1954,A,0.44670000000000004,1,4467
1954,B,0.77529999999999999,0,7753
1955,A,1.4515,1,14515
1955,B,2.8856000000000002,1,28856
1956,A,0.71989999999999998,1,7199
1956,B,0.4299,0,4299
1957,A,1.8151000000000002,1,18151
1957,B,0.2893,0,2893
1958,A,0.42550000000000004,1,4255
1958,B,0.50800000000000001,1,5080
1959,A,0.62880000000000003,1,6288
1959,B,1.1415999999999999,0,11416
1960,A,0.57830000000000004,1,5783
1960,B,2.4746999999999999,0,24747
1961,A,0.57990000000000008,0,5799
1961,B,2.3499000000000003,0,23499
1962,A,0.4733,0,4733
1962,B,2.73,0,27300
1963,A,0.72630000000000006,1,7263
1963,B,1.2723,0,12723
1964,A,0.75190000000000001,1,7519
1964,B,0.27340000000000003,0,2734
1965,A,0.69800000000000006,1,6980
1965,B,0.3281,0,3281
1966,A,0.34340000000000004,1,3434
1966,B,0.67710000000000004,0,6771
1967,A,1.6501000000000001,1,16501
1967,B,0.11890000000000001,0,1189
1968,A,1.8989,1,18989
1968,B,0.26750000000000002,0,2675
1969,A,0.69640000000000002,1,6964
1969,B,0.17810000000000001,0,1781
1970,A,0.37340000000000001,0,3734
1970,B,1.8010000000000002,1,18010
1971,A,0.77400000000000002,1,7740
1971,B,0.50629999999999997,1,5063
1972,A,0.67970000000000008,1,6797
1972,B,1.2809000000000001,0,12809
1973,A,1.1124000000000001,1,11124
1973,B,0.96410000000000007,0,9641
1974,A,0.85960000000000003,1,8596
1974,B,1.5529000000000002,1,15529
1975,A,0.76380000000000003,1,7638
1975,B,2.6624000000000003,0,26624
1976,A,0.95490000000000008,1,9549
1976,B,0.77610000000000001,0,7761
1977,A,0.80220000000000002,1,8022
1977,B,2.5616000000000003,0,25616
1978,A,0.42910000000000004,1,4291
1978,B,0.35060000000000002,0,3506
1979,A,0.4027,1,4027
1979,B,2.6345000000000001,1,26345
1980,A,1.3098000000000001,1,13098
1980,B,2.0552000000000001,0,20552
1981,A,1.6064000000000001,1,16064
1981,B,0.2412,0,2412
1982,A,0.79370000000000007,0,7937
1982,B,0.56120000000000003,0,5612
1983,A,0.49490000000000001,1,4949
1983,B,0.77200000000000002,1,7720
1984,A,0.45050000000000001,1,4505
1984,B,1.3678000000000001,0,13678
1985,A,1.1919999999999999,1,11920
1985,B,0.24230000000000002,0,2423
1986,A,0.5282,1,5282
1986,B,1.9661000000000002,0,19661
1987,A,0.79100000000000004,1,7910
1987,B,1.0226999999999999,1,10227
1988,A,0.87720000000000009,1,8772
1988,B,1.7943,0,17943
1989,A,0.99199999999999999,1,9920
1989,B,0.2611,0,2611
1990,A,0.52880000000000005,1,5288
1990,B,0.55759999999999998,0,5576
1991,A,0.85440000000000005,1,8544
1991,B,0.92380000000000007,1,9238
1992,A,0.71889999999999998,1,7189
1992,B,1.2777000000000001,1,12777
1993,A,0.46100000000000002,1,4610
1993,B,0.51029999999999998,0,5103
1994,A,0.91890000000000005,1,9189
1994,B,1.649,0,16490
1995,A,0.5837,1,5837
1995,B,0.52070000000000005,0,5207
1996,A,0.37270000000000003,1,3727
1996,B,0.90920000000000001,0,9092
1997,A,1.3005,1,13005
1997,B,0.1183,0,1183
1998,A,1.419,1,14190
1998,B,1.9280000000000002,1,19280
1999,A,0.67680000000000007,1,6768
1999,B,0.26930000000000004,0,2693
2000,A,0.49790000000000001,1,4979
2000,B,0.3906,0,3906
2001,A,0.77900000000000003,1,7790
2001,B,2.407,1,24070
2002,A,0.92880000000000007,1,9288
2002,B,0.44640000000000002,0,4464
2003,A,0.50409999999999999,1,5041
2003,B,1.5259,1,15259
2004,A,0.77900000000000003,1,7790
2004,B,0.83640000000000003,1,8364
2005,A,0.88130000000000008,1,8813
2005,B,1.3382000000000001,1,13382
2006,A,0.47950000000000004,1,4795
2006,B,1.2185000000000001,1,12185
2007,A,1.3033000000000001,1,13033
2007,B,0.63780000000000003,0,6378
2008,A,0.5151,1,5151
2008,B,1.484,0,14840
2009,A,0.98940000000000006,1,9894
2009,B,0.24380000000000002,0,2438
2010,A,0.66539999999999999,1,6654
2010,B,0.41050000000000003,0,4105
2011,A,1.3163,1,13163
2011,B,0.27990000000000004,0,2799
2012,A,0.49410000000000004,1,4941
2012,B,0.53070000000000006,1,5307
2013,A,0.40440000000000004,1,4044
2013,B,0.62870000000000004,0,6287
2014,A,0.47310000000000002,1,4731
2014,B,0.18150000000000002,0,1815
2015,A,0.73450000000000004,1,7345
2015,B,2.2439,1,22439
2016,A,0.68790000000000007,1,6879
2016,B,0.95120000000000005,0,9512
2017,A,1.3287,1,13287
2017,B,0.87630000000000008,1,8763
2018,A,0.97270000000000001,1,9727
2018,B,0.2888,0,2888
2019,A,0.58710000000000007,1,5871
2019,B,0.7127,1,7127
2020,A,0.48480000000000001,1,4848
2020,B,1.3918000000000001,0,13918
2021,A,0.50900000000000001,1,5090
2021,B,2.5341,1,25341
2022,A,0.38920000000000005,1,3892
2022,B,2.5293000000000001,1,25293
2023,A,0.90350000000000008,1,9035
2023,B,0.28670000000000001,0,2867
2024,A,0.76570000000000005,1,7657
2024,B,0.3916,0,3916
2025,A,0.67000000000000004,1,6700
2025,B,1.2536,0,12536
2026,A,0.82990000000000008,1,8299
2026,B,0.48810000000000003,0,4881
2027,A,0.45650000000000002,1,4565
2027,B,0.4219,0,4219
2028,A,0.6895,1,6895
2028,B,0.98950000000000005,1,9895
2029,A,2.1015000000000001,1,21015
2029,B,1.2928000000000002,1,12928
2030,A,0.66410000000000002,1,6641
2030,B,1.9846000000000001,0,19846
2031,A,0.58820000000000006,1,5882
2031,B,0.34100000000000003,0,3410
2032,A,0.50050000000000006,0,5005
2032,B,1.0468999999999999,1,10469
2033,A,0.50019999999999998,1,5002
2033,B,0.52580000000000005,0,5258
2034,A,0.80820000000000003,1,8082
2034,B,3.0804,0,30804
2035,A,0.59430000000000005,1,5943
2035,B,0.88440000000000007,1,8844
2036,A,0.36660000000000004,1,3666
2036,B,0.35410000000000003,0,3541
2037,A,0.78900000000000003,1,7890
2037,B,0.31790000000000002,0,3179
2038,A,1.0558000000000001,1,10558
2038,B,0.77850000000000008,0,7785
2039,A,0.7036,1,7036
2039,B,0.66839999999999999,0,6684
2040,A,2.0139,1,20139
2040,B,0.76870000000000005,0,7687
2041,A,0.27590000000000003,0,2759
2041,B,0.53049999999999997,0,5305
2042,A,0.37070000000000003,0,3707
2042,B,0.83910000000000007,0,8391
2043,A,1.0571000000000002,1,10571
2043,B,2.0682,0,20682
2044,A,0.749,1,7490
2044,B,0.64319999999999999,0,6432
2045,A,1.633,1,16330
2045,B,1.6520000000000001,1,16520
2046,A,0.94850000000000001,1,9485
2046,B,0.71040000000000003,0,7104
2047,A,0.53520000000000001,1,5352
2047,B,0.58440000000000003,0,5844
2048,A,0.41000000000000003,1,4100
2048,B,0.96840000000000004,0,9684
2049,A,1.1748000000000001,1,11748
2049,B,0.35770000000000002,0,3577
2050,A,1.0321,1,10321
2050,B,0.80060000000000009,1,8006
2051,A,0.36349999999999999,1,3635
2051,B,1.8384,0,18384
2052,A,0.65770000000000006,1,6577
2052,B,0.51329999999999998,0,5133
2053,A,0.98510000000000009,1,9851
2053,B,1.9008,0,19008
2054,A,0.71440000000000003,1,7144
2054,B,0.57340000000000002,0,5734
2055,A,0.81159999999999999,1,8116
2055,B,0.63619999999999999,1,6362
2056,A,0.41510000000000002,1,4151
2056,B,0.73150000000000004,0,7315
2057,A,1.4326000000000001,1,14326
2057,B,0.99770000000000003,1,9977
2058,A,1.0578000000000001,1,10578
2058,B,1.2742,0,12742
2059,A,0.29810000000000003,0,2981
2059,B,1.4677,1,14677
2060,A,1.5067000000000002,1,15067
2060,B,1.1715,0,11715
2061,A,1.4417,1,14417
2061,B,0.29060000000000002,0,2906
2062,A,0.37759999999999999,1,3776
2062,B,1.8438000000000001,0,18438
2063,A,1.0548,1,10548
2063,B,0.25790000000000002,0,2579
2064,A,0.60040000000000004,1,6004
2064,B,0.95820000000000005,1,9582
2065,A,0.89440000000000008,1,8944
2065,B,0.64460000000000006,1,6446
2066,A,0.77880000000000005,1,7788
2066,B,5.6280999999999999,0,56281
2067,A,0.49670000000000003,1,4967
2067,B,0.2107,0,2107
2068,A,0.47000000000000003,1,4700
2068,B,2.9662999999999999,1,29663
2069,A,0.79560000000000008,1,7956
2069,B,0.77229999999999999,0,7723
2070,A,0.77350000000000008,1,7735
2070,B,1.8441000000000001,0,18441
2071,A,0.39960000000000001,0,3996
2071,B,0.95180000000000009,1,9518
2072,A,0.49780000000000002,1,4978
2072,B,0.5484,0,5484
2073,A,0.84540000000000004,0,8454
2073,B,0.39280000000000004,0,3928
2074,A,0.78660000000000008,1,7866
2074,B,0.16640000000000002,0,1664
2075,A,1.4306000000000001,1,14306
2075,B,0.59100000000000008,1,5910
2076,A,0.60860000000000003,1,6086
2076,B,1.8293000000000001,1,18293
2077,A,0.65660000000000007,1,6566
2077,B,0.72510000000000008,0,7251
2078,A,0.28140000000000004,1,2814
2078,B,1.5461,1,15461
2079,A,0.42970000000000003,1,4297
2079,B,1.0801000000000001,0,10801
2080,A,0.89119999999999999,1,8912
2080,B,1.3135000000000001,1,13135
2081,A,1.2401,1,12401
2081,B,1.6611,0,16611
2082,A,0.90580000000000005,1,9058
2082,B,0.44140000000000001,0,4414
2083,A,0.58189999999999997,1,5819
2083,B,1.5502,0,15502
2084,A,1.7357,1,17357
2084,B,2.8959000000000001,0,28959
2085,A,0.3145,1,3145
2085,B,2.3539000000000003,0,23539
2086,A,0.48040000000000005,1,4804
2086,B,0.50980000000000003,0,5098
2087,A,0.80220000000000002,1,8022
2087,B,0.1067,0,1067
2088,A,0.57630000000000003,1,5763
2088,B,0.59889999999999999,0,5989
2089,A,0.2888,1,2888
2089,B,0.28250000000000003,0,2825
2090,A,0.3926,1,3926
2090,B,2.6328,0,26328
2091,A,0.76180000000000003,1,7618
2091,B,0.96840000000000004,0,9684
2092,A,1.0816000000000001,1,10816
2092,B,1.0527,0,10527
2093,A,1.4777,1,14777
2093,B,0.4083,0,4083
2094,A,2.7291000000000003,1,27291
2094,B,1.0170000000000001,0,10170
2095,A,0.70079999999999998,1,7008
2095,B,0.43080000000000002,0,4308
2096,A,0.43670000000000003,1,4367
2096,B,0.59420000000000006,1,5942
2097,A,0.96160000000000001,1,9616
2097,B,0.74780000000000002,1,7478
2098,A,0.70050000000000001,1,7005
2098,B,0.49320000000000003,0,4932
2099,A,0.61030000000000006,1,6103
2099,B,0.88500000000000001,1,8850
2100,A,0.5494,1,5494
2100,B,0.78590000000000004,0,7859
2101,A,0.28789999999999999,0,2879
2101,B,0.89860000000000007,0,8986
2102,A,0.76290000000000002,1,7629
2102,B,2.9672000000000001,0,29672
2103,A,0.87570000000000003,1,8757
2103,B,0.48960000000000004,0,4896
2104,A,0.27629999999999999,0,2763
2104,B,0.32700000000000001,0,3270
2105,A,0.93790000000000007,1,9379
2105,B,0.15810000000000002,0,1581
2106,A,0.87480000000000002,1,8748
2106,B,0.95020000000000004,0,9502
2107,A,0.86910000000000009,1,8691
2107,B,0.58860000000000001,0,5886
2108,A,0.57850000000000001,1,5785
2108,B,0.58360000000000001,1,5836
2109,A,0.71360000000000001,1,7136
2109,B,1.5136000000000001,0,15136
2110,A,0.6542,1,6542
2110,B,0.2054,0,2054
2111,A,1.3979000000000001,1,13979
2111,B,1.4906000000000001,0,14906
2112,A,0.80970000000000009,1,8097
2112,B,1.8390000000000002,1,18390
2113,A,0.80200000000000005,1,8020
2113,B,0.22920000000000001,0,2292
2114,A,0.35300000000000004,1,3530
2114,B,1.6029,0,16029
2115,A,1.2125000000000001,1,12125
2115,B,0.23570000000000002,0,2357
2116,A,1.0524,1,10524
2116,B,0.2351,0,2351
2117,A,0.55490000000000006,1,5549
2117,B,0.2283,0,2283
2118,A,0.4395,1,4395
2118,B,1.0649,1,10649
2119,A,0.57300000000000006,1,5730
2119,B,1.9577,0,19577
2120,A,1.2518,1,12518
2120,B,2.5895000000000001,0,25895
2121,A,0.61550000000000005,1,6155
2121,B,0.99940000000000007,0,9994
2122,A,1.8501000000000001,1,18501
2122,B,2.4497,0,24497
2123,A,0.58000000000000007,1,5800
2123,B,0.86360000000000003,0,8636
2124,A,0.69059999999999999,1,6906
2124,B,0.54920000000000002,0,5492
2125,A,1.3445,1,13445
2125,B,1.5646,1,15646
2126,A,0.41310000000000002,1,4131
2126,B,0.73020000000000007,0,7302
2127,A,0.89119999999999999,1,8912
2127,B,1.4108000000000001,0,14108
2128,A,0.79010000000000002,1,7901
2128,B,0.49520000000000003,0,4952
2129,A,0.70340000000000003,1,7034
2129,B,2.0165999999999999,0,20166
2130,A,0.54380000000000006,1,5438
2130,B,0.55280000000000007,0,5528
2131,A,0.58340000000000003,1,5834
2131,B,1.3211000000000002,1,13211
2132,A,1.0347999999999999,1,10348
2132,B,0.56890000000000007,1,5689
2133,A,0.33829999999999999,0,3383
2133,B,1.3070000000000002,0,13070
2134,A,1.5405,1,15405
2134,B,1.2342,1,12342
2135,A,0.50640000000000007,1,5064
2135,B,0.53860000000000008,0,5386
2136,A,0.48320000000000002,0,4832
2136,B,0.5212,0,5212
2137,A,0.71560000000000001,1,7156
2137,B,0.26169999999999999,0,2617
2138,A,1.1129,1,11129
2138,B,1.9315,1,19315
2139,A,1.381,0,13810
2139,B,0.5786,0,5786
2140,A,0.24300000000000002,1,2430
2140,B,2.4639000000000002,0,24639
2141,A,0.34910000000000002,1,3491
2141,B,4.3946000000000005,1,43946
2142,A,0.50800000000000001,1,5080
2142,B,1.0942000000000001,0,10942
2143,A,0.63130000000000008,1,6313
2143,B,0.43710000000000004,0,4371
2144,A,0.91070000000000007,1,9107
2144,B,0.48020000000000002,0,4802
2145,A,0.87640000000000007,1,8764
2145,B,0.62750000000000006,0,6275
2146,A,0.50070000000000003,1,5007
2146,B,0.98950000000000005,0,9895
2147,A,1.798,1,17980
2147,B,1.4035,1,14035
2148,A,0.67449999999999999,1,6745
2148,B,3.1108000000000002,1,31108
2149,A,0.48860000000000003,1,4886
2149,B,2.1457999999999999,0,21458
2150,A,0.44770000000000004,1,4477
2150,B,1.8277000000000001,0,18277
2151,A,1.0333000000000001,1,10333
2151,B,1.8524,0,18524
2152,A,0.9728,1,9728
2152,B,1.2601,1,12601
2153,A,0.39640000000000003,1,3964
2153,B,0.31830000000000003,0,3183
2154,A,0.63070000000000004,1,6307
2154,B,0.65290000000000004,0,6529
2155,A,1.091,1,10910
2155,B,0.73830000000000007,1,7383
2156,A,2.4675000000000002,1,24675
2156,B,2.6991000000000001,0,26991
2157,A,1.0003,1,10003
2157,B,0.21240000000000001,0,2124
2158,A,0.53239999999999998,1,5324
2158,B,1.8239000000000001,0,18239
2159,A,0.73950000000000005,1,7395
2159,B,1.0045999999999999,0,10046
2160,A,0.74140000000000006,1,7414
2160,B,0.71560000000000001,0,7156
2161,A,0.80680000000000007,1,8068
2161,B,0.3488,1,3488
2162,A,0.9094000000000001,1,9094
2162,B,0.58810000000000007,0,5881
2163,A,0.87320000000000009,1,8732
2163,B,0.51629999999999998,1,5163
2164,A,0.68259999999999998,1,6826
2164,B,1.1761000000000001,0,11761
2165,A,0.39269999999999999,1,3927
2165,B,1.6989000000000001,0,16989
2166,A,0.57440000000000002,1,5744
2166,B,0.12920000000000001,0,1292
2167,A,1.0196000000000001,1,10196
2167,B,0.78280000000000005,0,7828
2168,A,0.37580000000000002,1,3758
2168,B,1.4241000000000001,1,14241
2169,A,0.61709999999999998,1,6171
2169,B,1.3045,1,13045
2170,A,0.54780000000000006,1,5478
2170,B,1.5201,0,15201
2171,A,0.97360000000000002,1,9736
2171,B,1.2309000000000001,0,12309
2172,A,0.71350000000000002,1,7135
2172,B,1.4176,1,14176
2173,A,0.41490000000000005,1,4149
2173,B,3.0323000000000002,0,30323
2174,A,0.70700000000000007,1,7070
2174,B,2.9591000000000003,0,29591
2175,A,0.77180000000000004,1,7718
2175,B,0.43720000000000003,0,4372
2176,A,0.21390000000000001,1,2139
2176,B,1.8668,1,18668
2177,A,0.6502,1,6502
2177,B,1.9935,1,19935
2178,A,0.71560000000000001,1,7156
2178,B,0.63450000000000006,0,6345
2179,A,0.81430000000000002,1,8143
2179,B,1.7533000000000001,0,17533
2180,A,1.3462000000000001,1,13462
2180,B,0.65529999999999999,0,6553
2181,A,0.58689999999999998,1,5869
2181,B,2.9765000000000001,0,29765
2182,A,0.43870000000000003,1,4387
2182,B,2.1118999999999999,0,21119
2183,A,0.64360000000000006,1,6436
2183,B,1.1736,1,11736
2184,A,0.70240000000000002,1,7024
2184,B,0.40429999999999999,0,4043
2185,A,1.2113,1,12113
2185,B,2.0626000000000002,1,20626
2186,A,0.40690000000000004,1,4069
2186,B,1.0169000000000001,1,10169
2187,A,0.52629999999999999,1,5263
2187,B,2.0085999999999999,1,20086
2188,A,0.76519999999999999,1,7652
2188,B,1.0598000000000001,0,10598
2189,A,0.64180000000000004,1,6418
2189,B,1.4799,1,14799
2190,A,0.56459999999999999,0,5646
2190,B,0.7671,1,7671
2191,A,0.64670000000000005,1,6467
2191,B,0.76119999999999999,0,7612
2192,A,0.93320000000000003,1,9332
2192,B,0.83330000000000004,1,8333
2193,A,0.43660000000000004,1,4366
2193,B,2.3319000000000001,1,23319
2194,A,0.62490000000000001,1,6249
2194,B,1.4371,1,14371
2195,A,0.85440000000000005,1,8544
2195,B,1.2654000000000001,0,12654
2196,A,0.43980000000000002,1,4398
2196,B,0.59920000000000007,0,5992
2197,A,1.1238000000000001,0,11238
2197,B,1.5264,1,15264
2198,A,0.28320000000000001,1,2832
2198,B,2.4627000000000003,0,24627
2199,A,0.65529999999999999,1,6553
2199,B,1.3219000000000001,1,13219
2200,A,1.3831,1,13831
2200,B,1.4189000000000001,0,14189
2201,A,0.32200000000000001,0,3220
2201,B,0.45790000000000003,0,4579
2202,A,0.36990000000000001,1,3699
2202,B,0.40100000000000002,0,4010
2203,A,0.47060000000000002,1,4706
2203,B,0.18380000000000002,0,1838
2204,A,0.90360000000000007,1,9036
2204,B,1.8766,0,18766
2205,A,0.216,1,2160
2205,B,2.9055,0,29055
2206,A,0.5353,1,5353
2206,B,1.0485,1,10485
2207,A,1.3384,1,13384
2207,B,0.99750000000000005,0,9975
2208,A,0.62460000000000004,1,6246
2208,B,0.51819999999999999,0,5182
2209,A,0.80480000000000007,1,8048
2209,B,0.27529999999999999,1,2753
2210,A,0.90770000000000006,1,9077
2210,B,1.4446000000000001,1,14446
2211,A,0.59440000000000004,1,5944
2211,B,1.5305,1,15305
2212,A,0.64670000000000005,1,6467
2212,B,0.46660000000000001,0,4666
2213,A,0.85110000000000008,1,8511
2213,B,0.43010000000000004,0,4301
2214,A,1.2535000000000001,1,12535
2214,B,0.13270000000000001,0,1327
2215,A,1.2438,1,12438
2215,B,0.40540000000000004,0,4054
2216,A,0.82230000000000003,1,8223
2216,B,0.19060000000000002,0,1906
2217,A,0.74680000000000002,1,7468
2217,B,0.50270000000000004,0,5027
2218,A,2.0094000000000003,1,20094
2218,B,2.4014000000000002,1,24014
2219,A,1.3098000000000001,1,13098
2219,B,1.351,0,13510
2220,A,0.52210000000000001,1,5221
2220,B,0.24440000000000001,0,2444
2221,A,1.0720000000000001,1,10720
2221,B,0.74070000000000003,0,7407
2222,A,1.8746,1,18746
2222,B,0.99970000000000003,0,9997
2223,A,0.83540000000000003,1,8354
2223,B,0.52870000000000006,0,5287
2224,A,0.71320000000000006,1,7132
2224,B,0.31930000000000003,0,3193
2225,A,0.38620000000000004,1,3862
2225,B,0.88390000000000002,0,8839
2226,A,0.71440000000000003,1,7144
2226,B,0.61009999999999998,1,6101
2227,A,0.82600000000000007,1,8260
2227,B,2.3821000000000003,1,23821
2228,A,0.26490000000000002,1,2649
2228,B,1.9883000000000002,0,19883
2229,A,1.3044,1,13044
2229,B,2.5223,0,25223
2230,A,1.2194,1,12194
2230,B,0.26300000000000001,0,2630
2231,A,0.78490000000000004,1,7849
2231,B,0.39100000000000001,0,3910
2232,A,0.43470000000000003,1,4347
2232,B,0.37070000000000003,0,3707
2233,A,0.76400000000000001,1,7640
2233,B,0.50570000000000004,0,5057
2234,A,0.84030000000000005,1,8403
2234,B,0.83300000000000007,0,8330
2235,A,0.79870000000000008,1,7987
2235,B,0.47440000000000004,0,4744
2236,A,0.6028,1,6028
2236,B,0.97170000000000001,0,9717
2237,A,0.92660000000000009,1,9266
2237,B,1.6397000000000002,0,16397
2238,A,0.88480000000000003,1,8848
2238,B,0.47390000000000004,0,4739
2239,A,0.76140000000000008,1,7614
2239,B,3.0246,0,30246
2240,A,0.8518,1,8518
2240,B,1.9794,1,19794
2241,A,0.89050000000000007,1,8905
2241,B,1.3555000000000001,1,13555
2242,A,0.57950000000000002,1,5795
2242,B,0.15510000000000002,0,1551
2243,A,0.71320000000000006,1,7132
2243,B,1.3464,1,13464
2244,A,1.1223000000000001,0,11223
2244,B,0.65820000000000001,1,6582
2245,A,0.71079999999999999,1,7108
2245,B,0.23390000000000002,0,2339
2246,A,1.2712000000000001,1,12712
2246,B,0.96140000000000003,1,9614
2247,A,0.75550000000000006,1,7555
2247,B,0.9497000000000001,0,9497
2248,A,0.52170000000000005,1,5217
2248,B,0.82440000000000002,0,8244
2249,A,1.2206000000000001,1,12206
2249,B,3.6426000000000003,1,36426
2250,A,2.0723000000000003,1,20723
2250,B,1.0074000000000001,0,10074
2251,A,0.82169999999999999,1,8217
2251,B,0.57679999999999998,0,5768
2252,A,1.6291,1,16291
2252,B,1.6236000000000002,0,16236
2253,A,0.88950000000000007,1,8895
2253,B,0.38250000000000001,0,3825
2254,A,0.89650000000000007,1,8965
2254,B,0.92560000000000009,0,9256
2255,A,1.0516000000000001,1,10516
2255,B,0.91539999999999999,1,9154
2256,A,1.0895000000000001,1,10895
2256,B,1.6394,0,16394
2257,A,0.87040000000000006,1,8704
2257,B,0.32450000000000001,0,3245
2258,A,1.2516,1,12516
2258,B,3.0917000000000003,1,30917
2259,A,0.53010000000000002,1,5301
2259,B,2.8322000000000003,1,28322
2260,A,0.7732,1,7732
2260,B,1.7357,0,17357
2261,A,0.31159999999999999,1,3116
2261,B,1.506,0,15060
2262,A,1.0612000000000001,1,10612
2262,B,1.2415,1,12415
2263,A,0.26630000000000004,1,2663
2263,B,1.0347999999999999,1,10348
2264,A,0.79280000000000006,1,7928
2264,B,0.44120000000000004,1,4412
2265,A,0.49450000000000005,1,4945
2265,B,0.31840000000000002,0,3184
2266,A,0.84010000000000007,1,8401
2266,B,4.1478000000000002,0,41478
2267,A,0.4733,1,4733
2267,B,1.1148,1,11148
2268,A,0.72220000000000006,1,7222
2268,B,1.7966000000000002,1,17966
2269,A,0.90790000000000004,1,9079
2269,B,0.32730000000000004,1,3273
2270,A,0.86299999999999999,1,8630
2270,B,1.389,0,13890
2271,A,1.2811000000000001,1,12811
2271,B,0.54290000000000005,0,5429
2272,A,0.59130000000000005,1,5913
2272,B,0.1202,0,1202
2273,A,0.49640000000000001,1,4964
2273,B,0.64080000000000004,0,6408
2274,A,0.58850000000000002,1,5885
2274,B,0.79920000000000002,0,7992
2275,A,0.83740000000000003,1,8374
2275,B,0.95940000000000003,0,9594
2276,A,0.53810000000000002,1,5381
2276,B,1.3183,0,13183
2277,A,0.76180000000000003,1,7618
2277,B,0.62780000000000002,0,6278
2278,A,0.58140000000000003,1,5814
2278,B,0.93840000000000001,0,9384
2279,A,1.4781,1,14781
2279,B,5.3139000000000003,1,53139
2280,A,0.57040000000000002,1,5704
2280,B,0.52510000000000001,0,5251
2281,A,0.59960000000000002,1,5996
2281,B,0.90700000000000003,0,9070
2282,A,3.0425,1,30425
2282,B,0.2727,0,2727
2283,A,0.79680000000000006,1,7968
2283,B,0.7157,1,7157
2284,A,1.1765000000000001,1,11765
2284,B,5.2502000000000004,1,52502
2285,A,0.69950000000000001,1,6995
2285,B,1.427,1,14270
2286,A,0.63960000000000006,1,6396
2286,B,0.42920000000000003,0,4292
2287,A,1.2546000000000002,1,12546
2287,B,1.405,1,14050
2288,A,0.51029999999999998,1,5103
2288,B,0.8135,0,8135
2289,A,1.2249000000000001,1,12249
2289,B,1.4575,1,14575
2290,A,1.0210000000000001,1,10210
2290,B,1.8350000000000002,0,18350
2291,A,1.4251,1,14251
2291,B,1.4248000000000001,1,14248
2292,A,0.62350000000000005,1,6235
2292,B,0.1285,0,1285
2293,A,0.38340000000000002,1,3834
2293,B,1.3122,0,13122
2294,A,0.93510000000000004,1,9351
2294,B,1.6876,0,16876
2295,A,1.1395999999999999,1,11396
2295,B,2.2915000000000001,0,22915
2296,A,1.5476000000000001,1,15476
2296,B,0.26369999999999999,0,2637
2297,A,1.0399,1,10399
2297,B,0.92400000000000004,1,9240
2298,A,0.45500000000000002,1,4550
2298,B,1.0306,1,10306
2299,A,0.51319999999999999,1,5132
2299,B,0.2389,0,2389
2300,A,0.48370000000000002,1,4837
2300,B,1.3419000000000001,0,13419
2301,A,0.47690000000000005,1,4769
2301,B,0.46920000000000001,0,4692
2302,A,0.93980000000000008,1,9398
2302,B,2.2840000000000003,1,22840
2303,A,0.40100000000000002,1,4010
2303,B,1.0369000000000002,1,10369
2304,A,0.62809999999999999,1,6281
2304,B,0.56640000000000001,0,5664
2305,A,0.32240000000000002,1,3224
2305,B,0.24970000000000001,0,2497
2306,A,0.39300000000000002,0,3930
2306,B,0.9123,1,9123
2307,A,0.9074000000000001,1,9074
2307,B,0.26880000000000004,0,2688
2308,A,0.39300000000000002,1,3930
2308,B,1.9491000000000001,1,19491
2309,A,0.50629999999999997,1,5063
2309,B,1.9807000000000001,1,19807
2310,A,0.9647,1,9647
2310,B,0.74390000000000001,0,7439
2311,A,0.62490000000000001,1,6249
2311,B,2.2945000000000002,1,22945
2312,A,0.70710000000000006,1,7071
2312,B,0.53460000000000008,1,5346
2313,A,1.0682,1,10682
2313,B,1.1605000000000001,0,11605
2314,A,0.98520000000000008,1,9852
2314,B,2.7513000000000001,1,27513
2315,A,0.5454,1,5454
2315,B,3.7790000000000004,0,37790
2316,A,1.0366,1,10366
2316,B,0.1399,0,1399
2317,A,0.4466,1,4466
2317,B,2.9327000000000001,0,29327
2318,A,1.0277000000000001,1,10277
2318,B,0.53610000000000002,0,5361
2319,A,0.25680000000000003,1,2568
2319,B,0.52990000000000004,1,5299
2320,A,1.1017000000000001,1,11017
2320,B,2.1596000000000002,1,21596
2321,A,0.41260000000000002,1,4126
2321,B,1.3069000000000002,0,13069
2322,A,1.4140000000000001,1,14140
2322,B,3.3374000000000001,0,33374
2323,A,0.48510000000000003,1,4851
2323,B,0.53190000000000004,1,5319
2324,A,1.3338000000000001,1,13338
2324,B,1.1031,0,11031
2325,A,1.6507000000000001,1,16507
2325,B,1.2173,0,12173
2326,A,0.54959999999999998,1,5496
2326,B,1.9537,0,19537
2327,A,0.53049999999999997,1,5305
2327,B,0.50209999999999999,0,5021
2328,A,0.8963000000000001,1,8963
2328,B,0.88570000000000004,0,8857
2329,A,0.3644,1,3644
2329,B,0.82790000000000008,0,8279
2330,A,0.30630000000000002,1,3063
2330,B,0.30560000000000004,0,3056
2331,A,1.1054000000000002,1,11054
2331,B,0.72860000000000003,0,7286
2332,A,0.67770000000000008,1,6777
2332,B,0.75109999999999999,0,7511
2333,A,1.333,1,13330
2333,B,2.2328000000000001,1,22328
2334,A,0.89270000000000005,1,8927
2334,B,2.3841000000000001,0,23841
2335,A,0.80670000000000008,1,8067
2335,B,0.60699999999999998,0,6070
2336,A,0.42550000000000004,1,4255
2336,B,0.76019999999999999,1,7602
2337,A,0.9326000000000001,1,9326
2337,B,1.0246,0,10246
2338,A,0.94800000000000006,0,9480
2338,B,1.6100000000000001,1,16100
2339,A,1.3693,1,13693
2339,B,1.3854,1,13854
2340,A,1.1005,1,11005
2340,B,1.7165000000000001,0,17165
2341,A,0.3629,1,3629
2341,B,0.63080000000000003,0,6308
2342,A,1.2930000000000001,1,12930
2342,B,0.34150000000000003,0,3415
2343,A,0.51229999999999998,1,5123
2343,B,1.1116000000000001,1,11116
2344,A,0.58010000000000006,1,5801
2344,B,1.1040000000000001,0,11040
2345,A,1.0688,1,10688
2345,B,1.5382,0,15382
2346,A,0.83500000000000008,0,8350
2346,B,0.31740000000000002,0,3174
2347,A,0.62909999999999999,1,6291
2347,B,0.45940000000000003,0,4594
2348,A,0.97840000000000005,1,9784
2348,B,0.41510000000000002,0,4151
2349,A,0.75209999999999999,1,7521
2349,B,0.83879999999999999,0,8388
2350,A,0.34760000000000002,1,3476
2350,B,0.2117,0,2117
2351,A,0.54380000000000006,1,5438
2351,B,2.7173000000000003,0,27173
2352,A,0.86670000000000003,1,8667
2352,B,1.3751,1,13751
2353,A,0.75800000000000001,1,7580
2353,B,1.6373,0,16373
2354,A,0.35000000000000003,1,3500
2354,B,0.9446,1,9446
2355,A,0.30980000000000002,1,3098
2355,B,4.8170000000000002,1,48170
2356,A,1.3923000000000001,1,13923
2356,B,1.5110000000000001,0,15110
2357,A,0.34650000000000003,1,3465
2357,B,0.46990000000000004,1,4699
2358,A,0.43170000000000003,1,4317
2358,B,0.91780000000000006,1,9178
2359,A,0.3669,1,3669
2359,B,2.8598000000000003,0,28598
2360,A,0.74120000000000008,1,7412
2360,B,0.31680000000000003,0,3168
2361,A,0.8216,1,8216
2361,B,1.0278,1,10278
2362,A,1.0355000000000001,1,10355
2362,B,1.0185,0,10185
2363,A,2.0521000000000003,1,20521
2363,B,0.56010000000000004,0,5601
2364,A,1.0486,1,10486
2364,B,0.73760000000000003,1,7376
2365,A,0.60230000000000006,1,6023
2365,B,0.58360000000000001,0,5836
2366,A,0.92090000000000005,1,9209
2366,B,1.1832,1,11832
2367,A,1.1233,1,11233
2367,B,0.1129,0,1129
2368,A,0.56569999999999998,1,5657
2368,B,1.3420000000000001,0,13420
2369,A,0.4536,1,4536
2369,B,0.1381,0,1381
2370,A,1.2002000000000002,1,12002
2370,B,2.3700000000000001,1,23700
2371,A,0.59350000000000003,1,5935
2371,B,1.7437,0,17437
2372,A,0.50770000000000004,1,5077
2372,B,0.51480000000000004,1,5148
2373,A,0.46550000000000002,1,4655
2373,B,0.87170000000000003,1,8717
2374,A,0.57900000000000007,1,5790
2374,B,3.6886000000000001,1,36886
2375,A,0.44730000000000003,1,4473
2375,B,0.60199999999999998,0,6020
2376,A,0.93070000000000008,1,9307
2376,B,1.6166,0,16166
2377,A,0.56220000000000003,1,5622
2377,B,0.28589999999999999,0,2859
2378,A,0.45000000000000001,1,4500
2378,B,0.63319999999999999,0,6332
2379,A,0.46730000000000005,1,4673
2379,B,0.73310000000000008,1,7331
2380,A,0.85980000000000001,1,8598
2380,B,3.3667000000000002,0,33667
2381,A,0.62660000000000005,1,6266
2381,B,1.0631000000000002,0,10631
2382,A,0.61499999999999999,1,6150
2382,B,0.4073,0,4073
2383,A,0.51770000000000005,0,5177
2383,B,0.53249999999999997,1,5325
2384,A,0.93880000000000008,1,9388
2384,B,0.60320000000000007,0,6032
2385,A,0.72730000000000006,1,7273
2385,B,0.3906,0,3906
2386,A,0.9859,1,9859
2386,B,0.5595,0,5595
2387,A,0.51129999999999998,1,5113
2387,B,0.62509999999999999,0,6251
2388,A,0.76260000000000006,1,7626
2388,B,1.673,0,16730
2389,A,0.40740000000000004,1,4074
2389,B,0.93280000000000007,1,9328
2390,A,1.2992000000000001,1,12992
2390,B,0.16170000000000001,0,1617
2391,A,0.69730000000000003,1,6973
2391,B,1.9757,0,19757
2392,A,0.6391,1,6391
2392,B,1.6147,0,16147
2393,A,0.50750000000000006,1,5075
2393,B,3.3168000000000002,1,33168
2394,A,0.46860000000000002,1,4686
2394,B,1.0376000000000001,1,10376
2395,A,0.70390000000000008,1,7039
2395,B,0.32569999999999999,0,3257
2396,A,1.1807000000000001,1,11807
2396,B,0.90750000000000008,1,9075
2397,A,1.054,1,10540
2397,B,1.8232000000000002,1,18232
2398,A,0.49390000000000001,1,4939
2398,B,0.57630000000000003,0,5763
2399,A,1.0198,1,10198
2399,B,1.7636000000000001,1,17636
2400,A,0.79870000000000008,1,7987
2400,B,1.4353,0,14353
2401,A,0.9355,1,9355
2401,B,0.39230000000000004,0,3923
2402,A,0.42570000000000002,1,4257
2402,B,0.48580000000000001,0,4858
2403,A,0.4451,1,4451
2403,B,0.6159,0,6159
2404,A,1.3708,1,13708
2404,B,2.6131000000000002,0,26131
2405,A,1.2145000000000001,1,12145
2405,B,0.41590000000000005,0,4159
2406,A,0.38770000000000004,0,3877
2406,B,1.0595000000000001,0,10595
2407,A,1.0698000000000001,1,10698
2407,B,2.4079000000000002,1,24079
2408,A,0.65680000000000005,1,6568
2408,B,0.95669999999999999,1,9567
2409,A,1.01,1,10100
2409,B,3.0121000000000002,0,30121
2410,A,0.60599999999999998,1,6060
2410,B,0.72160000000000002,0,7216
2411,A,0.5524,1,5524
2411,B,1.1083000000000001,0,11083
2412,A,0.89030000000000009,1,8903
2412,B,0.27490000000000003,0,2749
2413,A,0.63519999999999999,1,6352
2413,B,0.21660000000000001,0,2166
2414,A,0.38200000000000001,1,3820
2414,B,0.91510000000000002,0,9151
2415,A,1.4097000000000002,1,14097
2415,B,1.7328000000000001,0,17328
2416,A,0.35020000000000001,1,3502
2416,B,0.88080000000000003,1,8808
2417,A,1.6780000000000002,1,16780
2417,B,1.1825000000000001,0,11825
2418,A,1.0424,1,10424
2418,B,0.30470000000000003,0,3047
2419,A,1.4350000000000001,1,14350
2419,B,0.47790000000000005,0,4779
2420,A,0.32400000000000001,1,3240
2420,B,2.2766000000000002,1,22766
2421,A,0.6371,1,6371
2421,B,0.87290000000000001,1,8729
2422,A,1.2146000000000001,1,12146
2422,B,1.149,0,11490
2423,A,0.6431,1,6431
2423,B,0.26630000000000004,0,2663
2424,A,0.62560000000000004,1,6256
2424,B,0.99230000000000007,0,9923
2425,A,1.4609000000000001,1,14609
2425,B,1.5035000000000001,0,15035
2426,A,0.63250000000000006,0,6325
2426,B,0.50740000000000007,0,5074
2427,A,0.57430000000000003,1,5743
2427,B,0.60160000000000002,0,6016
2428,A,2.0401000000000002,1,20401
2428,B,1.2209000000000001,0,12209
2429,A,0.45880000000000004,1,4588
2429,B,0.29330000000000001,0,2933
2430,A,1.1232,1,11232
2430,B,2.3109999999999999,0,23110
2431,A,0.40920000000000001,1,4092
2431,B,0.68340000000000001,0,6834
2432,A,0.72330000000000005,1,7233
2432,B,0.82440000000000002,1,8244
2433,A,0.47460000000000002,1,4746
2433,B,0.33960000000000001,0,3396
2434,A,0.57510000000000006,1,5751
2434,B,0.26119999999999999,0,2612
2435,A,0.66200000000000003,1,6620
2435,B,2.9582000000000002,1,29582
2436,A,2.1735000000000002,1,21735
2436,B,0.47260000000000002,0,4726
2437,A,0.46920000000000001,1,4692
2437,B,0.85400000000000009,0,8540
2438,A,0.27040000000000003,0,2704
2438,B,0.55459999999999998,1,5546
2439,A,1.1556,1,11556
2439,B,1.6997,0,16997
2440,A,0.32430000000000003,1,3243
2440,B,0.66920000000000002,1,6692
2441,A,0.51580000000000004,1,5158
2441,B,1.4281000000000001,0,14281
2442,A,0.3836,1,3836
2442,B,0.83540000000000003,0,8354
2443,A,0.84000000000000008,1,8400
2443,B,4.0483000000000002,1,40483
2444,A,0.4829,1,4829
2444,B,1.6814,0,16814
2445,A,1.8640000000000001,1,18640
2445,B,2.3820000000000001,1,23820
2446,A,0.81940000000000002,1,8194
2446,B,0.67349999999999999,0,6735
2447,A,1.2297,1,12297
2447,B,0.74020000000000008,0,7402
2448,A,1.1672,1,11672
2448,B,0.57630000000000003,0,5763
2449,A,0.46440000000000003,1,4644
2449,B,0.25380000000000003,0,2538
2450,A,0.33290000000000003,1,3329
2450,B,1.0645,0,10645
2451,A,0.44280000000000003,1,4428
2451,B,0.73470000000000002,1,7347
2452,A,0.36280000000000001,1,3628
2452,B,0.37460000000000004,0,3746
2453,A,1.4565000000000001,1,14565
2453,B,0.39530000000000004,0,3953
2454,A,0.3629,1,3629
2454,B,0.40350000000000003,0,4035
2455,A,0.46510000000000001,1,4651
2455,B,1.5515000000000001,1,15515
2456,A,1.167,1,11670
2456,B,0.88730000000000009,0,8873
2457,A,0.77660000000000007,1,7766
2457,B,1.3464,1,13464
2458,A,0.45430000000000004,1,4543
2458,B,0.98530000000000006,1,9853
2459,A,0.4597,1,4597
2459,B,0.86020000000000008,1,8602
2460,A,0.67610000000000003,1,6761
2460,B,0.69850000000000001,1,6985
2461,A,0.70330000000000004,1,7033
2461,B,0.50980000000000003,0,5098
2462,A,0.50219999999999998,1,5022
2462,B,0.4078,1,4078
2463,A,0.8609,1,8609
2463,B,0.24590000000000001,0,2459
2464,A,1.8862000000000001,1,18862
2464,B,1.4712000000000001,0,14712
2465,A,0.51660000000000006,1,5166
2465,B,0.68159999999999998,0,6816
2466,A,0.64939999999999998,1,6494
2466,B,0.4763,0,4763
2467,A,1.0159,1,10159
2467,B,0.2361,0,2361
2468,A,0.37909999999999999,1,3791
2468,B,1.8946000000000001,0,18946
2469,A,1.2177,1,12177
2469,B,0.46100000000000002,0,4610
2470,A,0.77400000000000002,1,7740
2470,B,2.6102000000000003,0,26102
2471,A,1.0638000000000001,1,10638
2471,B,1.1527000000000001,0,11527
2472,A,1.2049000000000001,1,12049
2472,B,1.8322000000000001,0,18322
2473,A,1.1766000000000001,1,11766
2473,B,0.30270000000000002,0,3027
2474,A,0.37220000000000003,1,3722
2474,B,1.2723,0,12723
2475,A,1.2669000000000001,1,12669
2475,B,1.1903000000000001,0,11903
2476,A,1.0963000000000001,1,10963
2476,B,0.89240000000000008,0,8924
2477,A,0.86770000000000003,1,8677
2477,B,0.19010000000000002,0,1901
2478,A,0.56690000000000007,1,5669
2478,B,0.4506,0,4506
2479,A,1.8298000000000001,1,18298
2479,B,0.22090000000000001,0,2209
2480,A,0.8256,1,8256
2480,B,1.9535,0,19535
2481,A,0.68440000000000001,1,6844
2481,B,5.8340000000000005,1,58340
2482,A,0.83790000000000009,1,8379
2482,B,0.86740000000000006,1,8674
2483,A,0.9919,1,9919
2483,B,1.1934,0,11934
2484,A,0.48000000000000004,1,4800
2484,B,0.85520000000000007,0,8552
2485,A,0.42330000000000001,1,4233
2485,B,2.4424000000000001,0,24424
2486,A,0.94300000000000006,1,9430
2486,B,0.9497000000000001,0,9497
2487,A,0.58730000000000004,1,5873
2487,B,0.76700000000000002,0,7670
2488,A,0.7036,1,7036
2488,B,0.41600000000000004,0,4160
2489,A,0.753,1,7530
2489,B,1.1129,0,11129
2490,A,0.70520000000000005,1,7052
2490,B,1.9329000000000001,1,19329
2491,A,1.3773,1,13773
2491,B,0.54490000000000005,0,5449
2492,A,1.3277000000000001,1,13277
2492,B,0.88190000000000002,1,8819
2493,A,1.3702000000000001,1,13702
2493,B,0.93049999999999999,0,9305
2494,A,1.1006,1,11006
2494,B,0.5877,0,5877
2495,A,0.8054,1,8054
2495,B,1.4583000000000002,1,14583
2496,A,0.93870000000000009,1,9387
2496,B,0.46880000000000005,0,4688
2497,A,1.1674,1,11674
2497,B,0.24780000000000002,0,2478
2498,A,0.57079999999999997,1,5708
2498,B,0.50619999999999998,0,5062
2499,A,0.50319999999999998,1,5032
2499,B,0.47370000000000001,1,4737
2500,A,0.75550000000000006,1,7555
2500,B,0.51260000000000006,0,5126
2501,A,1.2453000000000001,1,12453
2501,B,0.80790000000000006,1,8079
2502,A,0.78800000000000003,1,7880
2502,B,1.3714000000000002,1,13714
2503,A,0.70790000000000008,1,7079
2503,B,2.1091000000000002,1,21091
2504,A,0.91390000000000005,1,9139
2504,B,0.81290000000000007,0,8129
2505,A,0.77040000000000008,1,7704
2505,B,3.6918000000000002,0,36918
2506,A,1.7809000000000001,1,17809
2506,B,2.7602000000000002,1,27602
2507,A,0.87230000000000008,1,8723
2507,B,0.18890000000000001,0,1889
2508,A,0.32600000000000001,1,3260
2508,B,0.98770000000000002,0,9877
2509,A,1.5392000000000001,1,15392
2509,B,0.4294,0,4294
2510,A,1.8480000000000001,1,18480
2510,B,1.804,0,18040
2511,A,1.0356000000000001,1,10356
2511,B,1.2150000000000001,1,12150
2512,A,0.79339999999999999,1,7934
2512,B,0.79700000000000004,1,7970
2513,A,1.6646000000000001,1,16646
2513,B,1.2322,1,12322
2514,A,0.63750000000000007,1,6375
2514,B,0.62919999999999998,0,6292
2515,A,0.34890000000000004,1,3489
2515,B,0.56800000000000006,1,5680
2516,A,0.54400000000000004,0,5440
2516,B,2.327,1,23270
2517,A,0.55200000000000005,0,5520
2517,B,1.5722,1,15722
2518,A,0.50519999999999998,1,5052
2518,B,1.9025000000000001,0,19025
2519,A,0.41340000000000005,1,4134
2519,B,2.5697000000000001,1,25697
2520,A,1.0061,1,10061
2520,B,2.8321000000000001,1,28321
2521,A,0.60060000000000002,1,6006
2521,B,1.4058000000000002,1,14058
2522,A,0.53520000000000001,1,5352
2522,B,1.1924000000000001,0,11924
2523,A,0.49350000000000005,1,4935
2523,B,0.87120000000000009,0,8712
2524,A,0.27140000000000003,0,2714
2524,B,1.7843,1,17843
2525,A,0.59079999999999999,1,5908
2525,B,2.1619000000000002,1,21619
2526,A,0.80460000000000009,1,8046
2526,B,0.32220000000000004,0,3222
2527,A,0.51819999999999999,1,5182
2527,B,2.0209999999999999,0,20210
2528,A,0.99520000000000008,1,9952
2528,B,3.2012,0,32012
2529,A,0.70110000000000006,1,7011
2529,B,1.6828000000000001,1,16828
2530,A,0.72010000000000007,1,7201
2530,B,0.29310000000000003,0,2931
2531,A,0.5262,1,5262
2531,B,4.3039000000000005,0,43039
2532,A,0.56000000000000005,1,5600
2532,B,1.2844,0,12844
2533,A,0.42610000000000003,1,4261
2533,B,0.36660000000000004,0,3666
2534,A,0.75080000000000002,1,7508
2534,B,0.69830000000000003,0,6983
2535,A,0.63150000000000006,1,6315
2535,B,0.80770000000000008,0,8077
2536,A,0.91760000000000008,1,9176
2536,B,1.2630000000000001,1,12630
2537,A,0.75350000000000006,1,7535
2537,B,0.70530000000000004,1,7053
2538,A,0.72000000000000008,1,7200
2538,B,3.2473000000000001,0,32473
2539,A,1.0708,1,10708
2539,B,1.6937,0,16937
2540,A,0.75260000000000005,1,7526
2540,B,1.0589,1,10589
2541,A,0.45960000000000001,1,4596
2541,B,0.79830000000000001,0,7983
2542,A,1.9363000000000001,1,19363
2542,B,1.2262,0,12262
2543,A,2.4701,1,24701
2543,B,1.1408,0,11408
2544,A,0.46350000000000002,1,4635
2544,B,0.20200000000000001,0,2020
2545,A,0.41520000000000001,1,4152
2545,B,2.8957000000000002,1,28957
2546,A,0.82050000000000001,1,8205
2546,B,1.0774000000000001,0,10774
2547,A,2.5266000000000002,1,25266
2547,B,0.59799999999999998,1,5980
2548,A,0.55330000000000001,1,5533
2548,B,0.47370000000000001,0,4737
2549,A,1.4013,1,14013
2549,B,6.6564000000000005,0,66564
2550,A,1.6453,1,16453
2550,B,1.7756000000000001,1,17756
2551,A,0.8125,1,8125
2551,B,0.89419999999999999,0,8942
2552,A,0.43920000000000003,1,4392
2552,B,3.1427,0,31427
2553,A,0.7984,1,7984
2553,B,1.9716,1,19716
2554,A,0.49030000000000001,1,4903
2554,B,1.2858000000000001,1,12858
2555,A,0.90180000000000005,1,9018
2555,B,1.7155,1,17155
2556,A,0.39930000000000004,1,3993
2556,B,0.42030000000000001,0,4203
2557,A,0.72260000000000002,1,7226
2557,B,0.17430000000000001,0,1743
2558,A,1.1087,1,11087
2558,B,1.2714000000000001,0,12714
2559,A,0.97530000000000006,1,9753
2559,B,0.77910000000000001,0,7791
2560,A,0.66139999999999999,1,6614
2560,B,1.5493000000000001,0,15493
2561,A,0.66760000000000008,1,6676
2561,B,0.75860000000000005,0,7586
2562,A,0.64710000000000001,1,6471
2562,B,1.3800000000000001,1,13800
2563,A,0.66649999999999998,1,6665
2563,B,0.27440000000000003,0,2744
2564,A,0.64650000000000007,1,6465
2564,B,0.40950000000000003,0,4095
2565,A,0.62070000000000003,1,6207
2565,B,0.51129999999999998,0,5113
2566,A,0.86320000000000008,1,8632
2566,B,1.3289,0,13289
2567,A,0.49320000000000003,1,4932
2567,B,2.0489999999999999,1,20490
2568,A,0.99060000000000004,1,9906
2568,B,0.42720000000000002,0,4272
2569,A,1.0705,1,10705
2569,B,1.8553000000000002,1,18553
2570,A,0.95390000000000008,1,9539
2570,B,0.98610000000000009,1,9861
2571,A,0.32020000000000004,0,3202
2571,B,0.57169999999999999,1,5717
2572,A,0.64429999999999998,1,6443
2572,B,0.90770000000000006,0,9077
2573,A,0.87490000000000001,1,8749
2573,B,0.58240000000000003,0,5824
2574,A,0.26140000000000002,1,2614
2574,B,0.39640000000000003,0,3964
2575,A,1.1219000000000001,1,11219
2575,B,2.5699000000000001,0,25699
2576,A,1.1294999999999999,1,11295
2576,B,1.2813000000000001,0,12813
2577,A,0.74820000000000009,1,7482
2577,B,1.5463,0,15463
2578,A,0.5071,1,5071
2578,B,1.4776,0,14776
2579,A,0.60720000000000007,0,6072
2579,B,0.99870000000000003,0,9987
2580,A,0.67520000000000002,1,6752
2580,B,1.8676000000000001,1,18676
2581,A,1.5876000000000001,1,15876
2581,B,1.1614,0,11614
2582,A,0.51490000000000002,1,5149
2582,B,1.4281000000000001,1,14281
2583,A,0.6643,1,6643
2583,B,1.0522,0,10522
2584,A,1.4236,1,14236
2584,B,0.50819999999999999,0,5082
2585,A,0.43560000000000004,1,4356
2585,B,1.5902000000000001,0,15902
2586,A,0.68059999999999998,1,6806
2586,B,0.77180000000000004,0,7718
2587,A,0.3301,1,3301
2587,B,0.90960000000000008,1,9096
2588,A,0.33850000000000002,1,3385
2588,B,1.115,1,11150
2589,A,0.91670000000000007,1,9167
2589,B,0.60850000000000004,1,6085
2590,A,0.94010000000000005,1,9401
2590,B,1.6022000000000001,0,16022
2591,A,0.58540000000000003,1,5854
2591,B,2.7954000000000003,1,27954
2592,A,0.85580000000000001,1,8558
2592,B,0.97220000000000006,1,9722
2593,A,0.75770000000000004,1,7577
2593,B,0.88109999999999999,0,8811
2594,A,0.56930000000000003,1,5693
2594,B,1.1394,1,11394
2595,A,0.80810000000000004,1,8081
2595,B,1.6900000000000002,1,16900
2596,A,0.57240000000000002,1,5724
2596,B,0.46750000000000003,0,4675
2597,A,1.2474000000000001,1,12474
2597,B,0.89400000000000002,0,8940
2598,A,0.50409999999999999,1,5041
2598,B,0.3906,0,3906
2599,A,0.69580000000000009,1,6958
2599,B,0.85060000000000002,0,8506
2600,A,0.71060000000000001,1,7106
2600,B,1.1833,1,11833
2601,A,0.86310000000000009,1,8631
2601,B,0.29870000000000002,0,2987
2602,A,0.66949999999999998,1,6695
2602,B,1.5894000000000001,0,15894
2603,A,0.77129999999999999,1,7713
2603,B,3.3168000000000002,0,33168
2604,A,0.47040000000000004,1,4704
2604,B,0.43620000000000003,0,4362
2605,A,1.8014000000000001,1,18014
2605,B,2.2150000000000003,0,22150
2606,A,0.75590000000000002,1,7559
2606,B,0.70900000000000007,0,7090
2607,A,0.57179999999999997,1,5718
2607,B,0.87260000000000004,0,8726
2608,A,0.97730000000000006,1,9773
2608,B,0.87720000000000009,0,8772
2609,A,0.96450000000000002,1,9645
2609,B,0.998,0,9980
2610,A,0.58540000000000003,1,5854
2610,B,0.93710000000000004,0,9371
2611,A,0.26769999999999999,0,2677
2611,B,0.6764,0,6764
2612,A,0.84740000000000004,1,8474
2612,B,0.41800000000000004,0,4180
2613,A,0.99740000000000006,1,9974
2613,B,0.4768,0,4768
2614,A,0.55400000000000005,1,5540
2614,B,0.7117,0,7117
2615,A,0.74220000000000008,1,7422
2615,B,1.214,0,12140
2616,A,1.7372000000000001,1,17372
2616,B,0.20320000000000002,0,2032
2617,A,0.87040000000000006,1,8704
2617,B,0.42800000000000005,0,4280
2618,A,0.56620000000000004,1,5662
2618,B,1.0669,0,10669
2619,A,0.78620000000000001,1,7862
2619,B,2.899,1,28990
2620,A,1.0992,1,10992
2620,B,1.7924,1,17924
2621,A,0.9084000000000001,1,9084
2621,B,1.1686000000000001,0,11686
2622,A,0.75619999999999998,1,7562
2622,B,0.1565,0,1565
2623,A,0.502,1,5020
2623,B,1.4169,1,14169
2624,A,0.85680000000000001,1,8568
2624,B,1.0029000000000001,1,10029
2625,A,1.079,1,10790
2625,B,0.66249999999999998,0,6625
2626,A,1.0179,1,10179
2626,B,1.2812000000000001,0,12812
2627,A,0.69540000000000002,1,6954
2627,B,2.8696000000000002,0,28696
2628,A,0.59510000000000007,1,5951
2628,B,0.35520000000000002,0,3552
2629,A,0.97340000000000004,1,9734
2629,B,3.0904000000000003,1,30904
2630,A,0.68910000000000005,1,6891
2630,B,2.4746999999999999,1,24747
2631,A,0.78000000000000003,1,7800
2631,B,2.2326999999999999,0,22327
2632,A,0.97820000000000007,1,9782
2632,B,0.70669999999999999,0,7067
2633,A,0.62170000000000003,1,6217
2633,B,1.4573,1,14573
2634,A,0.2482,1,2482
2634,B,0.44180000000000003,0,4418
2635,A,1.0955000000000001,1,10955
2635,B,0.35830000000000001,0,3583
2636,A,1.6481000000000001,1,16481
2636,B,1.6062000000000001,0,16062
2637,A,1.2025000000000001,1,12025
2637,B,0.41950000000000004,1,4195
2638,A,0.74440000000000006,1,7444
2638,B,0.69880000000000009,0,6988
2639,A,0.68290000000000006,1,6829
2639,B,1.7144000000000001,1,17144
2640,A,1.3005,1,13005
2640,B,1.9882000000000002,1,19882
2641,A,0.44140000000000001,1,4414
2641,B,0.34210000000000002,0,3421
2642,A,0.83310000000000006,1,8331
2642,B,0.64850000000000008,0,6485
2643,A,0.64900000000000002,1,6490
2643,B,0.21980000000000002,0,2198
2644,A,0.47650000000000003,1,4765
2644,B,0.65990000000000004,0,6599
2645,A,0.43670000000000003,1,4367
2645,B,1.1299000000000001,0,11299
2646,A,0.59179999999999999,1,5918
2646,B,0.23730000000000001,0,2373
2647,A,0.51550000000000007,1,5155
2647,B,0.76840000000000008,0,7684
2648,A,0.72160000000000002,1,7216
2648,B,0.81430000000000002,0,8143
2649,A,0.41390000000000005,1,4139
2649,B,0.30280000000000001,0,3028
2650,A,0.70979999999999999,1,7098
2650,B,0.6169,0,6169
2651,A,1.2837000000000001,1,12837
2651,B,1.5247000000000002,0,15247
2652,A,1.3245,1,13245
2652,B,0.26880000000000004,0,2688
2653,A,0.69280000000000008,1,6928
2653,B,0.75140000000000007,0,7514
2654,A,0.59889999999999999,1,5989
2654,B,1.0996000000000001,1,10996
2655,A,0.7097,1,7097
2655,B,0.3115,0,3115
2656,A,0.9235000000000001,1,9235
2656,B,0.93900000000000006,0,9390
2657,A,0.92790000000000006,1,9279
2657,B,0.3407,1,3407
2658,A,0.3458,1,3458
2658,B,1.3368,0,13368
2659,A,0.82130000000000003,1,8213
2659,B,0.33250000000000002,0,3325
2660,A,0.57040000000000002,1,5704
2660,B,0.5071,0,5071
2661,A,0.89550000000000007,1,8955
2661,B,0.90640000000000009,1,9064
2662,A,0.81440000000000001,1,8144
2662,B,0.7994,1,7994
2663,A,1.0272000000000001,1,10272
2663,B,2.0668000000000002,1,20668
2664,A,2.2277,1,22277
2664,B,0.44820000000000004,0,4482
2665,A,0.29520000000000002,1,2952
2665,B,0.45450000000000002,0,4545
2666,A,0.83350000000000002,1,8335
2666,B,1.2562,1,12562
2667,A,0.65029999999999999,1,6503
2667,B,2.1979000000000002,0,21979
2668,A,0.70720000000000005,1,7072
2668,B,0.41910000000000003,0,4191
2669,A,0.87070000000000003,1,8707
2669,B,0.24600000000000002,0,2460
2670,A,0.88260000000000005,1,8826
2670,B,0.53100000000000003,0,5310
2671,A,0.82300000000000006,1,8230
2671,B,1.3623000000000001,1,13623
2672,A,0.66670000000000007,1,6667
2672,B,1.3488,1,13488
2673,A,0.3715,1,3715
2673,B,0.25409999999999999,0,2541
2674,A,0.71970000000000001,1,7197
2674,B,0.73599999999999999,0,7360
2675,A,0.87909999999999999,1,8791
2675,B,0.33160000000000001,0,3316
2676,A,0.47440000000000004,1,4744
2676,B,1.7437,1,17437
2677,A,0.437,1,4370
2677,B,1.367,0,13670
2678,A,1.8120000000000001,1,18120
2678,B,0.13950000000000001,0,1395
2679,A,1.0387,1,10387
2679,B,0.8387,1,8387
2680,A,1.1751,1,11751
2680,B,3.1794000000000002,0,31794
2681,A,0.54490000000000005,1,5449
2681,B,1.7858000000000001,1,17858
2682,A,0.71940000000000004,1,7194
2682,B,0.97950000000000004,0,9795
2683,A,0.44670000000000004,1,4467
2683,B,1.0824,0,10824
2684,A,1.8002,1,18002
2684,B,1.0839000000000001,0,10839
2685,A,0.38370000000000004,1,3837
2685,B,1.4417,1,14417
2686,A,0.23920000000000002,0,2392
2686,B,0.2374,0,2374
2687,A,0.9900000000000001,1,9900
2687,B,0.31270000000000003,0,3127
2688,A,1.0463,1,10463
2688,B,0.63470000000000004,0,6347
2689,A,1.0709,1,10709
2689,B,1.536,1,15360
2690,A,0.83279999999999998,1,8328
2690,B,0.72850000000000004,0,7285
2691,A,0.33990000000000004,1,3399
2691,B,0.56080000000000008,0,5608
2692,A,0.29000000000000004,1,2900
2692,B,0.40629999999999999,1,4063
2693,A,1.1398000000000001,1,11398
2693,B,0.19770000000000001,0,1977
2694,A,1.1100000000000001,1,11100
2694,B,0.4995,0,4995
2695,A,2.2751999999999999,1,22752
2695,B,1.7872000000000001,0,17872
2696,A,0.46820000000000001,1,4682
2696,B,0.32140000000000002,0,3214
2697,A,0.4234,1,4234
2697,B,2.4816000000000003,1,24816
2698,A,0.66100000000000003,1,6610
2698,B,1.1772,0,11772
2699,A,0.87520000000000009,1,8752
2699,B,1.1213,1,11213
2700,A,0.26730000000000004,0,2673
2700,B,0.95030000000000003,0,9503
2701,A,0.42530000000000001,1,4253
2701,B,5.3357000000000001,0,53357
2702,A,2.8694999999999999,1,28695
2702,B,0.78900000000000003,0,7890
2703,A,1.4261000000000001,1,14261
2703,B,0.6925,0,6925
2704,A,1.2092000000000001,1,12092
2704,B,0.34670000000000001,0,3467
2705,A,1.3434000000000001,1,13434
2705,B,1.1633,0,11633
2706,A,0.5736,1,5736
2706,B,0.59240000000000004,0,5924
2707,A,0.78820000000000001,1,7882
2707,B,1.0141,1,10141
2708,A,1.3589,1,13589
2708,B,3.6783000000000001,1,36783
2709,A,0.79880000000000007,1,7988
2709,B,0.97270000000000001,1,9727
2710,A,0.97910000000000008,1,9791
2710,B,1.7916000000000001,0,17916
2711,A,0.43280000000000002,1,4328
2711,B,0.89219999999999999,1,8922
2712,A,1.2384000000000002,1,12384
2712,B,0.56710000000000005,0,5671
2713,A,0.15690000000000001,0,1569
2713,B,0.97050000000000003,0,9705
2714,A,0.55459999999999998,1,5546
2714,B,1.3354000000000001,0,13354
2715,A,0.45190000000000002,1,4519
2715,B,0.78480000000000005,1,7848
2716,A,0.32100000000000001,1,3210
2716,B,3.9928000000000003,1,39928
2717,A,0.59450000000000003,1,5945
2717,B,1.1147,0,11147
2718,A,0.63540000000000008,1,6354
2718,B,1.6661000000000001,0,16661
2719,A,1.0185999999999999,1,10186
2719,B,0.69000000000000006,0,6900
2720,A,1.0070000000000001,1,10070
2720,B,1.7598,0,17598
2721,A,0.62270000000000003,1,6227
2721,B,0.82869999999999999,1,8287
2722,A,1.1046,1,11046
2722,B,1.8987000000000001,0,18987
2723,A,1.2989000000000002,1,12989
2723,B,2.6093000000000002,0,26093
2724,A,0.35089999999999999,1,3509
2724,B,0.8468,0,8468
2725,A,1.5798000000000001,1,15798
2725,B,0.14780000000000001,0,1478
2726,A,0.45630000000000004,1,4563
2726,B,2.2585000000000002,0,22585
2727,A,0.86670000000000003,1,8667
2727,B,2.9996,1,29996
2728,A,1.0593000000000001,1,10593
2728,B,0.90650000000000008,0,9065
2729,A,1.524,1,15240
2729,B,1.7349000000000001,1,17349
2730,A,1.1435999999999999,1,11436
2730,B,0.62260000000000004,0,6226
2731,A,0.64790000000000003,1,6479
2731,B,0.67800000000000005,0,6780
2732,A,0.72920000000000007,1,7292
2732,B,0.50329999999999997,0,5033
2733,A,1.4666000000000001,1,14666
2733,B,2.6548000000000003,1,26548
2734,A,1.5722,1,15722
2734,B,0.60310000000000008,0,6031
2735,A,0.50670000000000004,1,5067
2735,B,3.6539000000000001,1,36539
2736,A,0.80680000000000007,1,8068
2736,B,0.18990000000000001,0,1899
2737,A,1.0698000000000001,1,10698
2737,B,0.57069999999999999,0,5707
2738,A,0.50260000000000005,1,5026
2738,B,0.24680000000000002,0,2468
2739,A,0.93130000000000002,1,9313
2739,B,0.82800000000000007,0,8280
2740,A,0.81700000000000006,1,8170
2740,B,1.0825,0,10825
2741,A,1.1887000000000001,1,11887
2741,B,1.6986000000000001,0,16986
2742,A,1.9854000000000001,1,19854
2742,B,2.5436000000000001,0,25436
2743,A,0.57290000000000008,1,5729
2743,B,1.4751000000000001,0,14751
2744,A,0.86180000000000001,1,8618
2744,B,1.4673,0,14673
2745,A,0.76419999999999999,1,7642
2745,B,1.0085999999999999,1,10086
2746,A,0.81140000000000001,1,8114
2746,B,0.91320000000000001,0,9132
2747,A,0.50290000000000001,0,5029
2747,B,0.71700000000000008,0,7170
2748,A,0.68030000000000002,1,6803
2748,B,1.1996,0,11996
2749,A,0.56300000000000006,1,5630
2749,B,1.2884,1,12884
2750,A,0.63500000000000001,1,6350
2750,B,2.6036999999999999,0,26037
2751,A,0.4919,1,4919
2751,B,3.3638000000000003,0,33638
2752,A,1.4988000000000001,1,14988
2752,B,0.84770000000000001,0,8477
2753,A,1.9391,1,19391
2753,B,0.94820000000000004,0,9482
2754,A,0.74250000000000005,1,7425
2754,B,0.23370000000000002,0,2337
2755,A,1.1742000000000001,1,11742
2755,B,0.90229999999999999,0,9023
2756,A,0.54770000000000008,1,5477
2756,B,2.2310000000000003,1,22310
2757,A,0.59140000000000004,0,5914
2757,B,7.0356000000000005,1,70356
2758,A,0.49610000000000004,1,4961
2758,B,1.004,1,10040
2759,A,0.91160000000000008,1,9116
2759,B,0.66260000000000008,0,6626
2760,A,0.70669999999999999,1,7067
2760,B,0.9929,0,9929
2761,A,0.55090000000000006,1,5509
2761,B,0.42110000000000003,0,4211
2762,A,0.89080000000000004,1,8908
2762,B,3.4817,0,34817
2763,A,0.56710000000000005,1,5671
2763,B,0.20480000000000001,0,2048
2764,A,0.6653,1,6653
2764,B,2.5788000000000002,1,25788
2765,A,0.69430000000000003,1,6943
2765,B,0.25600000000000001,0,2560
2766,A,0.85489999999999999,1,8549
2766,B,1.6172,1,16172
2767,A,0.40350000000000003,1,4035
2767,B,0.8306,0,8306
2768,A,0.70340000000000003,1,7034
2768,B,1.0182,0,10182
2769,A,1.5015000000000001,1,15015
2769,B,0.76970000000000005,0,7697
2770,A,1.3066,1,13066
2770,B,0.77980000000000005,0,7798
2771,A,0.25090000000000001,1,2509
2771,B,0.68440000000000001,0,6844
2772,A,1.1771,1,11771
2772,B,1.1558000000000002,1,11558
2773,A,0.37210000000000004,1,3721
2773,B,2.0312999999999999,1,20313
2774,A,0.42070000000000002,1,4207
2774,B,0.92810000000000004,1,9281
2775,A,0.64629999999999999,1,6463
2775,B,0.61120000000000008,0,6112
2776,A,0.79039999999999999,1,7904
2776,B,0.66160000000000008,0,6616
2777,A,0.93610000000000004,1,9361
2777,B,1.4209000000000001,0,14209
2778,A,0.38240000000000002,1,3824
2778,B,1.4374,1,14374
2779,A,1.0078,1,10078
2779,B,0.89670000000000005,0,8967
2780,A,0.44920000000000004,1,4492
2780,B,0.94300000000000006,0,9430
2781,A,1.0073000000000001,1,10073
2781,B,0.35500000000000004,0,3550
2782,A,1.2685,1,12685
2782,B,0.16240000000000002,0,1624
2783,A,0.70720000000000005,1,7072
2783,B,0.26419999999999999,0,2642
2784,A,1.2713000000000001,1,12713
2784,B,0.59489999999999998,1,5949
2785,A,0.33550000000000002,1,3355
2785,B,0.54949999999999999,0,5495
2786,A,0.58150000000000002,1,5815
2786,B,0.38570000000000004,0,3857
2787,A,0.72840000000000005,1,7284
2787,B,0.40550000000000003,0,4055
2788,A,0.34240000000000004,1,3424
2788,B,0.40629999999999999,0,4063
2789,A,1.6418000000000001,1,16418
2789,B,1.1791,1,11791
2790,A,0.49390000000000001,1,4939
2790,B,0.50600000000000001,0,5060
2791,A,0.71210000000000007,1,7121
2791,B,0.1608,0,1608
2792,A,0.52970000000000006,1,5297
2792,B,0.9133,0,9133
2793,A,0.44240000000000002,1,4424
2793,B,0.39069999999999999,0,3907
2794,A,1.0129000000000001,1,10129
2794,B,0.70830000000000004,0,7083
2795,A,2.0983000000000001,1,20983
2795,B,0.41800000000000004,0,4180
2796,A,0.57120000000000004,1,5712
2796,B,0.56180000000000008,1,5618
2797,A,0.57500000000000007,1,5750
2797,B,3.3237000000000001,1,33237
2798,A,1.7641,1,17641
2798,B,0.61560000000000004,1,6156
2799,A,0.68330000000000002,1,6833
2799,B,1.6771,1,16771
2800,A,0.50740000000000007,1,5074
2800,B,0.36710000000000004,0,3671
2801,A,1.0664,1,10664
2801,B,0.23330000000000001,1,2333
2802,A,0.4854,1,4854
2802,B,1.4008,0,14008
2803,A,0.32669999999999999,1,3267
2803,B,1.4188000000000001,1,14188
2804,A,1.5151000000000001,1,15151
2804,B,1.0562,1,10562
2805,A,1.9361000000000002,1,19361
2805,B,0.99660000000000004,0,9966
2806,A,0.56610000000000005,1,5661
2806,B,0.32969999999999999,0,3297
2807,A,1.0609,1,10609
2807,B,0.49210000000000004,0,4921
2808,A,0.65239999999999998,1,6524
2808,B,0.24070000000000003,0,2407
2809,A,0.70779999999999998,0,7078
2809,B,0.98750000000000004,1,9875
2810,A,0.40140000000000003,1,4014
2810,B,1.3807,1,13807
2811,A,0.52990000000000004,1,5299
2811,B,2.8426,1,28426
2812,A,1.0863,1,10863
2812,B,0.82450000000000001,0,8245
2813,A,0.80330000000000001,1,8033
2813,B,0.66139999999999999,0,6614
2814,A,0.97740000000000005,1,9774
2814,B,1.8866000000000001,0,18866
2815,A,0.87020000000000008,1,8702
2815,B,0.31870000000000004,0,3187
2816,A,0.46630000000000005,0,4663
2816,B,1.3405,0,13405
2817,A,0.39940000000000003,1,3994
2817,B,0.45900000000000002,0,4590
2818,A,1.1036000000000001,1,11036
2818,B,0.076499999999999999,0,765
2819,A,0.69740000000000002,1,6974
2819,B,0.42180000000000001,0,4218
2820,A,0.80490000000000006,1,8049
2820,B,1.3174000000000001,1,13174
2821,A,1.0451000000000001,1,10451
2821,B,1.0435000000000001,0,10435
2822,A,0.84300000000000008,1,8430
2822,B,0.89250000000000007,0,8925
2823,A,0.68880000000000008,1,6888
2823,B,0.30349999999999999,0,3035
2824,A,0.4753,1,4753
2824,B,1.2062000000000002,0,12062
2825,A,0.82190000000000007,1,8219
2825,B,1.194,0,11940
2826,A,0.52429999999999999,1,5243
2826,B,1.5810000000000002,1,15810
2827,A,0.6159,1,6159
2827,B,0.317,0,3170
2828,A,0.45340000000000003,1,4534
2828,B,0.91720000000000002,1,9172
2829,A,1.9079000000000002,1,19079
2829,B,3.4048000000000003,1,34048
2830,A,0.4143,1,4143
2830,B,2.0846,0,20846
2831,A,0.79580000000000006,1,7958
2831,B,1.7633000000000001,1,17633
2832,A,0.096100000000000005,0,961
2832,B,1.4399000000000002,1,14399
2833,A,0.29200000000000004,1,2920
2833,B,0.74270000000000003,0,7427
2834,A,1.1216000000000002,1,11216
2834,B,0.75230000000000008,0,7523
2835,A,0.69200000000000006,1,6920
2835,B,0.47420000000000001,0,4742
2836,A,0.75530000000000008,1,7553
2836,B,0.42870000000000003,0,4287
2837,A,0.49130000000000001,1,4913
2837,B,1.3782000000000001,1,13782
2838,A,0.37790000000000001,1,3779
2838,B,0.25330000000000003,0,2533
2839,A,0.49330000000000002,1,4933
2839,B,0.62119999999999997,0,6212
2840,A,0.81200000000000006,1,8120
2840,B,1.296,1,12960
2841,A,0.33879999999999999,1,3388
2841,B,0.5151,0,5151
2842,A,0.63519999999999999,1,6352
2842,B,1.026,1,10260
2843,A,0.75309999999999999,1,7531
2843,B,1.0191000000000001,0,10191
2844,A,0.32280000000000003,0,3228
2844,B,1.0965,0,10965
2845,A,1.1046,1,11046
2845,B,0.45180000000000003,0,4518
2846,A,1.081,1,10810
2846,B,0.86560000000000004,0,8656
2847,A,0.46700000000000003,1,4670
2847,B,0.68680000000000008,1,6868
2848,A,0.63980000000000004,1,6398
2848,B,0.57320000000000004,0,5732
2849,A,0.61499999999999999,1,6150
2849,B,1.0339,0,10339
2850,A,0.51100000000000001,1,5110
2850,B,0.52360000000000007,1,5236
2851,A,0.54200000000000004,1,5420
2851,B,0.97730000000000006,0,9773
2852,A,0.45040000000000002,1,4504
2852,B,0.33400000000000002,0,3340
2853,A,0.85140000000000005,1,8514
2853,B,1.7393000000000001,0,17393
2854,A,0.7127,1,7127
2854,B,0.23630000000000001,0,2363
2855,A,0.54430000000000001,1,5443
2855,B,0.24390000000000001,0,2439
2856,A,1.1807000000000001,1,11807
2856,B,0.27879999999999999,0,2788
2857,A,0.43140000000000001,1,4314
2857,B,0.29220000000000002,0,2922
2858,A,0.69420000000000004,1,6942
2858,B,0.39510000000000001,0,3951
2859,A,0.7298,1,7298
2859,B,0.2243,0,2243
2860,A,0.78650000000000009,1,7865
2860,B,2.2319,1,22319
2861,A,1.2594000000000001,1,12594
2861,B,3.6145,1,36145
2862,A,1.8993,1,18993
2862,B,0.78180000000000005,1,7818
2863,A,0.59650000000000003,1,5965
2863,B,0.28860000000000002,0,2886
2864,A,1.5191000000000001,1,15191
2864,B,0.69850000000000001,1,6985
2865,A,1.1420000000000001,1,11420
2865,B,1.2149000000000001,1,12149
2866,A,0.83379999999999999,1,8338
2866,B,2.6065,0,26065
2867,A,1.2506000000000002,1,12506
2867,B,0.61520000000000008,0,6152
2868,A,0.39360000000000001,1,3936
2868,B,0.30990000000000001,0,3099
2869,A,0.9738,1,9738
2869,B,1.0369000000000002,0,10369
2870,A,2.2452000000000001,1,22452
2870,B,0.29410000000000003,0,2941
2871,A,1.0614000000000001,1,10614
2871,B,1.4259000000000002,0,14259
2872,A,0.51470000000000005,1,5147
2872,B,1.4548000000000001,0,14548
2873,A,2.7938000000000001,1,27938
2873,B,1.5043,0,15043
2874,A,1.3629,1,13629
2874,B,3.7227000000000001,0,37227
2875,A,1.2022000000000002,1,12022
2875,B,0.50219999999999998,0,5022
2876,A,0.63919999999999999,1,6392
2876,B,0.55270000000000008,0,5527
2877,A,0.90429999999999999,1,9043
2877,B,3.1590000000000003,1,31590
2878,A,0.4037,0,4037
2878,B,0.21390000000000001,0,2139
2879,A,0.33850000000000002,1,3385
2879,B,0.35150000000000003,0,3515
2880,A,0.65050000000000008,1,6505
2880,B,2.2035,1,22035
2881,A,1.5855000000000001,1,15855
2881,B,0.63009999999999999,1,6301
2882,A,0.5323,1,5323
2882,B,1.0531000000000001,1,10531
2883,A,0.78200000000000003,1,7820
2883,B,0.47720000000000001,0,4772
2884,A,0.26069999999999999,0,2607
2884,B,2.4251,0,24251
2885,A,1.2233000000000001,1,12233
2885,B,0.45290000000000002,0,4529
2886,A,0.54290000000000005,1,5429
2886,B,1.3478000000000001,1,13478
2887,A,0.8004,1,8004
2887,B,0.35289999999999999,0,3529
2888,A,0.57530000000000003,1,5753
2888,B,1.5788,1,15788
2889,A,0.60540000000000005,1,6054
2889,B,2.7724000000000002,0,27724
2890,A,0.33140000000000003,1,3314
2890,B,1.3265,1,13265
2891,A,1.5403,1,15403
2891,B,1.1200000000000001,0,11200
2892,A,0.51680000000000004,1,5168
2892,B,3.6824000000000003,0,36824
2893,A,0.78370000000000006,0,7837
2893,B,0.4264,0,4264
2894,A,0.73899999999999999,1,7390
2894,B,0.4985,0,4985
2895,A,0.42580000000000001,1,4258
2895,B,0.5625,0,5625
2896,A,0.82130000000000003,1,8213
2896,B,0.59620000000000006,1,5962
2897,A,0.62840000000000007,0,6284
2897,B,1.3090000000000002,1,13090
2898,A,1.2348000000000001,1,12348
2898,B,0.61150000000000004,0,6115
2899,A,1.6535,1,16535
2899,B,1.3068,0,13068
2900,A,1.0594000000000001,1,10594
2900,B,2.6506000000000003,0,26506
2901,A,0.79420000000000002,1,7942
2901,B,1.4226000000000001,1,14226
2902,A,0.89240000000000008,1,8924
2902,B,0.37840000000000001,0,3784
2903,A,0.81780000000000008,1,8178
2903,B,0.52310000000000001,1,5231
2904,A,0.49330000000000002,1,4933
2904,B,0.33450000000000002,0,3345
2905,A,1.0094000000000001,1,10094
2905,B,0.76700000000000002,0,7670
2906,A,0.73540000000000005,1,7354
2906,B,1.3107,0,13107
2907,A,0.45090000000000002,1,4509
2907,B,1.7882,1,17882
2908,A,0.50340000000000007,1,5034
2908,B,0.48710000000000003,0,4871
2909,A,0.77640000000000009,1,7764
2909,B,2.1208,1,21208
2910,A,0.56020000000000003,1,5602
2910,B,0.36620000000000003,0,3662
2911,A,0.28470000000000001,1,2847
2911,B,0.9052,1,9052
2912,A,0.8901,1,8901
2912,B,0.3705,0,3705
2913,A,0.59289999999999998,1,5929
2913,B,1.1121000000000001,1,11121
2914,A,0.62419999999999998,1,6242
2914,B,0.6845,0,6845
2915,A,0.49130000000000001,1,4913
2915,B,1.7483000000000002,0,17483
2916,A,0.66280000000000006,1,6628
2916,B,1.0226,0,10226
2917,A,0.71520000000000006,1,7152
2917,B,1.3507,1,13507
2918,A,0.80840000000000001,1,8084
2918,B,0.43760000000000004,0,4376
2919,A,0.72550000000000003,1,7255
2919,B,0.55869999999999997,0,5587
2920,A,1.2101,1,12101
2920,B,0.5635,0,5635
2921,A,0.82369999999999999,1,8237
2921,B,0.28340000000000004,0,2834
2922,A,0.65280000000000005,1,6528
2922,B,0.28970000000000001,0,2897
2923,A,1.0216000000000001,1,10216
2923,B,0.60360000000000003,0,6036
2924,A,1.4004000000000001,1,14004
2924,B,1.0502,0,10502
2925,A,0.4128,1,4128
2925,B,2.3693,1,23693
2926,A,0.64880000000000004,1,6488
2926,B,1.6493,0,16493
2927,A,0.71950000000000003,1,7195
2927,B,0.48460000000000003,0,4846
2928,A,0.64650000000000007,1,6465
2928,B,0.43210000000000004,0,4321
2929,A,0.45280000000000004,1,4528
2929,B,0.95850000000000002,0,9585
2930,A,0.9546,1,9546
2930,B,0.9143,0,9143
2931,A,0.6885,1,6885
2931,B,0.50419999999999998,0,5042
2932,A,0.53049999999999997,1,5305
2932,B,0.60020000000000007,0,6002
2933,A,0.49110000000000004,1,4911
2933,B,1.0722,0,10722
2934,A,0.99440000000000006,1,9944
2934,B,1.2854000000000001,1,12854
2935,A,0.59740000000000004,1,5974
2935,B,2.5755000000000003,0,25755
2936,A,1.5067000000000002,1,15067
2936,B,1.8388,0,18388
2937,A,0.56630000000000003,1,5663
2937,B,0.92600000000000005,0,9260
2938,A,0.32790000000000002,1,3279
2938,B,1.9982000000000002,0,19982
2939,A,0.28160000000000002,1,2816
2939,B,2.1612,0,21612
2940,A,0.97520000000000007,1,9752
2940,B,1.4774,1,14774
2941,A,1.3749,1,13749
2941,B,2.2728999999999999,1,22729
2942,A,0.6321,1,6321
2942,B,0.91070000000000007,0,9107
2943,A,0.86740000000000006,1,8674
2943,B,1.5838000000000001,0,15838
2944,A,1.0110000000000001,1,10110
2944,B,0.2606,0,2606
2945,A,0.55610000000000004,1,5561
2945,B,0.51590000000000003,0,5159
2946,A,0.62190000000000001,1,6219
2946,B,2.8473000000000002,0,28473
2947,A,0.71030000000000004,1,7103
2947,B,0.63160000000000005,0,6316
2948,A,0.44020000000000004,1,4402
2948,B,0.78290000000000004,1,7829
2949,A,0.43710000000000004,1,4371
2949,B,2.2956000000000003,0,22956
2950,A,0.64740000000000009,1,6474
2950,B,2.2012,0,22012
2951,A,0.8397,1,8397
2951,B,2.2259000000000002,1,22259
2952,A,1.1355,1,11355
2952,B,0.87930000000000008,1,8793
2953,A,0.88430000000000009,1,8843
2953,B,1.8162,1,18162
2954,A,0.79339999999999999,1,7934
2954,B,1.5334000000000001,0,15334
2955,A,0.47600000000000003,1,4760
2955,B,1.6312,0,16312
2956,A,1.127,1,11270
2956,B,0.35620000000000002,0,3562
2957,A,0.84930000000000005,1,8493
2957,B,2.1504000000000003,0,21504
2958,A,0.76350000000000007,1,7635
2958,B,1.1419000000000001,1,11419
2959,A,0.41870000000000002,1,4187
2959,B,1.1204000000000001,0,11204
2960,A,0.75009999999999999,1,7501
2960,B,1.1923000000000001,0,11923
2961,A,0.80620000000000003,1,8062
2961,B,0.26640000000000003,0,2664
2962,A,0.61550000000000005,1,6155
2962,B,1.0752000000000002,1,10752
2963,A,0.85740000000000005,1,8574
2963,B,1.0565,0,10565
2964,A,1.2726,1,12726
2964,B,2.3015000000000003,1,23015
2965,A,0.74370000000000003,1,7437
2965,B,2.6664000000000003,1,26664
2966,A,0.66380000000000006,1,6638
2966,B,0.47000000000000003,0,4700
2967,A,0.43860000000000005,1,4386
2967,B,0.4365,0,4365
2968,A,0.75870000000000004,1,7587
2968,B,3.8813,1,38813
2969,A,0.61760000000000004,1,6176
2969,B,0.9607,1,9607
2970,A,0.37970000000000004,1,3797
2970,B,1.1835,0,11835
2971,A,0.42870000000000003,1,4287
2971,B,1.2239,1,12239
2972,A,0.72540000000000004,1,7254
2972,B,2.3605,1,23605
2973,A,0.6573,1,6573
2973,B,0.30920000000000003,0,3092
2974,A,0.76290000000000002,1,7629
2974,B,1.4063000000000001,0,14063
2975,A,0.96730000000000005,1,9673
2975,B,1.5382,0,15382
2976,A,0.41040000000000004,1,4104
2976,B,3.3656000000000001,0,33656
2977,A,0.54280000000000006,1,5428
2977,B,0.26319999999999999,0,2632
2978,A,1.2055,1,12055
2978,B,0.53300000000000003,0,5330
2979,A,0.76290000000000002,1,7629
2979,B,1.1093,1,11093
2980,A,0.59310000000000007,1,5931
2980,B,0.58550000000000002,0,5855
2981,A,0.62660000000000005,1,6266
2981,B,2.6577999999999999,1,26578
2982,A,1.1364000000000001,1,11364
2982,B,0.41600000000000004,0,4160
2983,A,0.46880000000000005,1,4688
2983,B,4.7549999999999999,1,47550
2984,A,0.87290000000000001,1,8729
2984,B,1.9566000000000001,0,19566
2985,A,0.47120000000000001,1,4712
2985,B,2.3539000000000003,1,23539
2986,A,0.85440000000000005,1,8544
2986,B,0.82300000000000006,0,8230
2987,A,0.54090000000000005,1,5409
2987,B,0.70530000000000004,1,7053
2988,A,0.6028,1,6028
2988,B,0.91690000000000005,0,9169
2989,A,0.9708,1,9708
2989,B,1.4338,0,14338
2990,A,0.63670000000000004,1,6367
2990,B,1.9113,1,19113
2991,A,0.62130000000000007,1,6213
2991,B,2.2897000000000003,1,22897
2992,A,1.2389000000000001,1,12389
2992,B,2.2747000000000002,1,22747
2993,A,0.37020000000000003,1,3702
2993,B,1.4816,0,14816
2994,A,0.47650000000000003,1,4765
2994,B,1.6882000000000001,1,16882
2995,A,0.60540000000000005,1,6054
2995,B,0.628,1,6280
2996,A,0.66290000000000004,1,6629
2996,B,1.9606000000000001,1,19606
2997,A,1.2341,1,12341
2997,B,2.3320000000000003,0,23320
2998,A,0.3906,1,3906
2998,B,0.71679999999999999,0,7168
2999,A,0.72720000000000007,1,7272
2999,B,1.3586,1,13586
3000,A,0.83620000000000005,1,8362
3000,B,0.69280000000000008,0,6928
3001,A,0.53349999999999997,1,5335
3001,B,1.0759000000000001,0,10759
3002,A,2.3946000000000001,1,23946
3002,B,0.28589999999999999,0,2859
3003,A,1.1092,1,11092
3003,B,0.60470000000000002,0,6047
3004,A,0.62809999999999999,1,6281
3004,B,0.64780000000000004,0,6478
3005,A,0.38040000000000002,0,3804
3005,B,0.3453,0,3453
3006,A,0.72810000000000008,1,7281
3006,B,0.58120000000000005,0,5812
3007,A,0.7429,1,7429
3007,B,0.58179999999999998,0,5818
3008,A,1.4716,1,14716
3008,B,0.3977,0,3977
3009,A,0.42800000000000005,1,4280
3009,B,0.93530000000000002,1,9353
3010,A,0.44180000000000003,1,4418
3010,B,3.9507000000000003,1,39507
3011,A,1.2805,1,12805
3011,B,1.3190000000000002,1,13190
3012,A,0.36840000000000001,1,3684
3012,B,1.2518,0,12518
3013,A,0.5262,1,5262
3013,B,0.96000000000000008,0,9600
3014,A,0.62570000000000003,1,6257
3014,B,0.60020000000000007,0,6002
3015,A,0.64450000000000007,1,6445
3015,B,0.41210000000000002,0,4121
3016,A,1.222,1,12220
3016,B,0.51470000000000005,0,5147
3017,A,0.47890000000000005,1,4789
3017,B,0.52280000000000004,0,5228
3018,A,0.39369999999999999,1,3937
3018,B,1.1559000000000001,0,11559
3019,A,0.45910000000000001,1,4591
3019,B,0.56310000000000004,0,5631
3020,A,0.74740000000000006,0,7474
3020,B,1.6515000000000002,1,16515
3021,A,1.0468,1,10468
3021,B,2.7977000000000003,1,27977
3022,A,0.53649999999999998,1,5365
3022,B,3.9318000000000004,0,39318
3023,A,0.82550000000000001,1,8255
3023,B,1.0971,1,10971
3024,A,1.407,1,14070
3024,B,0.62319999999999998,1,6232
3025,A,0.66310000000000002,1,6631
3025,B,0.1404,0,1404
3026,A,0.65900000000000003,1,6590
3026,B,0.4194,1,4194
3027,A,0.81420000000000003,1,8142
3027,B,2.5920000000000001,1,25920
3028,A,1.9285000000000001,1,19285
3028,B,0.72189999999999999,0,7219
3029,A,1.3392000000000002,1,13392
3029,B,3.7123000000000004,0,37123
3030,A,0.67830000000000001,1,6783
3030,B,4.5623000000000005,1,45623
3031,A,0.2303,1,2303
3031,B,0.69980000000000009,0,6998
3032,A,0.73670000000000002,1,7367
3032,B,3.2331000000000003,0,32331
3033,A,1.0322,1,10322
3033,B,0.37720000000000004,0,3772
3034,A,0.95960000000000001,1,9596
3034,B,1.9629000000000001,1,19629
3035,A,0.86660000000000004,1,8666
3035,B,0.8024,1,8024
3036,A,0.57790000000000008,1,5779
3036,B,0.42800000000000005,0,4280
3037,A,1.1463000000000001,1,11463
3037,B,1.022,1,10220
3038,A,1.4558,1,14558
3038,B,0.79690000000000005,0,7969
3039,A,0.98810000000000009,1,9881
3039,B,1.1276000000000002,0,11276
3040,A,0.49740000000000001,1,4974
3040,B,1.1499000000000001,1,11499
3041,A,0.96720000000000006,1,9672
3041,B,1.3148,0,13148
3042,A,0.4824,1,4824
3042,B,0.76350000000000007,0,7635
3043,A,0.31980000000000003,1,3198
3043,B,2.7899000000000003,0,27899
3044,A,0.56940000000000002,1,5694
3044,B,0.58000000000000007,0,5800
3045,A,0.47850000000000004,1,4785
3045,B,2.5954000000000002,1,25954
3046,A,0.45100000000000001,1,4510
3046,B,0.317,0,3170
3047,A,1.2010000000000001,1,12010
3047,B,0.96250000000000002,0,9625
3048,A,0.61470000000000002,1,6147
3048,B,3.2043000000000004,1,32043
3049,A,0.41020000000000001,1,4102
3049,B,0.53339999999999999,1,5334
3050,A,1.0515000000000001,1,10515
3050,B,1.4439,1,14439
3051,A,0.47900000000000004,1,4790
3051,B,2.3121,0,23121
3052,A,1.2618,1,12618
3052,B,1.4091,0,14091
3053,A,1.3618000000000001,1,13618
3053,B,0.45100000000000001,0,4510
3054,A,0.99680000000000002,1,9968
3054,B,2.3188,0,23188
3055,A,1.0706,1,10706
3055,B,0.43120000000000003,0,4312
3056,A,1.2815000000000001,1,12815
3056,B,1.8231000000000002,1,18231
3057,A,0.65010000000000001,1,6501
3057,B,1.4236,0,14236
3058,A,0.43140000000000001,1,4314
3058,B,0.063600000000000004,0,636
3059,A,0.70390000000000008,1,7039
3059,B,0.67690000000000006,0,6769
3060,A,0.91590000000000005,1,9159
3060,B,1.3122,0,13122
3061,A,0.80300000000000005,1,8030
3061,B,1.0474000000000001,1,10474
3062,A,0.9194,1,9194
3062,B,0.24210000000000001,0,2421
3063,A,0.55940000000000001,1,5594
3063,B,2.6524000000000001,0,26524
3064,A,0.77480000000000004,1,7748
3064,B,0.31520000000000004,0,3152
3065,A,1.4134,1,14134
3065,B,0.1651,0,1651
3066,A,1.4814000000000001,1,14814
3066,B,0.95190000000000008,1,9519
3067,A,0.755,1,7550
3067,B,0.20180000000000001,0,2018
3068,A,1.0953000000000002,1,10953
3068,B,1.1351,0,11351
3069,A,0.89610000000000001,1,8961
3069,B,0.46200000000000002,1,4620
3070,A,1.2439,1,12439
3070,B,4.0388999999999999,0,40389
3071,A,1.54,1,15400
3071,B,1.0468999999999999,1,10469
3072,A,0.29749999999999999,1,2975
3072,B,0.38170000000000004,0,3817
3073,A,0.65580000000000005,1,6558
3073,B,0.53039999999999998,0,5304
3074,A,0.81640000000000001,1,8164
3074,B,0.29760000000000003,0,2976
3075,A,0.74070000000000003,1,7407
3075,B,2.3384,1,23384
3076,A,0.54680000000000006,1,5468
3076,B,2.5832000000000002,0,25832
3077,A,0.8367,1,8367
3077,B,1.2039,0,12039
3078,A,0.67630000000000001,1,6763
3078,B,0.39840000000000003,0,3984
3079,A,0.58650000000000002,1,5865
3079,B,0.39240000000000003,0,3924
3080,A,0.84689999999999999,1,8469
3080,B,1.4648000000000001,0,14648
3081,A,0.83820000000000006,1,8382
3081,B,2.4534000000000002,1,24534
3082,A,0.68020000000000003,0,6802
3082,B,0.85910000000000009,1,8591
3083,A,0.5746,1,5746
3083,B,1.4397,0,14397
3084,A,0.37470000000000003,1,3747
3084,B,3.1486000000000001,0,31486
3085,A,1.2811000000000001,1,12811
3085,B,0.2581,0,2581
3086,A,0.77110000000000001,1,7711
3086,B,0.73930000000000007,0,7393
3087,A,0.61980000000000002,1,6198
3087,B,0.5333,0,5333
3088,A,1.4878,1,14878
3088,B,1.7174,1,17174
3089,A,0.60410000000000008,1,6041
3089,B,1.6553,0,16553
3090,A,0.6401,1,6401
3090,B,1.9554,1,19554
3091,A,0.82530000000000003,1,8253
3091,B,0.2268,0,2268
3092,A,0.4632,1,4632
3092,B,0.73070000000000002,1,7307
3093,A,0.4335,1,4335
3093,B,0.50670000000000004,1,5067
3094,A,1.1187,1,11187
3094,B,1.3620000000000001,0,13620
3095,A,0.4385,1,4385
3095,B,0.99160000000000004,1,9916
3096,A,0.61899999999999999,1,6190
3096,B,1.7876000000000001,0,17876
3097,A,0.5585,1,5585
3097,B,5.4996,0,54996
3098,A,0.59450000000000003,1,5945
3098,B,0.1963,0,1963
3099,A,0.74450000000000005,1,7445
3099,B,1.3824000000000001,0,13824
3100,A,0.50940000000000007,1,5094
3100,B,1.1028,0,11028
3101,A,0.66500000000000004,1,6650
3101,B,0.11610000000000001,0,1161
3102,A,0.76590000000000003,1,7659
3102,B,0.84910000000000008,0,8491
3103,A,0.59510000000000007,1,5951
3103,B,1.0185,0,10185
3104,A,0.36320000000000002,1,3632
3104,B,1.524,0,15240
3105,A,1.1375999999999999,1,11376
3105,B,0.69580000000000009,0,6958
3106,A,0.90510000000000002,1,9051
3106,B,9.0460000000000012,1,90460
3107,A,1.8844000000000001,1,18844
3107,B,0.69220000000000004,1,6922
3108,A,0.89280000000000004,1,8928
3108,B,3.0954000000000002,0,30954
3109,A,0.61270000000000002,1,6127
3109,B,0.79050000000000009,0,7905
3110,A,1.0903,1,10903
3110,B,0.67100000000000004,1,6710
3111,A,0.40240000000000004,1,4024
3111,B,1.2197,0,12197
3112,A,0.28460000000000002,0,2846
3112,B,1.7423000000000002,1,17423
3113,A,0.71640000000000004,1,7164
3113,B,0.48880000000000001,0,4888
3114,A,0.7843,1,7843
3114,B,5.2719000000000005,0,52719
3115,A,0.41760000000000003,1,4176
3115,B,0.17460000000000001,0,1746
3116,A,0.4965,1,4965
3116,B,0.79710000000000003,1,7971
3117,A,0.52739999999999998,1,5274
3117,B,1.3943000000000001,1,13943
3118,A,0.46800000000000003,1,4680
3118,B,0.85760000000000003,1,8576
3119,A,0.44160000000000005,1,4416
3119,B,0.7782,1,7782
3120,A,0.27610000000000001,1,2761
3120,B,1.5257000000000001,0,15257
3121,A,0.35570000000000002,1,3557
3121,B,1.0039,0,10039
3122,A,0.64810000000000001,1,6481
3122,B,1.5004000000000002,0,15004
3123,A,1.8972,1,18972
3123,B,3.3736000000000002,0,33736
3124,A,0.55110000000000003,1,5511
3124,B,0.82800000000000007,0,8280
3125,A,1.4956,1,14956
3125,B,0.85500000000000009,0,8550
3126,A,0.88950000000000007,1,8895
3126,B,0.51760000000000006,0,5176
3127,A,1.0536000000000001,1,10536
3127,B,2.2486999999999999,0,22487
3128,A,0.79060000000000008,1,7906
3128,B,0.52670000000000006,0,5267
3129,A,0.70669999999999999,1,7067
3129,B,1.2296,0,12296
3130,A,0.67060000000000008,1,6706
3130,B,1.3027,1,13027
3131,A,0.48460000000000003,1,4846
3131,B,0.98440000000000005,1,9844
3132,A,0.4733,1,4733
3132,B,0.91060000000000008,1,9106
3133,A,0.46920000000000001,1,4692
3133,B,0.45250000000000001,0,4525
3134,A,1.2277,0,12277
3134,B,1.0561,1,10561
3135,A,0.60950000000000004,1,6095
3135,B,0.5071,0,5071
3136,A,0.94010000000000005,1,9401
3136,B,1.1677,0,11677
3137,A,1.4877,1,14877
3137,B,0.74840000000000007,0,7484
3138,A,0.49060000000000004,1,4906
3138,B,0.79060000000000008,0,7906
3139,A,0.16420000000000001,1,1642
3139,B,1.1014000000000002,0,11014
3140,A,1.0721000000000001,1,10721
3140,B,6.1896000000000004,0,61896
3141,A,1.0636000000000001,1,10636
3141,B,2.6870000000000003,0,26870
3142,A,0.69580000000000009,1,6958
3142,B,0.7056,1,7056
3143,A,0.56359999999999999,1,5636
3143,B,1.121,1,11210
3144,A,1.0111000000000001,1,10111
3144,B,0.68170000000000008,0,6817
3145,A,0.57800000000000007,1,5780
3145,B,2.5941000000000001,0,25941
3146,A,1.0484,1,10484
3146,B,0.56710000000000005,0,5671
3147,A,0.85620000000000007,1,8562
3147,B,0.88950000000000007,1,8895
3148,A,1.0301,1,10301
3148,B,2.1109,1,21109
3149,A,1.1950000000000001,1,11950
3149,B,3.0243000000000002,1,30243
3150,A,0.308,1,3080
3150,B,1.5468000000000002,0,15468
3151,A,2.1349,1,21349
3151,B,1.1465000000000001,1,11465
3152,A,0.52560000000000007,1,5256
3152,B,0.79830000000000001,0,7983
3153,A,1.0322,1,10322
3153,B,0.9042,1,9042
3154,A,1.1199000000000001,1,11199
3154,B,0.72250000000000003,0,7225
3155,A,0.98060000000000003,1,9806
3155,B,1.4108000000000001,1,14108
3156,A,0.90500000000000003,1,9050
3156,B,0.61180000000000001,0,6118
3157,A,0.59820000000000007,1,5982
3157,B,0.32000000000000001,0,3200
3158,A,0.53290000000000004,1,5329
3158,B,0.1399,0,1399
3159,A,0.76619999999999999,1,7662
3159,B,0.4884,1,4884
3160,A,1.0683,1,10683
3160,B,0.92180000000000006,0,9218
3161,A,1.7582,1,17582
3161,B,0.68500000000000005,0,6850
3162,A,0.29380000000000001,0,2938
3162,B,0.2051,0,2051
3163,A,0.91100000000000003,1,9110
3163,B,2.0611000000000002,0,20611
3164,A,1.5275000000000001,1,15275
3164,B,1.236,0,12360
3165,A,0.84079999999999999,1,8408
3165,B,0.35239999999999999,0,3524
3166,A,0.50150000000000006,1,5015
3166,B,1.9135000000000002,1,19135
3167,A,0.28900000000000003,0,2890
3167,B,1.1745000000000001,1,11745
3168,A,1.1553,1,11553
3168,B,1.8188000000000002,1,18188
3169,A,1.4433,1,14433
3169,B,1.8087000000000002,0,18087
3170,A,0.28150000000000003,1,2815
3170,B,1.3281000000000001,0,13281
3171,A,1.0712000000000002,1,10712
3171,B,0.17250000000000001,0,1725
3172,A,0.48360000000000003,0,4836
3172,B,4.0239000000000003,1,40239
3173,A,0.48810000000000003,1,4881
3173,B,0.6431,0,6431
3174,A,0.77060000000000006,1,7706
3174,B,1.3332000000000002,0,13332
3175,A,0.80600000000000005,1,8060
3175,B,0.72600000000000009,0,7260
3176,A,0.69820000000000004,1,6982
3176,B,4.3795999999999999,0,43796
3177,A,1.5485,1,15485
3177,B,0.2054,0,2054
3178,A,0.80790000000000006,1,8079
3178,B,2.0929000000000002,0,20929
3179,A,1.3158000000000001,1,13158
3179,B,0.12860000000000002,0,1286
3180,A,0.43049999999999999,1,4305
3180,B,0.99380000000000002,1,9938
3181,A,1.0056,1,10056
3181,B,0.80430000000000001,0,8043
3182,A,0.6038,1,6038
3182,B,4.7606000000000002,1,47606
3183,A,0.77140000000000009,1,7714
3183,B,0.41810000000000003,0,4181
3184,A,1.3497000000000001,1,13497
3184,B,1.2655000000000001,1,12655
3185,A,0.50450000000000006,1,5045
3185,B,2.8644000000000003,0,28644
3186,A,1.0942000000000001,1,10942
3186,B,1.5052000000000001,0,15052
3187,A,0.88160000000000005,1,8816
3187,B,1.0580000000000001,0,10580
3188,A,0.64319999999999999,1,6432
3188,B,0.5927,0,5927
3189,A,0.64590000000000003,1,6459
3189,B,1.3179000000000001,0,13179
3190,A,0.24600000000000002,1,2460
3190,B,3.5362,1,35362
3191,A,0.60120000000000007,1,6012
3191,B,1.9471000000000001,1,19471
3192,A,0.95890000000000009,1,9589
3192,B,3.7087000000000003,0,37087
3193,A,0.89780000000000004,1,8978
3193,B,1.786,1,17860
3194,A,1.1800000000000002,1,11800
3194,B,2.8874,0,28874
3195,A,0.71730000000000005,1,7173
3195,B,1.5879000000000001,0,15879
3196,A,1.3003,1,13003
3196,B,0.75980000000000003,0,7598
3197,A,0.46330000000000005,1,4633
3197,B,0.71879999999999999,0,7188
3198,A,0.75940000000000007,1,7594
3198,B,1.4157,0,14157
3199,A,0.39080000000000004,1,3908
3199,B,0.28200000000000003,0,2820
3200,A,1.6679000000000002,1,16679
3200,B,0.43630000000000002,0,4363
3201,A,0.95690000000000008,1,9569
3201,B,1.0992,1,10992
3202,A,1.6943000000000001,1,16943
3202,B,0.2351,0,2351
3203,A,0.86040000000000005,1,8604
3203,B,1.1766000000000001,1,11766
3204,A,1.0780000000000001,1,10780
3204,B,0.57820000000000005,0,5782
3205,A,1.6951000000000001,1,16951
3205,B,1.0964,0,10964
3206,A,1.1244000000000001,1,11244
3206,B,1.4941,0,14941
3207,A,0.49340000000000001,1,4934
3207,B,0.98210000000000008,0,9821
3208,A,1.2796000000000001,1,12796
3208,B,1.1475,0,11475
3209,A,0.6794,1,6794
3209,B,0.83610000000000007,0,8361
3210,A,0.88619999999999999,1,8862
3210,B,1.4336,0,14336
3211,A,1.0156000000000001,1,10156
3211,B,2.7019000000000002,1,27019
3212,A,0.7913,1,7913
3212,B,2.4182000000000001,0,24182
3213,A,0.75050000000000006,1,7505
3213,B,1.2177,1,12177
3214,A,0.78029999999999999,1,7803
3214,B,0.20810000000000001,0,2081
3215,A,0.74270000000000003,1,7427
3215,B,0.36010000000000003,0,3601
3216,A,2.9969000000000001,1,29969
3216,B,2.7360000000000002,0,27360
3217,A,0.71720000000000006,1,7172
3217,B,4.7896999999999998,0,47897
3218,A,0.51260000000000006,1,5126
3218,B,0.64460000000000006,0,6446
3219,A,0.94270000000000009,1,9427
3219,B,1.1455,1,11455
3220,A,0.6129,1,6129
3220,B,0.84410000000000007,0,8441
3221,A,1.5657000000000001,1,15657
3221,B,0.75090000000000001,0,7509
3222,A,1.4525000000000001,1,14525
3222,B,1.103,0,11030
3223,A,0.39100000000000001,1,3910
3223,B,0.78300000000000003,0,7830
3224,A,0.62040000000000006,1,6204
3224,B,1.3223,1,13223
3225,A,0.25850000000000001,0,2585
3225,B,0.75390000000000001,0,7539
3226,A,0.74750000000000005,1,7475
3226,B,0.94230000000000003,1,9423
3227,A,0.2702,1,2702
3227,B,0.62930000000000008,1,6293
3228,A,0.54690000000000005,1,5469
3228,B,2.0879000000000003,0,20879
3229,A,0.50729999999999997,1,5073
3229,B,0.3876,0,3876
3230,A,0.70860000000000001,1,7086
3230,B,0.79400000000000004,0,7940
3231,A,0.35920000000000002,1,3592
3231,B,2.1823999999999999,1,21824
3232,A,0.78890000000000005,1,7889
3232,B,0.96950000000000003,0,9695
3233,A,0.31080000000000002,1,3108
3233,B,0.50670000000000004,0,5067
3234,A,0.73540000000000005,1,7354
3234,B,0.1447,0,1447
3235,A,0.93220000000000003,1,9322
3235,B,0.50870000000000004,0,5087
3236,A,0.61520000000000008,1,6152
3236,B,1.5066000000000002,0,15066
3237,A,0.2429,1,2429
3237,B,3.4885000000000002,1,34885
3238,A,0.63950000000000007,1,6395
3238,B,0.2888,0,2888
3239,A,0.43370000000000003,1,4337
3239,B,0.62590000000000001,0,6259
3240,A,0.57679999999999998,1,5768
3240,B,0.72000000000000008,0,7200
3241,A,0.38159999999999999,1,3816
3241,B,3.0095000000000001,0,30095
3242,A,1.0214000000000001,1,10214
3242,B,1.8768,0,18768
3243,A,1.0546,1,10546
3243,B,1.4133,1,14133
3244,A,0.68930000000000002,1,6893
3244,B,1.1101000000000001,0,11101
3245,A,0.6492,1,6492
3245,B,0.23730000000000001,0,2373
3246,A,0.49920000000000003,1,4992
3246,B,2.3398000000000003,0,23398
3247,A,0.65539999999999998,1,6554
3247,B,0.8580000000000001,0,8580
3248,A,1.0170000000000001,1,10170
3248,B,0.62890000000000001,0,6289
3249,A,0.57779999999999998,1,5778
3249,B,0.188,0,1880
3250,A,0.6956,1,6956
3250,B,0.44280000000000003,0,4428
3251,A,0.7238,1,7238
3251,B,0.57040000000000002,0,5704
3252,A,0.79880000000000007,1,7988
3252,B,0.50370000000000004,0,5037
3253,A,0.81100000000000005,1,8110
3253,B,0.4577,0,4577
3254,A,1.1358000000000001,1,11358
3254,B,1.0395000000000001,0,10395
3255,A,0.2049,0,2049
3255,B,0.3755,0,3755
3256,A,0.79680000000000006,1,7968
3256,B,1.5839000000000001,0,15839
3257,A,0.78320000000000001,1,7832
3257,B,1.7998000000000001,1,17998
3258,A,0.80530000000000002,1,8053
3258,B,0.4264,0,4264
3259,A,1.2608000000000001,1,12608
3259,B,4.0078000000000005,1,40078
3260,A,0.33400000000000002,1,3340
3260,B,0.23370000000000002,0,2337
3261,A,1.1424000000000001,1,11424
3261,B,0.51470000000000005,0,5147
3262,A,0.42160000000000003,1,4216
3262,B,2.0869,1,20869
3263,A,0.63519999999999999,1,6352
3263,B,0.80730000000000002,1,8073
3264,A,1.4589000000000001,1,14589
3264,B,2.1831,1,21831
3265,A,0.38500000000000001,1,3850
3265,B,1.4173,1,14173
3266,A,0.72460000000000002,1,7246
3266,B,0.23970000000000002,0,2397
3267,A,1.6373,1,16373
3267,B,0.31890000000000002,0,3189
3268,A,2.4178999999999999,1,24179
3268,B,0.56310000000000004,0,5631
3269,A,0.502,1,5020
3269,B,0.16500000000000001,0,1650
3270,A,0.77310000000000001,1,7731
3270,B,0.6956,0,6956
3271,A,1.5722,1,15722
3271,B,2.8071999999999999,0,28072
3272,A,0.86260000000000003,1,8626
3272,B,0.52680000000000005,0,5268
3273,A,0.26240000000000002,0,2624
3273,B,1.4273,0,14273
3274,A,0.56000000000000005,1,5600
3274,B,0.44040000000000001,1,4404
3275,A,0.9719000000000001,1,9719
3275,B,0.25620000000000004,0,2562
3276,A,0.37630000000000002,1,3763
3276,B,0.66590000000000005,0,6659
3277,A,0.84920000000000007,1,8492
3277,B,2.9912000000000001,1,29912
3278,A,0.85250000000000004,1,8525
3278,B,1.3855000000000002,1,13855
3279,A,0.80030000000000001,1,8003
3279,B,0.85960000000000003,0,8596
3280,A,2.0234000000000001,1,20234
3280,B,1.5641,1,15641
3281,A,0.27900000000000003,1,2790
3281,B,0.2195,0,2195
3282,A,0.58550000000000002,1,5855
3282,B,1.8659000000000001,1,18659
3283,A,1.1444000000000001,1,11444
3283,B,0.84700000000000009,0,8470
3284,A,1.2661,1,12661
3284,B,2.5702000000000003,1,25702
3285,A,0.89300000000000002,1,8930
3285,B,2.1408,0,21408
3286,A,0.37140000000000001,1,3714
3286,B,0.87960000000000005,1,8796
3287,A,1.1035000000000001,1,11035
3287,B,1.3399000000000001,1,13399
3288,A,1.1240000000000001,1,11240
3288,B,0.70810000000000006,0,7081
3289,A,1.5159,1,15159
3289,B,0.54870000000000008,0,5487
3290,A,1.0293000000000001,1,10293
3290,B,1.0942000000000001,1,10942
3291,A,0.48060000000000003,1,4806
3291,B,1.6381000000000001,1,16381
3292,A,1.4344000000000001,1,14344
3292,B,7.1539999999999999,0,71540
3293,A,0.62119999999999997,1,6212
3293,B,2.9326000000000003,0,29326
3294,A,0.69469999999999998,1,6947
3294,B,0.74770000000000003,0,7477
3295,A,0.39430000000000004,1,3943
3295,B,1.2945,0,12945
3296,A,1.2396,1,12396
3296,B,5.7906000000000004,1,57906
3297,A,0.32230000000000003,1,3223
3297,B,0.6421,1,6421
3298,A,0.53220000000000001,1,5322
3298,B,0.81710000000000005,0,8171
3299,A,0.4592,0,4592
3299,B,0.98310000000000008,0,9831
3300,A,0.68410000000000004,1,6841
3300,B,1.986,1,19860
3301,A,0.51340000000000008,1,5134
3301,B,0.3977,0,3977
3302,A,0.70450000000000002,1,7045
3302,B,1.8108000000000002,1,18108
3303,A,0.65610000000000002,1,6561
3303,B,0.50119999999999998,0,5012
3304,A,0.94020000000000004,1,9402
3304,B,1.0871,1,10871
3305,A,0.80120000000000002,1,8012
3305,B,5.3723000000000001,0,53723
3306,A,0.33230000000000004,1,3323
3306,B,1.7231000000000001,0,17231
3307,A,1.1380000000000001,1,11380
3307,B,4.3269000000000002,1,43269
3308,A,0.4844,1,4844
3308,B,0.38800000000000001,0,3880
3309,A,0.91000000000000003,1,9100
3309,B,0.54700000000000004,0,5470
3310,A,1.1381000000000001,1,11381
3310,B,3.2122999999999999,0,32123
3311,A,0.88070000000000004,1,8807
3311,B,0.91200000000000003,0,9120
3312,A,1.5920000000000001,1,15920
3312,B,0.63300000000000001,1,6330
3313,A,1.3532,1,13532
3313,B,2.3719000000000001,0,23719
3314,A,0.71389999999999998,1,7139
3314,B,1.7647000000000002,0,17647
3315,A,1.0385,1,10385
3315,B,1.6347,0,16347
3316,A,0.91400000000000003,1,9140
3316,B,1.5483,0,15483
3317,A,0.67470000000000008,0,6747
3317,B,0.32619999999999999,0,3262
3318,A,1.0275000000000001,1,10275
3318,B,0.94420000000000004,0,9442
3319,A,0.56559999999999999,1,5656
3319,B,0.63919999999999999,0,6392
3320,A,0.41400000000000003,1,4140
3320,B,0.3629,0,3629
3321,A,0.76540000000000008,1,7654
3321,B,2.3364000000000003,0,23364
3322,A,0.62980000000000003,1,6298
3322,B,0.25600000000000001,0,2560
3323,A,0.76470000000000005,1,7647
3323,B,2.6425000000000001,0,26425
3324,A,1.6549,1,16549
3324,B,2.8898000000000001,0,28898
3325,A,0.67459999999999998,1,6746
3325,B,0.86070000000000002,0,8607
3326,A,0.65239999999999998,1,6524
3326,B,1.1146,1,11146
3327,A,0.43520000000000003,1,4352
3327,B,0.99080000000000001,0,9908
3328,A,0.28410000000000002,1,2841
3328,B,1.3496000000000001,1,13496
3329,A,1.4105000000000001,1,14105
3329,B,0.69359999999999999,0,6936
3330,A,0.5302,1,5302
3330,B,0.1777,0,1777
3331,A,0.90600000000000003,1,9060
3331,B,3.5068000000000001,0,35068
3332,A,0.67220000000000002,1,6722
3332,B,1.1169,0,11169
3333,A,0.6573,1,6573
3333,B,1.0729,0,10729
3334,A,0.55620000000000003,1,5562
3334,B,0.18340000000000001,0,1834
3335,A,0.33710000000000001,1,3371
3335,B,0.99460000000000004,0,9946
3336,A,1.0111000000000001,1,10111
3336,B,0.29370000000000002,0,2937
3337,A,0.52280000000000004,1,5228
3337,B,2.7605,1,27605
3338,A,0.75480000000000003,1,7548
3338,B,0.18710000000000002,0,1871
3339,A,0.46440000000000003,0,4644
3339,B,0.89000000000000001,0,8900
3340,A,0.47690000000000005,1,4769
3340,B,0.28060000000000002,0,2806
3341,A,1.6416000000000002,1,16416
3341,B,1.1308,0,11308
3342,A,0.90140000000000009,1,9014
3342,B,0.31659999999999999,0,3166
3343,A,0.72289999999999999,1,7229
3343,B,2.5079000000000002,0,25079
3344,A,0.98089999999999999,1,9809
3344,B,1.3147,0,13147
3345,A,1.0965,1,10965
3345,B,1.8159000000000001,0,18159
3346,A,0.92120000000000002,1,9212
3346,B,0.9971000000000001,1,9971
3347,A,0.69540000000000002,1,6954
3347,B,2.2528000000000001,1,22528
3348,A,0.57600000000000007,1,5760
3348,B,0.48000000000000004,0,4800
3349,A,0.47090000000000004,1,4709
3349,B,5.3246000000000002,1,53246
3350,A,0.68600000000000005,1,6860
3350,B,0.59060000000000001,0,5906
3351,A,0.37809999999999999,1,3781
3351,B,0.70630000000000004,0,7063
3352,A,0.55200000000000005,1,5520
3352,B,0.19,0,1900
3353,A,1.1602000000000001,1,11602
3353,B,0.5131,1,5131
3354,A,0.85600000000000009,1,8560
3354,B,2.0026000000000002,1,20026
3355,A,0.88780000000000003,1,8878
3355,B,0.23080000000000001,0,2308
3356,A,0.45140000000000002,1,4514
3356,B,3.3690000000000002,1,33690
3357,A,0.80149999999999999,1,8015
3357,B,2.6829000000000001,0,26829
3358,A,0.30890000000000001,1,3089
3358,B,0.30460000000000004,0,3046
3359,A,0.64629999999999999,1,6463
3359,B,2.6083000000000003,0,26083
3360,A,0.3135,1,3135
3360,B,3.4485000000000001,0,34485
3361,A,0.98450000000000004,1,9845
3361,B,1.1573,1,11573
3362,A,1.5477000000000001,1,15477
3362,B,2.3400000000000003,0,23400
3363,A,0.75460000000000005,1,7546
3363,B,0.52660000000000007,0,5266
3364,A,0.45500000000000002,1,4550
3364,B,0.56410000000000005,0,5641
3365,A,0.60130000000000006,1,6013
3365,B,1.2488000000000001,0,12488
3366,A,0.89070000000000005,1,8907
3366,B,0.48260000000000003,0,4826
3367,A,0.75690000000000002,1,7569
3367,B,2.4691000000000001,1,24691
3368,A,0.90850000000000009,1,9085
3368,B,0.41760000000000003,0,4176
3369,A,0.4027,1,4027
3369,B,2.2907000000000002,1,22907
3370,A,0.9214,1,9214
3370,B,0.74050000000000005,0,7405
3371,A,1.0848,1,10848
3371,B,0.8569,1,8569
3372,A,0.7127,1,7127
3372,B,0.38009999999999999,0,3801
3373,A,0.68440000000000001,1,6844
3373,B,0.65839999999999999,0,6584
3374,A,0.82510000000000006,1,8251
3374,B,1.2324000000000002,0,12324
3375,A,0.4864,1,4864
3375,B,0.48140000000000005,0,4814
3376,A,0.15910000000000002,0,1591
3376,B,0.37909999999999999,0,3791
3377,A,0.4783,1,4783
3377,B,1.1273,0,11273
3378,A,1.02,1,10200
3378,B,0.81540000000000001,0,8154
3379,A,0.43680000000000002,1,4368
3379,B,0.5544,0,5544
3380,A,0.87170000000000003,0,8717
3380,B,1.1971000000000001,0,11971
3381,A,0.6139,1,6139
3381,B,0.93670000000000009,0,9367
3382,A,0.63290000000000002,1,6329
3382,B,0.5151,0,5151
3383,A,1.1894,1,11894
3383,B,0.2651,0,2651
3384,A,0.61780000000000002,1,6178
3384,B,0.51390000000000002,0,5139
3385,A,0.85260000000000002,1,8526
3385,B,1.6468,0,16468
3386,A,2.0569999999999999,1,20570
3386,B,1.4194,0,14194
3387,A,0.65429999999999999,0,6543
3387,B,1.3098000000000001,1,13098
3388,A,0.65350000000000008,1,6535
3388,B,1.5165000000000002,0,15165
3389,A,0.57879999999999998,1,5788
3389,B,0.12770000000000001,0,1277
3390,A,0.67800000000000005,1,6780
3390,B,0.26780000000000004,0,2678
3391,A,0.47560000000000002,0,4756
3391,B,0.71460000000000001,0,7146
3392,A,1.0216000000000001,1,10216
3392,B,4.7599,0,47599
3393,A,1.3682000000000001,1,13682
3393,B,0.66460000000000008,0,6646
3394,A,1.0372000000000001,1,10372
3394,B,2.1165000000000003,1,21165
3395,A,0.31640000000000001,1,3164
3395,B,0.36760000000000004,0,3676
3396,A,1.1456,1,11456
3396,B,2.1926000000000001,0,21926
3397,A,0.61299999999999999,1,6130
3397,B,1.4676,0,14676
3398,A,0.56040000000000001,1,5604
3398,B,0.64850000000000008,0,6485
3399,A,1.6097000000000001,1,16097
3399,B,1.9089,1,19089
3400,A,0.59340000000000004,1,5934
3400,B,0.97770000000000001,0,9777
3401,A,1.4374,1,14374
3401,B,5.1503000000000005,0,51503
3402,A,0.54570000000000007,1,5457
3402,B,0.49220000000000003,0,4922
3403,A,0.42170000000000002,1,4217
3403,B,7.0176000000000007,1,70176
3404,A,0.58430000000000004,1,5843
3404,B,1.1457000000000002,1,11457
3405,A,1.0851,1,10851
3405,B,2.2286000000000001,0,22286
3406,A,0.6099,1,6099
3406,B,3.0104000000000002,0,30104
3407,A,0.93210000000000004,1,9321
3407,B,0.46610000000000001,0,4661
3408,A,0.39790000000000003,1,3979
3408,B,0.10630000000000001,0,1063
3409,A,0.42470000000000002,1,4247
3409,B,0.81110000000000004,0,8111
3410,A,0.56800000000000006,1,5680
3410,B,0.96820000000000006,0,9682
3411,A,0.61060000000000003,1,6106
3411,B,1.1528,0,11528
3412,A,0.75950000000000006,1,7595
3412,B,0.84410000000000007,1,8441
3413,A,0.60899999999999999,0,6090
3413,B,0.57479999999999998,0,5748
3414,A,1.0876000000000001,1,10876
3414,B,0.67160000000000009,0,6716
3415,A,0.51950000000000007,1,5195
3415,B,0.75519999999999998,0,7552
3416,A,0.48170000000000002,1,4817
3416,B,1.5331000000000001,0,15331
3417,A,0.79690000000000005,1,7969
3417,B,0.44409999999999999,0,4441
3418,A,0.88760000000000006,1,8876
3418,B,2.3317000000000001,1,23317
3419,A,1.0315000000000001,1,10315
3419,B,2.1987000000000001,0,21987
3420,A,0.69669999999999999,1,6967
3420,B,1.0497000000000001,1,10497
3421,A,0.60389999999999999,1,6039
3421,B,1.0550000000000002,0,10550
3422,A,0.40760000000000002,1,4076
3422,B,0.94210000000000005,1,9421
3423,A,0.89000000000000001,1,8900
3423,B,0.74060000000000004,0,7406
3424,A,0.4793,1,4793
3424,B,2.0647000000000002,0,20647
3425,A,0.56280000000000008,1,5628
3425,B,1.0799000000000001,0,10799
3426,A,0.57200000000000006,0,5720
3426,B,2.9481000000000002,1,29481
3427,A,1.6668000000000001,1,16668
3427,B,0.54349999999999998,0,5435
3428,A,0.37430000000000002,1,3743
3428,B,4.0764000000000005,0,40764
3429,A,0.68220000000000003,1,6822
3429,B,0.71589999999999998,0,7159
3430,A,0.40130000000000005,1,4013
3430,B,2.0158,1,20158
3431,A,0.9880000000000001,1,9880
3431,B,0.87590000000000001,0,8759
3432,A,0.52029999999999998,1,5203
3432,B,0.20030000000000001,0,2003
3433,A,2.2715000000000001,1,22715
3433,B,0.55220000000000002,0,5522
3434,A,0.73930000000000007,1,7393
3434,B,0.77780000000000005,0,7778
3435,A,0.57630000000000003,1,5763
3435,B,1.4568000000000001,1,14568
3436,A,0.46850000000000003,1,4685
3436,B,0.89860000000000007,0,8986
3437,A,1.1281000000000001,1,11281
3437,B,0.78239999999999998,0,7824
3438,A,0.38140000000000002,1,3814
3438,B,0.94320000000000004,1,9432
3439,A,0.34750000000000003,1,3475
3439,B,0.87320000000000009,0,8732
3440,A,1.6793,1,16793
3440,B,1.4476,0,14476
3441,A,2.2728999999999999,1,22729
3441,B,0.56990000000000007,0,5699
3442,A,1.591,1,15910
3442,B,0.71050000000000002,0,7105
3443,A,0.80640000000000001,1,8064
3443,B,1.1248,0,11248
3444,A,1.3523000000000001,1,13523
3444,B,0.3508,0,3508
3445,A,1.3083,1,13083
3445,B,2.2957000000000001,1,22957
3446,A,0.6643,1,6643
3446,B,0.31509999999999999,0,3151
3447,A,0.8579,1,8579
3447,B,1.0321,1,10321
3448,A,0.29339999999999999,0,2934
3448,B,1.1407,0,11407
3449,A,0.60389999999999999,1,6039
3449,B,0.85960000000000003,1,8596
3450,A,0.76650000000000007,1,7665
3450,B,0.29250000000000004,0,2925
3451,A,0.45190000000000002,1,4519
3451,B,0.32300000000000001,0,3230
3452,A,0.99580000000000002,1,9958
3452,B,0.63470000000000004,1,6347
3453,A,1.7095,1,17095
3453,B,0.15820000000000001,0,1582
3454,A,0.86430000000000007,1,8643
3454,B,0.45910000000000001,0,4591
3455,A,0.69890000000000008,1,6989
3455,B,1.8978000000000002,0,18978
3456,A,0.45420000000000005,1,4542
3456,B,2.5905,0,25905
3457,A,0.50450000000000006,1,5045
3457,B,5.7545000000000002,0,57545
3458,A,1.3206,1,13206
3458,B,1.4331,1,14331
3459,A,1.1404000000000001,0,11404
3459,B,1.1448,1,11448
3460,A,1.5325,1,15325
3460,B,0.3075,0,3075
3461,A,0.72289999999999999,1,7229
3461,B,1.3734000000000002,0,13734
3462,A,0.98430000000000006,1,9843
3462,B,1.6320000000000001,0,16320
3463,A,0.48750000000000004,1,4875
3463,B,1.9567000000000001,0,19567
3464,A,0.61199999999999999,1,6120
3464,B,4.5663999999999998,0,45664
3465,A,1.0501,1,10501
3465,B,1.4837,1,14837
3466,A,0.65510000000000002,1,6551
3466,B,1.2806,0,12806
3467,A,0.97340000000000004,1,9734
3467,B,1.3795000000000002,0,13795
3468,A,0.33180000000000004,1,3318
3468,B,1.0158,1,10158
3469,A,0.78910000000000002,1,7891
3469,B,0.53410000000000002,1,5341
3470,A,0.83479999999999999,1,8348
3470,B,1.2556,1,12556
3471,A,0.99930000000000008,1,9993
3471,B,0.2545,0,2545
3472,A,1.1996,1,11996
3472,B,0.65410000000000001,0,6541
3473,A,1.2848000000000002,1,12848
3473,B,0.6018,0,6018
3474,A,0.62230000000000008,1,6223
3474,B,0.45910000000000001,1,4591
3475,A,0.65010000000000001,1,6501
3475,B,1.9271,1,19271
3476,A,0.4073,0,4073
3476,B,1.6040000000000001,0,16040
3477,A,0.53060000000000007,1,5306
3477,B,0.25630000000000003,0,2563
3478,A,1.2119,1,12119
3478,B,1.0600000000000001,0,10600
3479,A,0.37170000000000003,1,3717
3479,B,2.1872000000000003,0,21872
3480,A,1.8131000000000002,1,18131
3480,B,0.78260000000000007,0,7826
3481,A,0.75980000000000003,1,7598
3481,B,1.6807000000000001,1,16807
3482,A,0.75890000000000002,1,7589
3482,B,2.7481,1,27481
3483,A,0.39500000000000002,0,3950
3483,B,1.1025,1,11025
3484,A,0.68330000000000002,1,6833
3484,B,0.95020000000000004,0,9502
3485,A,0.43099999999999999,1,4310
3485,B,0.89050000000000007,0,8905
3486,A,1.1367,1,11367
3486,B,0.1661,0,1661
3487,A,0.63460000000000005,1,6346
3487,B,4.0026000000000002,1,40026
3488,A,0.35670000000000002,0,3567
3488,B,0.47760000000000002,0,4776
3489,A,1.2688000000000001,1,12688
3489,B,2.1425000000000001,0,21425
3490,A,0.60330000000000006,1,6033
3490,B,0.57400000000000007,0,5740
3491,A,1.0592000000000001,1,10592
3491,B,0.98360000000000003,0,9836
3492,A,2.3552,1,23552
3492,B,0.40429999999999999,0,4043
3493,A,0.55330000000000001,1,5533
3493,B,0.1391,0,1391
3494,A,0.48570000000000002,1,4857
3494,B,0.15290000000000001,0,1529
3495,A,0.92420000000000002,1,9242
3495,B,0.63250000000000006,0,6325
3496,A,0.64300000000000002,1,6430
3496,B,1.4368000000000001,1,14368
3497,A,0.51070000000000004,1,5107
3497,B,1.8581000000000001,1,18581
3498,A,1.4489000000000001,1,14489
3498,B,0.90620000000000001,0,9062
3499,A,1.1637,1,11637
3499,B,1.8479000000000001,0,18479
3500,A,0.89500000000000002,1,8950
3500,B,0.28040000000000004,0,2804
3501,A,0.3634,1,3634
3501,B,1.8949,0,18949
3502,A,0.88650000000000007,1,8865
3502,B,2.3046000000000002,0,23046
3503,A,1.0181,1,10181
3503,B,3.9348000000000001,0,39348
3504,A,0.28689999999999999,1,2869
3504,B,0.35900000000000004,0,3590
3505,A,0.34750000000000003,1,3475
3505,B,1.6985000000000001,0,16985
3506,A,0.25330000000000003,1,2533
3506,B,0.75070000000000003,0,7507
3507,A,0.85020000000000007,1,8502
3507,B,0.21450000000000002,0,2145
3508,A,0.94730000000000003,1,9473
3508,B,1.0355000000000001,1,10355
3509,A,0.77540000000000009,0,7754
3509,B,1.5873000000000002,1,15873
3510,A,0.7782,1,7782
3510,B,0.23040000000000002,0,2304
3511,A,0.81010000000000004,1,8101
3511,B,1.3846000000000001,1,13846
3512,A,0.52160000000000006,1,5216
3512,B,3.5562,1,35562
3513,A,1.6424000000000001,1,16424
3513,B,3.5005000000000002,0,35005
3514,A,0.2697,1,2697
3514,B,1.0900000000000001,0,10900
3515,A,0.56769999999999998,1,5677
3515,B,0.9677,1,9677
3516,A,0.77410000000000001,1,7741
3516,B,0.2109,0,2109
3517,A,1.6246,0,16246
3517,B,4.1785000000000005,1,41785
3518,A,0.39950000000000002,1,3995
3518,B,0.93330000000000002,0,9333
3519,A,0.78239999999999998,1,7824
3519,B,1.5760000000000001,0,15760
3520,A,0.53339999999999999,1,5334
3520,B,2.1747000000000001,1,21747
3521,A,0.96700000000000008,1,9670
3521,B,2.4721000000000002,1,24721
3522,A,0.70279999999999998,1,7028
3522,B,0.42880000000000001,0,4288
3523,A,0.98970000000000002,1,9897
3523,B,0.81830000000000003,1,8183
3524,A,0.71560000000000001,1,7156
3524,B,0.46060000000000001,0,4606
3525,A,0.64119999999999999,1,6412
3525,B,0.28079999999999999,0,2808
3526,A,0.2969,1,2969
3526,B,0.44790000000000002,0,4479
3527,A,0.88800000000000001,1,8880
3527,B,1.2558,1,12558
3528,A,0.58689999999999998,1,5869
3528,B,0.3478,0,3478
3529,A,0.42480000000000001,0,4248
3529,B,1.4355,0,14355
3530,A,0.93940000000000001,1,9394
3530,B,0.6381,0,6381
3531,A,3.1389,1,31389
3531,B,1.1088,0,11088
3532,A,0.60540000000000005,1,6054
3532,B,2.0676000000000001,0,20676
3533,A,0.89370000000000005,1,8937
3533,B,2.7947000000000002,1,27947
3534,A,0.37620000000000003,1,3762
3534,B,0.94940000000000002,0,9494
3535,A,0.44270000000000004,1,4427
3535,B,1.0185,0,10185
3536,A,0.70200000000000007,1,7020
3536,B,1.5700000000000001,0,15700
3537,A,0.75519999999999998,1,7552
3537,B,1.3021,1,13021
3538,A,0.52080000000000004,1,5208
3538,B,0.54600000000000004,0,5460
3539,A,0.30790000000000001,1,3079
3539,B,0.40610000000000002,0,4061
3540,A,1.2037,1,12037
3540,B,0.86820000000000008,0,8682
3541,A,1.0754000000000001,1,10754
3541,B,2.3996,1,23996
3542,A,0.9215000000000001,1,9215
3542,B,1.5407000000000002,0,15407
3543,A,0.77140000000000009,1,7714
3543,B,0.61450000000000005,0,6145
3544,A,0.40890000000000004,1,4089
3544,B,0.56780000000000008,0,5678
3545,A,0.55700000000000005,1,5570
3545,B,0.30310000000000004,0,3031
3546,A,1.5404,1,15404
3546,B,1.3975,0,13975
3547,A,0.76530000000000009,1,7653
3547,B,0.42100000000000004,0,4210
3548,A,0.61060000000000003,1,6106
3548,B,2.9871000000000003,0,29871
3549,A,1.8033000000000001,1,18033
3549,B,1.7322000000000002,1,17322
3550,A,0.47460000000000002,1,4746
3550,B,0.73399999999999999,0,7340
3551,A,0.38180000000000003,1,3818
3551,B,1.1088,0,11088
3552,A,0.54949999999999999,1,5495
3552,B,0.39119999999999999,0,3912
3553,A,0.80390000000000006,1,8039
3553,B,0.41820000000000002,0,4182
3554,A,0.38630000000000003,1,3863
3554,B,3.3228,0,33228
3555,A,0.83860000000000001,1,8386
3555,B,0.1764,0,1764
3556,A,1.0557000000000001,1,10557
3556,B,0.55000000000000004,0,5500
3557,A,0.68010000000000004,1,6801
3557,B,0.64500000000000002,0,6450
3558,A,0.72489999999999999,1,7249
3558,B,1.8293000000000001,1,18293
3559,A,0.47400000000000003,1,4740
3559,B,0.46560000000000001,0,4656
3560,A,0.35600000000000004,1,3560
3560,B,0.85960000000000003,1,8596
3561,A,0.71479999999999999,1,7148
3561,B,2.2682000000000002,0,22682
3562,A,0.76200000000000001,1,7620
3562,B,0.77370000000000005,1,7737
3563,A,0.63560000000000005,1,6356
3563,B,1.6224000000000001,0,16224
3564,A,0.39230000000000004,1,3923
3564,B,0.52290000000000003,0,5229
3565,A,1.0309000000000001,1,10309
3565,B,0.61499999999999999,1,6150
3566,A,0.64939999999999998,1,6494
3566,B,0.42710000000000004,0,4271
3567,A,0.36660000000000004,1,3666
3567,B,2.6628000000000003,0,26628
3568,A,1.387,1,13870
3568,B,0.79039999999999999,0,7904
3569,A,0.9798,1,9798
3569,B,0.32270000000000004,0,3227
3570,A,1.4024000000000001,1,14024
3570,B,0.35780000000000001,0,3578
3571,A,0.88819999999999999,1,8882
3571,B,0.37520000000000003,0,3752
3572,A,1.0403,1,10403
3572,B,2.2159,0,22159
3573,A,1.0390000000000001,1,10390
3573,B,2.9904999999999999,1,29905
3574,A,0.40640000000000004,1,4064
3574,B,5.0269000000000004,0,50269
3575,A,0.97360000000000002,1,9736
3575,B,0.87870000000000004,0,8787
3576,A,1.0382,1,10382
3576,B,1.4128000000000001,1,14128
3577,A,0.72589999999999999,1,7259
3577,B,0.15960000000000002,0,1596
3578,A,0.52700000000000002,1,5270
3578,B,0.59470000000000001,0,5947
3579,A,1.3018000000000001,1,13018
3579,B,0.67920000000000003,0,6792
3580,A,2.0959000000000003,1,20959
3580,B,1.2549000000000001,0,12549
3581,A,0.54690000000000005,1,5469
3581,B,0.58660000000000001,1,5866
3582,A,0.4546,1,4546
3582,B,0.76240000000000008,1,7624
3583,A,0.61750000000000005,1,6175
3583,B,0.28870000000000001,0,2887
3584,A,0.82300000000000006,1,8230
3584,B,1.462,0,14620
3585,A,0.36200000000000004,1,3620
3585,B,1.4837,1,14837
3586,A,0.27879999999999999,1,2788
3586,B,1.2419,0,12419
3587,A,0.49860000000000004,1,4986
3587,B,1.2739,1,12739
3588,A,1.0421,1,10421
3588,B,2.2267000000000001,1,22267
3589,A,0.45960000000000001,1,4596
3589,B,1.2650000000000001,1,12650
3590,A,0.72400000000000009,1,7240
3590,B,0.46840000000000004,0,4684
3591,A,0.44820000000000004,1,4482
3591,B,1.0843,1,10843
3592,A,0.88050000000000006,1,8805
3592,B,0.3947,0,3947
3593,A,0.47420000000000001,1,4742
3593,B,0.64290000000000003,0,6429
3594,A,1.2772000000000001,1,12772
3594,B,0.90950000000000009,0,9095
3595,A,0.52310000000000001,1,5231
3595,B,1.8436000000000001,1,18436
3596,A,0.71400000000000008,1,7140
3596,B,4.2983000000000002,1,42983
3597,A,1.0550000000000002,1,10550
3597,B,1.1244000000000001,0,11244
3598,A,0.78520000000000001,1,7852
3598,B,0.37170000000000003,0,3717
3599,A,0.58789999999999998,1,5879
3599,B,0.49820000000000003,1,4982
3600,A,0.6512,1,6512
3600,B,3.2888000000000002,0,32888
3601,A,1.3685,1,13685
3601,B,1.2924,1,12924
3602,A,0.55500000000000005,1,5550
3602,B,0.68440000000000001,0,6844
3603,A,0.99130000000000007,1,9913
3603,B,0.2742,0,2742
3604,A,0.5131,1,5131
3604,B,0.5272,0,5272
3605,A,1.0767,1,10767
3605,B,2.1899999999999999,1,21900
3606,A,0.79960000000000009,1,7996
3606,B,0.89460000000000006,0,8946
3607,A,0.66549999999999998,1,6655
3607,B,1.0698000000000001,0,10698
3608,A,0.1542,0,1542
3608,B,0.41830000000000001,0,4183
3609,A,0.66400000000000003,1,6640
3609,B,0.79000000000000004,0,7900
3610,A,2.6788000000000003,1,26788
3610,B,0.77470000000000006,1,7747
3611,A,0.44110000000000005,1,4411
3611,B,0.52550000000000008,0,5255
3612,A,0.58550000000000002,1,5855
3612,B,0.67490000000000006,0,6749
3613,A,0.64839999999999998,1,6484
3613,B,1.1104000000000001,1,11104
3614,A,0.73720000000000008,1,7372
3614,B,0.4602,0,4602
3615,A,0.91570000000000007,1,9157
3615,B,2.0321000000000002,1,20321
3616,A,0.6119,1,6119
3616,B,1.2244000000000002,0,12244
3617,A,0.52239999999999998,1,5224
3617,B,0.68370000000000009,1,6837
3618,A,0.78339999999999999,1,7834
3618,B,1.0844,1,10844
3619,A,0.70950000000000002,1,7095
3619,B,0.49960000000000004,0,4996
3620,A,0.68869999999999998,1,6887
3620,B,0.93410000000000004,0,9341
3621,A,0.57120000000000004,1,5712
3621,B,0.55620000000000003,0,5562
3622,A,0.78439999999999999,1,7844
3622,B,1.7306000000000001,1,17306
3623,A,0.2984,1,2984
3623,B,0.99570000000000003,0,9957
3624,A,1.9580000000000002,1,19580
3624,B,1.0575000000000001,0,10575
3625,A,1.1908000000000001,1,11908
3625,B,0.19870000000000002,0,1987
3626,A,0.65339999999999998,1,6534
3626,B,0.53160000000000007,0,5316
3627,A,1.1879,1,11879
3627,B,0.36050000000000004,0,3605
3628,A,1.1058000000000001,1,11058
3628,B,1.1387,0,11387
3629,A,0.32850000000000001,1,3285
3629,B,4.0179999999999998,0,40180
3630,A,0.57669999999999999,1,5767
3630,B,0.70110000000000006,0,7011
3631,A,0.70440000000000003,1,7044
3631,B,1.0899000000000001,0,10899
3632,A,1.1099000000000001,1,11099
3632,B,0.70610000000000006,0,7061
3633,A,0.88680000000000003,1,8868
3633,B,0.47170000000000001,0,4717
3634,A,0.3327,1,3327
3634,B,0.71930000000000005,0,7193
3635,A,0.42060000000000003,1,4206
3635,B,1.6291,0,16291
3636,A,0.38380000000000003,0,3838
3636,B,3.0130000000000003,0,30130
3637,A,0.93410000000000004,1,9341
3637,B,0.68659999999999999,0,6866
3638,A,0.56480000000000008,1,5648
3638,B,0.87170000000000003,0,8717
3639,A,0.55270000000000008,1,5527
3639,B,0.1978,0,1978
3640,A,0.55330000000000001,1,5533
3640,B,0.70900000000000007,1,7090
3641,A,1.0303,1,10303
3641,B,0.30099999999999999,0,3010
3642,A,0.96310000000000007,1,9631
3642,B,0.33650000000000002,0,3365
3643,A,2.1373000000000002,1,21373
3643,B,0.75850000000000006,0,7585
3644,A,0.72460000000000002,1,7246
3644,B,0.47990000000000005,0,4799
3645,A,1.1189,1,11189
3645,B,2.5268999999999999,0,25269
3646,A,1.5694000000000001,1,15694
3646,B,1.4104000000000001,1,14104
3647,A,0.53610000000000002,1,5361
3647,B,2.1019000000000001,0,21019
3648,A,0.46960000000000002,1,4696
3648,B,1.5738000000000001,1,15738
3649,A,0.45100000000000001,1,4510
3649,B,0.21490000000000001,0,2149
3650,A,0.60020000000000007,1,6002
3650,B,1.2824,1,12824
3651,A,0.58240000000000003,1,5824
3651,B,0.84720000000000006,1,8472
3652,A,0.66500000000000004,1,6650
3652,B,0.94430000000000003,0,9443
3653,A,0.95960000000000001,1,9596
3653,B,0.90850000000000009,0,9085
3654,A,1.1906000000000001,1,11906
3654,B,0.71820000000000006,1,7182
3655,A,0.56490000000000007,1,5649
3655,B,0.69750000000000001,1,6975
3656,A,1.4360000000000002,1,14360
3656,B,1.5214000000000001,0,15214
3657,A,1.0073000000000001,1,10073
3657,B,0.3528,0,3528
3658,A,1.7962,1,17962
3658,B,1.2777000000000001,1,12777
3659,A,1.4215,1,14215
3659,B,2.177,0,21770
3660,A,1.1599000000000002,1,11599
3660,B,1.7441,1,17441
3661,A,1.1302000000000001,1,11302
3661,B,0.93380000000000007,1,9338
3662,A,1.5741000000000001,1,15741
3662,B,2.1451000000000002,0,21451
3663,A,0.66190000000000004,1,6619
3663,B,0.43180000000000002,0,4318
3664,A,0.62290000000000001,1,6229
3664,B,0.41880000000000001,0,4188
3665,A,0.61099999999999999,1,6110
3665,B,0.19590000000000002,0,1959
3666,A,0.6724,1,6724
3666,B,1.0768,0,10768
3667,A,0.63690000000000002,1,6369
3667,B,0.26469999999999999,0,2647
3668,A,0.73370000000000002,1,7337
3668,B,1.6357000000000002,1,16357
3669,A,1.0156000000000001,1,10156
3669,B,1.8566,1,18566
3670,A,1.1825000000000001,1,11825
3670,B,0.57810000000000006,0,5781
3671,A,0.61020000000000008,1,6102
3671,B,2.0799000000000003,1,20799
3672,A,0.50829999999999997,1,5083
3672,B,0.71250000000000002,0,7125
3673,A,0.80670000000000008,1,8067
3673,B,1.6746000000000001,0,16746
3674,A,1.3324,1,13324
3674,B,2.0367999999999999,1,20368
3675,A,0.9879,1,9879
3675,B,0.4133,0,4133
3676,A,1.2364000000000002,0,12364
3676,B,0.70930000000000004,1,7093
3677,A,0.48820000000000002,1,4882
3677,B,4.1985999999999999,0,41986
3678,A,0.79010000000000002,1,7901
3678,B,1.2401,0,12401
3679,A,0.64000000000000001,1,6400
3679,B,0.49150000000000005,0,4915
3680,A,0.60850000000000004,1,6085
3680,B,0.35410000000000003,0,3541
3681,A,0.56059999999999999,1,5606
3681,B,0.5353,0,5353
3682,A,0.70369999999999999,1,7037
3682,B,0.63529999999999998,1,6353
3683,A,0.37110000000000004,1,3711
3683,B,0.90310000000000001,0,9031
3684,A,1.0683,1,10683
3684,B,1.9981,1,19981
3685,A,1.4821,1,14821
3685,B,0.83340000000000003,1,8334
3686,A,0.55070000000000008,1,5507
3686,B,1.2139,0,12139
3687,A,0.66249999999999998,1,6625
3687,B,1.1739000000000002,1,11739
3688,A,0.52960000000000007,1,5296
3688,B,0.18190000000000001,0,1819
3689,A,0.20860000000000001,0,2086
3689,B,6.5003000000000002,0,65003
3690,A,0.88180000000000003,1,8818
3690,B,0.74480000000000002,0,7448
3691,A,0.53410000000000002,1,5341
3691,B,1.5619000000000001,1,15619
3692,A,0.56190000000000007,1,5619
3692,B,3.9127000000000001,1,39127
3693,A,1.2606000000000002,1,12606
3693,B,0.31390000000000001,0,3139
3694,A,0.69450000000000001,1,6945
3694,B,1.1774,1,11774
3695,A,0.52360000000000007,1,5236
3695,B,1.9124000000000001,1,19124
3696,A,0.31659999999999999,1,3166
3696,B,1.3581000000000001,0,13581
3697,A,0.99730000000000008,1,9973
3697,B,0.25220000000000004,0,2522
3698,A,0.36810000000000004,1,3681
3698,B,1.5980000000000001,0,15980
3699,A,1.2742,1,12742
3699,B,2.0537000000000001,0,20537
3700,A,1.0710999999999999,1,10711
3700,B,0.57390000000000008,0,5739
3701,A,1.3619000000000001,1,13619
3701,B,0.31390000000000001,0,3139
3702,A,0.43540000000000001,1,4354
3702,B,0.38040000000000002,0,3804
3703,A,1.5760000000000001,1,15760
3703,B,2.3127,0,23127
3704,A,0.82280000000000009,1,8228
3704,B,1.3346,1,13346
3705,A,0.41050000000000003,1,4105
3705,B,1.4360000000000002,0,14360
3706,A,1.8662000000000001,1,18662
3706,B,0.65500000000000003,0,6550
3707,A,1.9833000000000001,1,19833
3707,B,0.24880000000000002,0,2488
3708,A,0.94090000000000007,1,9409
3708,B,1.9048,0,19048
3709,A,1.5063,1,15063
3709,B,3.1271,0,31271
3710,A,0.92300000000000004,1,9230
3710,B,0.75509999999999999,0,7551
3711,A,1.2729000000000001,1,12729
3711,B,2.4416000000000002,1,24416
3712,A,1.0940000000000001,1,10940
3712,B,1.9852000000000001,0,19852
3713,A,0.3659,1,3659
3713,B,3.3578000000000001,0,33578
3714,A,1.0758000000000001,1,10758
3714,B,0.3553,0,3553
3715,A,0.3926,1,3926
3715,B,0.33710000000000001,0,3371
3716,A,0.63090000000000002,1,6309
3716,B,0.74460000000000004,1,7446
3717,A,0.78260000000000007,1,7826
3717,B,0.9667,0,9667
3718,A,0.54149999999999998,1,5415
3718,B,2.6847000000000003,0,26847
3719,A,1.0232000000000001,1,10232
3719,B,0.70890000000000009,1,7089
3720,A,0.6179,1,6179
3720,B,0.53649999999999998,0,5365
3721,A,0.85770000000000002,1,8577
3721,B,0.7419,1,7419
3722,A,0.54370000000000007,1,5437
3722,B,0.68880000000000008,0,6888
3723,A,0.28160000000000002,1,2816
3723,B,0.46340000000000003,0,4634
3724,A,1.1219000000000001,1,11219
3724,B,1.6636000000000002,0,16636
3725,A,0.8296,1,8296
3725,B,0.43780000000000002,0,4378
3726,A,0.27960000000000002,1,2796
3726,B,0.42710000000000004,0,4271
3727,A,0.69069999999999998,1,6907
3727,B,0.40110000000000001,0,4011
3728,A,0.39019999999999999,1,3902
3728,B,2.0398000000000001,0,20398
3729,A,0.42470000000000002,0,4247
3729,B,1.5783,1,15783
3730,A,0.6109,1,6109
3730,B,1.0748,0,10748
3731,A,0.2092,1,2092
3731,B,1.0418000000000001,0,10418
3732,A,0.49000000000000005,1,4900
3732,B,0.2054,0,2054
3733,A,0.78139999999999998,1,7814
3733,B,2.137,0,21370
3734,A,1.0165999999999999,1,10166
3734,B,3.2605,0,32605
3735,A,0.47860000000000003,1,4786
3735,B,2.5965000000000003,1,25965
3736,A,1.4450000000000001,1,14450
3736,B,0.47720000000000001,0,4772
3737,A,0.91170000000000007,1,9117
3737,B,0.93340000000000001,1,9334
3738,A,0.73680000000000001,1,7368
3738,B,0.42900000000000005,0,4290
3739,A,1.0527,1,10527
3739,B,0.66670000000000007,0,6667
3740,A,0.25359999999999999,0,2536
3740,B,2.2826,0,22826
3741,A,0.2681,1,2681
3741,B,2.851,1,28510
3742,A,1.0686,1,10686
3742,B,3.0125000000000002,0,30125
3743,A,0.45780000000000004,1,4578
3743,B,0.34340000000000004,0,3434
3744,A,0.91980000000000006,1,9198
3744,B,1.7796000000000001,1,17796
3745,A,1.6980000000000002,1,16980
3745,B,1.1543000000000001,0,11543
3746,A,0.36980000000000002,1,3698
3746,B,0.97460000000000002,1,9746
3747,A,0.56240000000000001,1,5624
3747,B,1.4506000000000001,0,14506
3748,A,0.79500000000000004,1,7950
3748,B,1.1486000000000001,1,11486
3749,A,1.1131,1,11131
3749,B,0.60020000000000007,1,6002
3750,A,2.5247999999999999,1,25248
3750,B,0.29450000000000004,0,2945
3751,A,0.4178,1,4178
3751,B,1.1466000000000001,0,11466
3752,A,1.268,0,12680
3752,B,0.46230000000000004,1,4623
3753,A,0.3619,1,3619
3753,B,0.55869999999999997,0,5587
3754,A,0.24780000000000002,1,2478
3754,B,0.26180000000000003,0,2618
3755,A,0.40040000000000003,1,4004
3755,B,0.36230000000000001,0,3623
3756,A,0.94080000000000008,1,9408
3756,B,0.29580000000000001,0,2958
3757,A,0.2767,1,2767
3757,B,0.27150000000000002,0,2715
3758,A,0.60850000000000004,1,6085
3758,B,1.5368000000000002,1,15368
3759,A,0.40210000000000001,1,4021
3759,B,2.7754000000000003,1,27754
3760,A,0.6149,1,6149
3760,B,2.4393000000000002,0,24393
3761,A,0.48850000000000005,1,4885
3761,B,3.5489000000000002,0,35489
3762,A,0.6976,1,6976
3762,B,0.39150000000000001,0,3915
3763,A,0.49320000000000003,1,4932
3763,B,0.86499999999999999,0,8650
3764,A,0.54830000000000001,0,5483
3764,B,0.88260000000000005,1,8826
3765,A,0.53939999999999999,1,5394
3765,B,0.2006,0,2006
3766,A,0.91890000000000005,1,9189
3766,B,0.50470000000000004,0,5047
3767,A,0.78850000000000009,1,7885
3767,B,0.70430000000000004,1,7043
3768,A,0.91890000000000005,1,9189
3768,B,0.69410000000000005,1,6941
3769,A,0.48380000000000001,1,4838
3769,B,0.50590000000000002,0,5059
3770,A,1.0669999999999999,1,10670
3770,B,1.8547,0,18547
3771,A,0.52150000000000007,1,5215
3771,B,0.97430000000000005,0,9743
3772,A,0.46540000000000004,1,4654
3772,B,5.1458000000000004,0,51458
3773,A,0.85610000000000008,1,8561
3773,B,1.3751,1,13751
3774,A,0.71970000000000001,1,7197
3774,B,1.1661000000000001,1,11661
3775,A,0.89400000000000002,1,8940
3775,B,0.67220000000000002,1,6722
3776,A,1.0332000000000001,1,10332
3776,B,0.88780000000000003,0,8878
3777,A,0.54720000000000002,1,5472
3777,B,0.28190000000000004,0,2819
3778,A,0.69640000000000002,1,6964
3778,B,3.2000000000000002,0,32000
3779,A,0.71730000000000005,1,7173
3779,B,0.9225000000000001,0,9225
3780,A,0.46430000000000005,1,4643
3780,B,1.4078000000000002,1,14078
3781,A,0.65150000000000008,1,6515
3781,B,2.1914000000000002,0,21914
3782,A,0.56790000000000007,1,5679
3782,B,1.3698000000000001,1,13698
3783,A,0.59110000000000007,1,5911
3783,B,1.0726,1,10726
3784,A,0.57190000000000007,1,5719
3784,B,1.9853000000000001,0,19853
3785,A,1.0429000000000002,1,10429
3785,B,0.22640000000000002,0,2264
3786,A,0.39930000000000004,1,3993
3786,B,1.6249,1,16249
3787,A,0.71279999999999999,1,7128
3787,B,1.0699000000000001,0,10699
3788,A,0.78660000000000008,1,7866
3788,B,1.4990000000000001,0,14990
3789,A,0.69740000000000002,1,6974
3789,B,1.3553000000000002,1,13553
3790,A,0.91520000000000001,1,9152
3790,B,0.56220000000000003,0,5622
3791,A,1.6064000000000001,1,16064
3791,B,0.5585,0,5585
3792,A,0.79880000000000007,1,7988
3792,B,0.74470000000000003,0,7447
3793,A,1.4634,1,14634
3793,B,0.21260000000000001,0,2126
3794,A,0.67859999999999998,1,6786
3794,B,0.76450000000000007,1,7645
3795,A,0.90190000000000003,1,9019
3795,B,2.7993000000000001,1,27993
3796,A,1.6264000000000001,1,16264
3796,B,0.28270000000000001,0,2827
3797,A,1.637,1,16370
3797,B,1.097,0,10970
3798,A,0.43340000000000001,1,4334
3798,B,1.2266000000000001,1,12266
3799,A,0.74980000000000002,1,7498
3799,B,4.7446999999999999,0,47447
3800,A,0.35710000000000003,1,3571
3800,B,0.6502,0,6502
3801,A,1.8268,1,18268
3801,B,0.91510000000000002,0,9151
3802,A,0.48470000000000002,1,4847
3802,B,0.66290000000000004,1,6629
3803,A,1.0900000000000001,1,10900
3803,B,0.65260000000000007,0,6526
3804,A,1.0558000000000001,1,10558
3804,B,0.33530000000000004,0,3353
3805,A,0.9114000000000001,1,9114
3805,B,2.8632,0,28632
3806,A,0.76390000000000002,1,7639
3806,B,4.0160999999999998,1,40161
3807,A,0.7026,1,7026
3807,B,1.8892,0,18892
3808,A,1.274,1,12740
3808,B,1.4686000000000001,1,14686
3809,A,2.6880000000000002,1,26880
3809,B,0.16250000000000001,0,1625
3810,A,0.48580000000000001,1,4858
3810,B,0.12840000000000001,0,1284
3811,A,0.9173,1,9173
3811,B,0.29610000000000003,0,2961
3812,A,0.6724,1,6724
3812,B,1.1680000000000001,1,11680
3813,A,0.35020000000000001,1,3502
3813,B,0.34450000000000003,0,3445
3814,A,1.3776000000000002,1,13776
3814,B,0.34710000000000002,0,3471
3815,A,1.0234000000000001,1,10234
3815,B,0.49880000000000002,0,4988
3816,A,0.45100000000000001,1,4510
3816,B,0.60770000000000002,0,6077
3817,A,0.47890000000000005,1,4789
3817,B,1.6107,0,16107
3818,A,0.91560000000000008,1,9156
3818,B,0.30860000000000004,0,3086
3819,A,0.65610000000000002,1,6561
3819,B,0.17530000000000001,0,1753
3820,A,0.97210000000000008,1,9721
3820,B,0.36220000000000002,0,3622
3821,A,0.58289999999999997,1,5829
3821,B,0.87320000000000009,0,8732
3822,A,0.38640000000000002,1,3864
3822,B,0.62130000000000007,1,6213
3823,A,0.60520000000000007,1,6052
3823,B,1.266,1,12660
3824,A,0.93070000000000008,1,9307
3824,B,0.39740000000000003,0,3974
3825,A,1.1647000000000001,1,11647
3825,B,0.57590000000000008,0,5759
3826,A,0.65429999999999999,1,6543
3826,B,0.70090000000000008,0,7009
3827,A,0.77170000000000005,1,7717
3827,B,1.4795,1,14795
3828,A,1.0547,1,10547
3828,B,2.9478,0,29478
3829,A,1.1372,1,11372
3829,B,1.3476000000000001,0,13476
3830,A,1.0233000000000001,1,10233
3830,B,0.49570000000000003,1,4957
3831,A,0.92220000000000002,1,9222
3831,B,4.3788999999999998,1,43789
3832,A,0.36830000000000002,1,3683
3832,B,2.1478000000000002,0,21478
3833,A,1.2358,1,12358
3833,B,0.22090000000000001,0,2209
3834,A,0.49260000000000004,1,4926
3834,B,0.87530000000000008,0,8753
3835,A,0.22270000000000001,1,2227
3835,B,1.0214000000000001,1,10214
3836,A,0.78320000000000001,1,7832
3836,B,0.63070000000000004,0,6307
3837,A,0.40710000000000002,1,4071
3837,B,0.27160000000000001,0,2716
3838,A,0.54630000000000001,1,5463
3838,B,2.8736000000000002,1,28736
3839,A,1.0580000000000001,1,10580
3839,B,0.86170000000000002,1,8617
3840,A,0.46820000000000001,1,4682
3840,B,0.5776,0,5776
3841,A,1.3971,0,13971
3841,B,1.0844,1,10844
3842,A,1.1764000000000001,1,11764
3842,B,1.9359000000000002,1,19359
3843,A,0.73420000000000007,1,7342
3843,B,1.018,1,10180
3844,A,0.36480000000000001,1,3648
3844,B,1.3608,0,13608
3845,A,0.91800000000000004,1,9180
3845,B,0.30360000000000004,0,3036
3846,A,1.6788000000000001,1,16788
3846,B,1.6956,1,16956
3847,A,0.81780000000000008,1,8178
3847,B,3.3926000000000003,1,33926
3848,A,0.2278,0,2278
3848,B,0.9294,0,9294
3849,A,0.94410000000000005,1,9441
3849,B,0.73089999999999999,0,7309
3850,A,0.43660000000000004,1,4366
3850,B,0.15340000000000001,0,1534
3851,A,0.39019999999999999,1,3902
3851,B,0.79700000000000004,0,7970
3852,A,0.44010000000000005,1,4401
3852,B,1.5595000000000001,1,15595
3853,A,0.51760000000000006,1,5176
3853,B,0.72010000000000007,0,7201
3854,A,0.78080000000000005,1,7808
3854,B,0.89570000000000005,1,8957
3855,A,0.98110000000000008,1,9811
3855,B,0.26240000000000002,0,2624
3856,A,0.71560000000000001,1,7156
3856,B,0.9304,1,9304
3857,A,1.2197,1,12197
3857,B,1.4231,1,14231
3858,A,1.1945000000000001,1,11945
3858,B,1.4971000000000001,0,14971
3859,A,0.76280000000000003,1,7628
3859,B,0.86940000000000006,0,8694
3860,A,1.2569000000000001,1,12569
3860,B,0.2747,0,2747
3861,A,0.99099999999999999,1,9910
3861,B,0.55690000000000006,1,5569
3862,A,0.65770000000000006,1,6577
3862,B,0.34050000000000002,0,3405
3863,A,0.67030000000000001,1,6703
3863,B,0.55110000000000003,0,5511
3864,A,0.58079999999999998,1,5808
3864,B,1.7262000000000002,1,17262
3865,A,1.4914000000000001,1,14914
3865,B,1.0049000000000001,1,10049
3866,A,0.90460000000000007,1,9046
3866,B,1.8065,0,18065
3867,A,0.9749000000000001,1,9749
3867,B,0.2155,0,2155
3868,A,0.4899,1,4899
3868,B,2.8264,1,28264
3869,A,0.95310000000000006,1,9531
3869,B,0.4027,1,4027
3870,A,0.64790000000000003,1,6479
3870,B,0.79360000000000008,0,7936
3871,A,0.2419,0,2419
3871,B,1.1885000000000001,0,11885
3872,A,1.9639000000000002,1,19639
3872,B,0.65500000000000003,0,6550
3873,A,0.48460000000000003,1,4846
3873,B,1.3987000000000001,0,13987
3874,A,1.1036000000000001,1,11036
3874,B,1.1782000000000001,1,11782
3875,A,0.90850000000000009,1,9085
3875,B,0.87120000000000009,0,8712
3876,A,0.3785,1,3785
3876,B,0.38,0,3800
3877,A,0.67970000000000008,1,6797
3877,B,1.7814000000000001,0,17814
3878,A,0.3891,1,3891
3878,B,0.69769999999999999,0,6977
3879,A,0.86080000000000001,1,8608
3879,B,1.5760000000000001,1,15760
3880,A,0.43049999999999999,1,4305
3880,B,0.38380000000000003,0,3838
3881,A,0.74540000000000006,1,7454
3881,B,0.69210000000000005,0,6921
3882,A,0.5464,1,5464
3882,B,1.7068000000000001,1,17068
3883,A,0.83250000000000002,1,8325
3883,B,1.9466000000000001,0,19466
3884,A,0.7883,1,7883
3884,B,0.63480000000000003,0,6348
3885,A,0.87050000000000005,1,8705
3885,B,0.24390000000000001,0,2439
3886,A,2.6459000000000001,1,26459
3886,B,0.4627,0,4627
3887,A,0.73330000000000006,1,7333
3887,B,2.2782,0,22782
3888,A,0.4803,1,4803
3888,B,1.7159,1,17159
3889,A,1.3678000000000001,1,13678
3889,B,0.83540000000000003,1,8354
3890,A,1.6188,1,16188
3890,B,1.3201000000000001,1,13201
3891,A,1.401,1,14010
3891,B,0.2054,0,2054
3892,A,0.39850000000000002,1,3985
3892,B,0.308,0,3080
3893,A,0.51660000000000006,1,5166
3893,B,3.7596000000000003,0,37596
3894,A,1.2294,1,12294
3894,B,1.3112000000000001,0,13112
3895,A,0.41750000000000004,1,4175
3895,B,2.7444999999999999,0,27445
3896,A,0.37870000000000004,1,3787
3896,B,1.1700000000000002,0,11700
3897,A,0.75319999999999998,1,7532
3897,B,2.7195,1,27195
3898,A,0.2082,0,2082
3898,B,0.73260000000000003,1,7326
3899,A,0.44550000000000001,1,4455
3899,B,1.7212000000000001,0,17212
3900,A,0.76800000000000002,1,7680
3900,B,1.2060999999999999,0,12061
3901,A,1.1231,1,11231
3901,B,0.34870000000000001,0,3487
3902,A,0.71830000000000005,1,7183
3902,B,0.40900000000000003,0,4090
3903,A,0.60999999999999999,1,6100
3903,B,1.3344,1,13344
3904,A,1.0817000000000001,1,10817
3904,B,1.1847000000000001,1,11847
3905,A,0.3619,1,3619
3905,B,0.74860000000000004,0,7486
3906,A,0.78410000000000002,1,7841
3906,B,1.3621000000000001,0,13621
3907,A,1.0704,1,10704
3907,B,0.32919999999999999,0,3292
3908,A,1.0173000000000001,1,10173
3908,B,0.39350000000000002,0,3935
3909,A,0.32380000000000003,0,3238
3909,B,1.0615000000000001,0,10615
3910,A,1.3308,1,13308
3910,B,0.91220000000000001,0,9122
3911,A,0.63690000000000002,0,6369
3911,B,0.36030000000000001,1,3603
3912,A,0.52880000000000005,1,5288
3912,B,0.24160000000000001,0,2416
3913,A,0.40429999999999999,1,4043
3913,B,1.9380000000000002,0,19380
3914,A,0.35680000000000001,1,3568
3914,B,1.3799000000000001,1,13799
3915,A,0.50540000000000007,1,5054
3915,B,1.1627000000000001,0,11627
3916,A,0.47410000000000002,1,4741
3916,B,1.5387000000000002,0,15387
3917,A,0.57020000000000004,0,5702
3917,B,1.7916000000000001,0,17916
3918,A,0.83960000000000001,1,8396
3918,B,1.5245,1,15245
3919,A,0.48860000000000003,1,4886
3919,B,0.49390000000000001,0,4939
3920,A,0.75490000000000002,1,7549
3920,B,0.64019999999999999,0,6402
3921,A,0.9215000000000001,1,9215
3921,B,1.0178,0,10178
3922,A,1.4365000000000001,1,14365
3922,B,0.97889999999999999,1,9789
3923,A,1.5588000000000002,1,15588
3923,B,0.59110000000000007,1,5911
3924,A,0.83279999999999998,1,8328
3924,B,0.47160000000000002,1,4716
3925,A,0.4587,1,4587
3925,B,0.29370000000000002,0,2937
3926,A,0.91380000000000006,1,9138
3926,B,1.2545000000000002,0,12545
3927,A,2.2222,1,22222
3927,B,1.163,0,11630
3928,A,1.1740000000000002,1,11740
3928,B,0.91410000000000002,0,9141
3929,A,0.46750000000000003,1,4675
3929,B,0.46990000000000004,0,4699
3930,A,0.51290000000000002,1,5129
3930,B,0.27790000000000004,0,2779
3931,A,0.71410000000000007,1,7141
3931,B,0.28789999999999999,0,2879
3932,A,0.53920000000000001,1,5392
3932,B,0.41340000000000005,0,4134
3933,A,0.77460000000000007,1,7746
3933,B,0.43530000000000002,1,4353
3934,A,1.1685000000000001,1,11685
3934,B,0.84179999999999999,0,8418
3935,A,0.4874,0,4874
3935,B,0.44530000000000003,0,4453
3936,A,0.52949999999999997,1,5295
3936,B,2.2745000000000002,0,22745
3937,A,0.62709999999999999,1,6271
3937,B,0.28420000000000001,0,2842
3938,A,1.7434000000000001,1,17434
3938,B,0.33240000000000003,0,3324
3939,A,1.3967000000000001,1,13967
3939,B,1.2289000000000001,0,12289
3940,A,0.51719999999999999,1,5172
3940,B,4.7880000000000003,0,47880
3941,A,1.0807,1,10807
3941,B,1.0554000000000001,1,10554
3942,A,0.73040000000000005,1,7304
3942,B,0.3574,0,3574
3943,A,0.77200000000000002,1,7720
3943,B,0.2656,0,2656
3944,A,0.62760000000000005,1,6276
3944,B,3.9275000000000002,1,39275
3945,A,0.32130000000000003,0,3213
3945,B,0.156,0,1560
3946,A,0.78300000000000003,1,7830
3946,B,0.99490000000000001,0,9949
3947,A,0.67220000000000002,1,6722
3947,B,2.6128,0,26128
3948,A,1.0442,1,10442
3948,B,2.1989000000000001,0,21989
3949,A,1.3024,1,13024
3949,B,1.3965000000000001,0,13965
3950,A,1.3321000000000001,1,13321
3950,B,0.64870000000000005,0,6487
3951,A,1.0613000000000001,1,10613
3951,B,1.3212000000000002,0,13212
3952,A,1.6025,1,16025
3952,B,0.91850000000000009,1,9185
3953,A,1.0037,1,10037
3953,B,0.54320000000000002,0,5432
3954,A,0.75270000000000004,1,7527
3954,B,0.95110000000000006,0,9511
3955,A,1.2757000000000001,0,12757
3955,B,0.31950000000000001,0,3195
3956,A,1.8965000000000001,1,18965
3956,B,0.4713,0,4713
3957,A,0.79380000000000006,1,7938
3957,B,0.22940000000000002,0,2294
3958,A,2.0218000000000003,1,20218
3958,B,1.0504,0,10504
3959,A,0.47700000000000004,1,4770
3959,B,1.6368,1,16368
3960,A,0.40400000000000003,1,4040
3960,B,0.30280000000000001,0,3028
3961,A,1.0286999999999999,1,10287
3961,B,1.6241000000000001,1,16241
3962,A,0.58760000000000001,1,5876
3962,B,3.5940000000000003,1,35940
3963,A,0.66110000000000002,1,6611
3963,B,1.1417000000000002,0,11417
3964,A,0.45270000000000005,1,4527
3964,B,0.63200000000000001,0,6320
3965,A,0.33090000000000003,1,3309
3965,B,1.6093000000000002,0,16093
3966,A,1.0165,1,10165
3966,B,1.5456000000000001,0,15456
3967,A,1.4388000000000001,1,14388
3967,B,1.9068000000000001,0,19068
3968,A,0.84600000000000009,1,8460
3968,B,0.59230000000000005,1,5923
3969,A,1.9214,1,19214
3969,B,1.1477000000000002,1,11477
3970,A,0.77410000000000001,1,7741
3970,B,1.1473,0,11473
3971,A,0.51560000000000006,1,5156
3971,B,2.3966000000000003,0,23966
3972,A,0.81490000000000007,1,8149
3972,B,0.74780000000000002,1,7478
3973,A,1.4847000000000001,1,14847
3973,B,2.7228000000000003,1,27228
3974,A,0.82210000000000005,1,8221
3974,B,0.76460000000000006,1,7646
3975,A,0.3876,1,3876
3975,B,0.3614,0,3614
3976,A,1.2154,1,12154
3976,B,5.5112000000000005,0,55112
3977,A,1.1104000000000001,1,11104
3977,B,0.29970000000000002,0,2997
3978,A,0.46440000000000003,1,4644
3978,B,0.79349999999999998,1,7935
3979,A,0.62719999999999998,1,6272
3979,B,0.40750000000000003,0,4075
3980,A,0.82950000000000002,1,8295
3980,B,1.2617,1,12617
3981,A,0.31380000000000002,1,3138
3981,B,1.4482000000000002,1,14482
3982,A,0.6079,1,6079
3982,B,1.7470000000000001,1,17470
3983,A,1.9174,1,19174
3983,B,0.70960000000000001,1,7096
3984,A,0.44190000000000002,1,4419
3984,B,0.8701000000000001,0,8701
3985,A,1.8545,1,18545
3985,B,0.36200000000000004,0,3620
3986,A,0.85330000000000006,1,8533
3986,B,0.12040000000000001,0,1204
3987,A,1.2316,1,12316
3987,B,0.3024,0,3024
3988,A,0.54049999999999998,1,5405
3988,B,0.36980000000000002,0,3698
3989,A,1.0988,1,10988
3989,B,1.0575000000000001,1,10575
3990,A,0.9880000000000001,1,9880
3990,B,0.38230000000000003,1,3823
3991,A,1.0879000000000001,1,10879
3991,B,0.86230000000000007,0,8623
3992,A,0.94890000000000008,1,9489
3992,B,0.38800000000000001,0,3880
3993,A,1.4610000000000001,1,14610
3993,B,1.3140000000000001,1,13140
3994,A,1.0225,1,10225
3994,B,1.9380000000000002,1,19380
3995,A,0.83700000000000008,1,8370
3995,B,0.37410000000000004,0,3741
3996,A,0.29500000000000004,1,2950
3996,B,0.85550000000000004,1,8555
3997,A,0.61420000000000008,1,6142
3997,B,0.56979999999999997,0,5698
3998,A,1.7145000000000001,1,17145
3998,B,0.44940000000000002,0,4494
3999,A,0.78170000000000006,1,7817
3999,B,1.522,0,15220
4000,A,0.28720000000000001,1,2872
4000,B,3.0499000000000001,0,30499
4001,A,1.0918000000000001,1,10918
4001,B,0.441,0,4410
4002,A,0.59100000000000008,1,5910
4002,B,1.0273000000000001,0,10273
4003,A,0.43560000000000004,1,4356
4003,B,0.51680000000000004,0,5168
4004,A,0.53549999999999998,1,5355
4004,B,0.92720000000000002,0,9272
4005,A,0.8669,1,8669
4005,B,2.9714,1,29714
4006,A,0.56190000000000007,1,5619
4006,B,0.60980000000000001,1,6098
4007,A,0.60099999999999998,1,6010
4007,B,1.0176000000000001,0,10176
4008,A,1.0743,1,10743
4008,B,0.1721,0,1721
4009,A,0.61909999999999998,1,6191
4009,B,0.57369999999999999,1,5737
4010,A,1.1247,1,11247
4010,B,2.0746000000000002,0,20746
4011,A,0.76180000000000003,1,7618
4011,B,0.60980000000000001,0,6098
4012,A,0.88360000000000005,1,8836
4012,B,0.84279999999999999,0,8428
4013,A,0.92770000000000008,1,9277
4013,B,2.5988000000000002,0,25988
4014,A,0.40460000000000002,1,4046
4014,B,0.65439999999999998,1,6544
4015,A,0.3533,1,3533
4015,B,1.7217,0,17217
4016,A,1.8162,1,18162
4016,B,1.2376,0,12376
4017,A,0.84450000000000003,1,8445
4017,B,1.6237000000000001,0,16237
4018,A,1.1901000000000002,1,11901
4018,B,2.4481999999999999,1,24482
4019,A,2.0603000000000002,1,20603
4019,B,0.96870000000000001,1,9687
4020,A,0.43570000000000003,1,4357
4020,B,1.4790000000000001,0,14790
4021,A,0.97230000000000005,1,9723
4021,B,0.8115,1,8115
4022,A,1.0985,1,10985
4022,B,3.5096000000000003,0,35096
4023,A,0.72500000000000009,1,7250
4023,B,0.95100000000000007,0,9510
4024,A,0.38430000000000003,1,3843
4024,B,1.1794,1,11794
4025,A,0.66980000000000006,1,6698
4025,B,1.1385000000000001,1,11385
4026,A,0.85600000000000009,1,8560
4026,B,0.6925,0,6925
4027,A,1.6632,1,16632
4027,B,0.80110000000000003,0,8011
4028,A,0.61630000000000007,1,6163
4028,B,0.82120000000000004,0,8212
4029,A,0.50860000000000005,1,5086
4029,B,1.7041000000000002,1,17041
4030,A,1.52,1,15200
4030,B,1.3447,1,13447
4031,A,0.66539999999999999,1,6654
4031,B,1.2256,0,12256
4032,A,0.9375,1,9375
4032,B,0.9133,0,9133
4033,A,0.31570000000000004,1,3157
4033,B,0.73199999999999998,1,7320
4034,A,0.48870000000000002,1,4887
4034,B,0.62719999999999998,1,6272
4035,A,0.35410000000000003,1,3541
4035,B,0.48230000000000001,0,4823
4036,A,0.68570000000000009,1,6857
4036,B,0.4617,1,4617
4037,A,0.91350000000000009,1,9135
4037,B,1.0169000000000001,0,10169
4038,A,1.3272000000000002,1,13272
4038,B,1.2136,0,12136
4039,A,1.0687,1,10687
4039,B,1.0055000000000001,1,10055
4040,A,2.1962999999999999,1,21963
4040,B,0.97830000000000006,1,9783
4041,A,0.63490000000000002,0,6349
4041,B,1.1739000000000002,0,11739
4042,A,1.3503000000000001,1,13503
4042,B,0.65310000000000001,1,6531
4043,A,0.53029999999999999,1,5303
4043,B,0.45480000000000004,0,4548
4044,A,1.1298000000000001,1,11298
4044,B,0.92620000000000002,1,9262
4045,A,0.80780000000000007,1,8078
4045,B,2.1995,1,21995
4046,A,0.39500000000000002,1,3950
4046,B,1.2872000000000001,0,12872
4047,A,0.52570000000000006,1,5257
4047,B,0.3669,0,3669
4048,A,0.98960000000000004,1,9896
4048,B,0.73170000000000002,0,7317
4049,A,0.47100000000000003,1,4710
4049,B,1.5042,0,15042
4050,A,0.90620000000000001,1,9062
4050,B,0.61370000000000002,0,6137
4051,A,0.52190000000000003,1,5219
4051,B,0.30130000000000001,0,3013
4052,A,0.56059999999999999,1,5606
4052,B,1.5265,0,15265
4053,A,0.60850000000000004,1,6085
4053,B,0.5786,0,5786
4054,A,0.90870000000000006,1,9087
4054,B,0.48110000000000003,0,4811
4055,A,0.96420000000000006,1,9642
4055,B,1.7536,1,17536
4056,A,0.72210000000000008,1,7221
4056,B,0.29830000000000001,0,2983
4057,A,0.64700000000000002,1,6470
4057,B,0.48760000000000003,0,4876
4058,A,0.59999999999999998,1,6000
4058,B,0.99620000000000009,0,9962
4059,A,0.44030000000000002,1,4403
4059,B,0.74820000000000009,1,7482
4060,A,0.69690000000000007,1,6969
4060,B,1.1943000000000001,1,11943
4061,A,1.0825,1,10825
4061,B,0.4713,0,4713
4062,A,0.59000000000000008,1,5900
4062,B,1.2006000000000001,0,12006
4063,A,0.75140000000000007,1,7514
4063,B,2.8903000000000003,1,28903
4064,A,1.0447,1,10447
4064,B,1.6966000000000001,0,16966
4065,A,0.3039,1,3039
4065,B,0.65820000000000001,0,6582
4066,A,0.4597,1,4597
4066,B,0.26080000000000003,0,2608
4067,A,0.29460000000000003,1,2946
4067,B,3.8529,0,38529
4068,A,1.107,1,11070
4068,B,0.8982,0,8982
4069,A,0.43420000000000003,1,4342
4069,B,0.28520000000000001,0,2852
4070,A,1.0135000000000001,1,10135
4070,B,0.30680000000000002,0,3068
4071,A,0.36710000000000004,1,3671
4071,B,1.1785000000000001,1,11785
4072,A,0.22090000000000001,1,2209
4072,B,1.0536000000000001,1,10536
4073,A,1.8442000000000001,1,18442
4073,B,1.3355000000000001,0,13355
4074,A,0.63500000000000001,1,6350
4074,B,1.0026000000000002,1,10026
4075,A,1.3623000000000001,1,13623
4075,B,1.7931000000000001,0,17931
4076,A,0.77440000000000009,1,7744
4076,B,2.7284000000000002,1,27284
4077,A,0.75609999999999999,1,7561
4077,B,0.92110000000000003,0,9211
4078,A,0.5464,1,5464
4078,B,1.8039000000000001,1,18039
4079,A,0.98280000000000001,1,9828
4079,B,3.1614,0,31614
4080,A,0.98170000000000002,1,9817
4080,B,0.49960000000000004,0,4996
4081,A,0.3095,1,3095
4081,B,0.94359999999999999,0,9436
4082,A,0.63440000000000007,1,6344
4082,B,1.1463000000000001,1,11463
4083,A,0.47550000000000003,1,4755
4083,B,2.0945,0,20945
4084,A,0.78650000000000009,1,7865
4084,B,4.4596,0,44596
4085,A,0.44220000000000004,1,4422
4085,B,0.67010000000000003,0,6701
4086,A,0.73060000000000003,1,7306
4086,B,2.8999000000000001,1,28999
4087,A,1.2283000000000002,1,12283
4087,B,1.2549000000000001,0,12549
4088,A,0.34470000000000001,1,3447
4088,B,1.3634000000000002,1,13634
4089,A,0.95410000000000006,1,9541
4089,B,1.1513,1,11513
4090,A,0.24080000000000001,1,2408
4090,B,2.2334000000000001,1,22334
4091,A,1.1595,1,11595
4091,B,0.27750000000000002,0,2775
4092,A,0.60909999999999997,1,6091
4092,B,0.48020000000000002,0,4802
4093,A,0.66760000000000008,1,6676
4093,B,0.56130000000000002,0,5613
4094,A,0.86630000000000007,1,8663
4094,B,0.76060000000000005,0,7606
4095,A,0.82510000000000006,1,8251
4095,B,0.74620000000000009,0,7462
4096,A,1.2857000000000001,1,12857
4096,B,0.58090000000000008,0,5809
4097,A,1.1032999999999999,1,11033
4097,B,2.6281000000000003,1,26281
4098,A,1.1220000000000001,1,11220
4098,B,0.34360000000000002,0,3436
4099,A,0.72150000000000003,1,7215
4099,B,1.1302000000000001,0,11302
4100,A,0.40940000000000004,1,4094
4100,B,0.47590000000000005,0,4759
4101,A,1.756,1,17560
4101,B,1.8258000000000001,0,18258
4102,A,0.57940000000000003,1,5794
4102,B,0.2238,0,2238
4103,A,0.56569999999999998,1,5657
4103,B,0.28989999999999999,0,2899
4104,A,0.45930000000000004,1,4593
4104,B,1.0945,1,10945
4105,A,0.53410000000000002,1,5341
4105,B,0.19120000000000001,0,1912
4106,A,0.89140000000000008,1,8914
4106,B,0.25630000000000003,0,2563
4107,A,0.71750000000000003,1,7175
4107,B,0.65490000000000004,1,6549
4108,A,0.47820000000000001,1,4782
4108,B,1.333,0,13330
4109,A,0.26880000000000004,1,2688
4109,B,0.52070000000000005,0,5207
4110,A,0.83879999999999999,1,8388
4110,B,0.98630000000000007,0,9863
4111,A,0.65670000000000006,1,6567
4111,B,0.34010000000000001,0,3401
4112,A,0.53349999999999997,1,5335
4112,B,1.7421,0,17421
4113,A,0.67370000000000008,1,6737
4113,B,1.1713,0,11713
4114,A,0.59899999999999998,1,5990
4114,B,1.4244000000000001,1,14244
4115,A,1.4533,1,14533
4115,B,0.62340000000000007,0,6234
4116,A,1.4815,1,14815
4116,B,1.4242000000000001,0,14242
4117,A,0.77910000000000001,1,7791
4117,B,1.1179000000000001,0,11179
4118,A,0.43110000000000004,1,4311
4118,B,0.85880000000000001,1,8588
4119,A,0.35270000000000001,0,3527
4119,B,2.2370000000000001,0,22370
4120,A,1.0286999999999999,1,10287
4120,B,2.4311000000000003,0,24311
4121,A,0.53360000000000007,1,5336
4121,B,0.26719999999999999,0,2672
4122,A,0.97150000000000003,1,9715
4122,B,1.9369000000000001,0,19369
4123,A,1.0637000000000001,1,10637
4123,B,0.63980000000000004,0,6398
4124,A,1.3420000000000001,1,13420
4124,B,0.78060000000000007,1,7806
4125,A,0.66660000000000008,1,6666
4125,B,2.0950000000000002,1,20950
4126,A,0.75790000000000002,1,7579
4126,B,0.34200000000000003,0,3420
4127,A,0.21540000000000001,0,2154
4127,B,0.7843,0,7843
4128,A,0.44130000000000003,1,4413
4128,B,2.0282,1,20282
4129,A,0.38600000000000001,0,3860
4129,B,1.7116,1,17116
4130,A,0.44190000000000002,1,4419
4130,B,0.4803,0,4803
4131,A,1.2496,1,12496
4131,B,1.1527000000000001,1,11527
4132,A,0.42880000000000001,1,4288
4132,B,0.41960000000000003,0,4196
4133,A,0.7036,1,7036
4133,B,2.1859000000000002,0,21859
4134,A,0.54849999999999999,1,5485
4134,B,2.2895000000000003,0,22895
4135,A,1.2263000000000002,1,12263
4135,B,0.38800000000000001,0,3880
4136,A,0.81440000000000001,1,8144
4136,B,0.95620000000000005,1,9562
4137,A,0.3569,1,3569
4137,B,1.5308000000000002,0,15308
4138,A,0.36349999999999999,1,3635
4138,B,1.9346000000000001,0,19346
4139,A,1.0797000000000001,1,10797
4139,B,1.2095,1,12095
4140,A,0.59240000000000004,1,5924
4140,B,0.68390000000000006,0,6839
4141,A,1.1985000000000001,1,11985
4141,B,0.9476,1,9476
4142,A,1.2724,1,12724
4142,B,0.56410000000000005,1,5641
4143,A,0.43630000000000002,1,4363
4143,B,0.44430000000000003,0,4443
4144,A,0.61970000000000003,1,6197
4144,B,0.51850000000000007,0,5185
4145,A,0.79649999999999999,1,7965
4145,B,1.8317000000000001,1,18317
4146,A,0.31730000000000003,1,3173
4146,B,0.1915,0,1915
4147,A,0.54370000000000007,1,5437
4147,B,0.32790000000000002,0,3279
4148,A,0.23280000000000001,1,2328
4148,B,0.14630000000000001,0,1463
4149,A,0.13300000000000001,0,1330
4149,B,0.99110000000000009,0,9911
4150,A,1.3408,1,13408
4150,B,0.16830000000000001,0,1683
4151,A,0.5131,0,5131
4151,B,0.56610000000000005,1,5661
4152,A,0.97130000000000005,1,9713
4152,B,0.92890000000000006,0,9289
4153,A,0.78770000000000007,1,7877
4153,B,1.6408,1,16408
4154,A,1.9535,1,19535
4154,B,0.51450000000000007,0,5145
4155,A,0.34340000000000004,1,3434
4155,B,0.85730000000000006,1,8573
4156,A,1.3304,1,13304
4156,B,1.1104000000000001,0,11104
4157,A,0.48930000000000001,1,4893
4157,B,0.85440000000000005,1,8544
4158,A,0.96630000000000005,1,9663
4158,B,0.98740000000000006,0,9874
4159,A,0.46140000000000003,1,4614
4159,B,1.2651000000000001,1,12651
4160,A,1.3431,1,13431
4160,B,0.61180000000000001,0,6118
4161,A,0.61740000000000006,1,6174
4161,B,0.46940000000000004,0,4694
4162,A,0.41040000000000004,0,4104
4162,B,0.39730000000000004,0,3973
4163,A,1.3260000000000001,1,13260
4163,B,0.89840000000000009,0,8984
4164,A,0.72360000000000002,1,7236
4164,B,0.60410000000000008,0,6041
4165,A,0.73020000000000007,1,7302
4165,B,1.0149000000000001,1,10149
4166,A,1.1681000000000001,1,11681
4166,B,1.2828000000000002,1,12828
4167,A,1.2138,1,12138
4167,B,0.81410000000000005,0,8141
4168,A,0.60650000000000004,1,6065
4168,B,1.2773000000000001,0,12773
4169,A,0.37610000000000005,1,3761
4169,B,0.1608,0,1608
4170,A,0.37709999999999999,1,3771
4170,B,0.42180000000000001,0,4218
4171,A,0.51340000000000008,1,5134
4171,B,1.1595,0,11595
4172,A,0.94820000000000004,1,9482
4172,B,0.54280000000000006,0,5428
4173,A,0.86550000000000005,1,8655
4173,B,0.3029,0,3029
4174,A,0.37920000000000004,1,3792
4174,B,0.95790000000000008,0,9579
4175,A,0.32640000000000002,1,3264
4175,B,0.1996,0,1996
4176,A,0.73150000000000004,1,7315
4176,B,0.75009999999999999,0,7501
4177,A,0.72720000000000007,1,7272
4177,B,2.5576000000000003,0,25576
4178,A,0.88370000000000004,1,8837
4178,B,1.1607000000000001,0,11607
4179,A,0.58930000000000005,1,5893
4179,B,1.1483000000000001,0,11483
4180,A,1.1202000000000001,1,11202
4180,B,0.46929999999999999,0,4693
4181,A,0.6804,1,6804
4181,B,1.5406,0,15406
4182,A,2.7241,1,27241
4182,B,0.8075,0,8075
4183,A,0.65670000000000006,1,6567
4183,B,0.45580000000000004,0,4558
4184,A,1.7834000000000001,1,17834
4184,B,0.65090000000000003,0,6509
4185,A,0.33760000000000001,1,3376
4185,B,0.76530000000000009,1,7653
4186,A,0.29110000000000003,1,2911
4186,B,0.9709000000000001,0,9709
4187,A,1.0639000000000001,1,10639
4187,B,0.59550000000000003,1,5955
4188,A,0.92330000000000001,1,9233
4188,B,2.2353000000000001,1,22353
4189,A,0.4783,1,4783
4189,B,0.92860000000000009,0,9286
4190,A,1.7352000000000001,1,17352
4190,B,1.4978,0,14978
4191,A,0.43810000000000004,1,4381
4191,B,0.59730000000000005,1,5973
4192,A,1.488,1,14880
4192,B,2.3931,0,23931
4193,A,0.36760000000000004,1,3676
4193,B,1.6874,0,16874
4194,A,0.38470000000000004,1,3847
4194,B,0.26480000000000004,0,2648
4195,A,0.63529999999999998,1,6353
4195,B,0.56430000000000002,0,5643
4196,A,0.81310000000000004,1,8131
4196,B,0.96150000000000002,0,9615
4197,A,0.72070000000000001,1,7207
4197,B,0.1366,0,1366
4198,A,0.4723,1,4723
4198,B,1.5401,0,15401
4199,A,0.87909999999999999,1,8791
4199,B,0.64990000000000003,0,6499
4200,A,0.39460000000000001,1,3946
4200,B,2.6555,0,26555
4201,A,1.1273,1,11273
4201,B,3.0355000000000003,0,30355
4202,A,0.57350000000000001,1,5735
4202,B,1.6563000000000001,1,16563
4203,A,0.98000000000000009,1,9800
4203,B,0.98480000000000001,0,9848
4204,A,0.43970000000000004,1,4397
4204,B,3.0351000000000004,0,30351
4205,A,0.1542,0,1542
4205,B,2.3644000000000003,0,23644
4206,A,0.84750000000000003,1,8475
4206,B,1.3685,0,13685
4207,A,0.40960000000000002,1,4096
4207,B,0.4299,0,4299
4208,A,0.52860000000000007,1,5286
4208,B,1.0655000000000001,0,10655
4209,A,0.31620000000000004,1,3162
4209,B,0.89710000000000001,0,8971
4210,A,0.62230000000000008,1,6223
4210,B,4.5950000000000006,0,45950
4211,A,0.58090000000000008,1,5809
4211,B,1.5293000000000001,1,15293
4212,A,0.94440000000000002,1,9444
4212,B,1.4217,1,14217
4213,A,0.35930000000000001,1,3593
4213,B,0.76550000000000007,0,7655
4214,A,0.75619999999999998,1,7562
4214,B,2.1924999999999999,0,21925
4215,A,1.4308000000000001,1,14308
4215,B,1.2474000000000001,0,12474
4216,A,0.63700000000000001,1,6370
4216,B,0.69500000000000006,0,6950
4217,A,0.72940000000000005,1,7294
4217,B,0.80230000000000001,0,8023
4218,A,0.82969999999999999,1,8297
4218,B,0.9506,0,9506
4219,A,0.4012,1,4012
4219,B,0.77629999999999999,0,7763
4220,A,0.55420000000000003,1,5542
4220,B,0.28610000000000002,0,2861
4221,A,0.72220000000000006,1,7222
4221,B,0.313,0,3130
4222,A,1.4284000000000001,1,14284
4222,B,0.42830000000000001,0,4283
4223,A,0.74280000000000002,1,7428
4223,B,1.0294000000000001,0,10294
4224,A,0.63109999999999999,1,6311
4224,B,0.21690000000000001,0,2169
4225,A,0.63380000000000003,0,6338
4225,B,1.4323000000000001,0,14323
4226,A,0.7087,1,7087
4226,B,0.58000000000000007,0,5800
4227,A,0.54400000000000004,1,5440
4227,B,0.13070000000000001,0,1307
4228,A,1.9443000000000001,1,19443
4228,B,1.6870000000000001,1,16870
4229,A,0.38500000000000001,1,3850
4229,B,1.9728000000000001,1,19728
4230,A,0.88890000000000002,1,8889
4230,B,2.7606999999999999,0,27607
4231,A,0.1908,0,1908
4231,B,1.1688000000000001,1,11688
4232,A,0.60670000000000002,1,6067
4232,B,2.2610999999999999,0,22611
4233,A,0.43690000000000001,1,4369
4233,B,2.7763,1,27763
4234,A,1.0337000000000001,1,10337
4234,B,1.1366000000000001,1,11366
4235,A,0.50660000000000005,1,5066
4235,B,4.3262999999999998,0,43263
4236,A,0.58850000000000002,1,5885
4236,B,1.4351,1,14351
4237,A,0.74809999999999999,1,7481
4237,B,0.2586,0,2586
4238,A,0.46760000000000002,1,4676
4238,B,0.95620000000000005,1,9562
4239,A,1.0202,1,10202
4239,B,2.4425000000000003,1,24425
4240,A,1.0525,1,10525
4240,B,1.3184,1,13184
4241,A,0.75209999999999999,1,7521
4241,B,0.26850000000000002,0,2685
4242,A,1.232,1,12320
4242,B,0.48770000000000002,0,4877
4243,A,0.84020000000000006,1,8402
4243,B,1.458,1,14580
4244,A,0.6956,1,6956
4244,B,0.52650000000000008,1,5265
4245,A,0.86799999999999999,1,8680
4245,B,0.55890000000000006,0,5589
4246,A,0.39090000000000003,1,3909
4246,B,1.4882,0,14882
4247,A,0.32200000000000001,1,3220
4247,B,0.51360000000000006,0,5136
4248,A,0.46180000000000004,1,4618
4248,B,0.88080000000000003,0,8808
4249,A,0.77110000000000001,1,7711
4249,B,1.8250000000000002,1,18250
4250,A,0.42830000000000001,1,4283
4250,B,0.73320000000000007,0,7332
4251,A,1.2954000000000001,1,12954
4251,B,0.78890000000000005,0,7889
4252,A,0.85360000000000003,1,8536
4252,B,2.1076999999999999,0,21077
4253,A,1.0246999999999999,1,10247
4253,B,0.31530000000000002,0,3153
4254,A,0.76080000000000003,1,7608
4254,B,1.2933000000000001,0,12933
4255,A,0.57430000000000003,1,5743
4255,B,0.3296,0,3296
4256,A,0.72330000000000005,1,7233
4256,B,0.82780000000000009,0,8278
4257,A,0.59489999999999998,1,5949
4257,B,1.9947000000000001,1,19947
4258,A,0.52460000000000007,1,5246
4258,B,4.4014000000000006,0,44014
4259,A,0.88660000000000005,1,8866
4259,B,0.80310000000000004,0,8031
4260,A,1.1234,1,11234
4260,B,2.2174,0,22174
4261,A,0.59860000000000002,1,5986
4261,B,0.4839,0,4839
4262,A,0.98380000000000001,1,9838
4262,B,0.315,0,3150
4263,A,0.66700000000000004,0,6670
4263,B,1.9137000000000002,0,19137
4264,A,0.7762,1,7762
4264,B,3.1293000000000002,0,31293
4265,A,0.61920000000000008,1,6192
4265,B,1.0992,1,10992
4266,A,0.30820000000000003,1,3082
4266,B,0.4027,0,4027
4267,A,0.26530000000000004,1,2653
4267,B,0.88400000000000001,1,8840
4268,A,0.57469999999999999,1,5747
4268,B,1.8277000000000001,0,18277
4269,A,0.38440000000000002,1,3844
4269,B,0.55759999999999998,0,5576
4270,A,0.39800000000000002,0,3980
4270,B,3.1421000000000001,0,31421
4271,A,1.2221,1,12221
4271,B,2.9919000000000002,1,29919
4272,A,0.49740000000000001,1,4974
4272,B,6.0799000000000003,1,60799
4273,A,0.75590000000000002,1,7559
4273,B,0.99820000000000009,0,9982
4274,A,0.86780000000000002,1,8678
4274,B,1.6040000000000001,1,16040
4275,A,0.75660000000000005,1,7566
4275,B,2.0036,0,20036
4276,A,0.6109,1,6109
4276,B,0.69090000000000007,0,6909
4277,A,0.76080000000000003,1,7608
4277,B,0.76570000000000005,1,7657
4278,A,0.37759999999999999,1,3776
4278,B,2.2109000000000001,0,22109
4279,A,0.87250000000000005,1,8725
4279,B,0.54510000000000003,1,5451
4280,A,1.1244000000000001,1,11244
4280,B,0.85300000000000009,0,8530
4281,A,1.171,1,11710
4281,B,0.53749999999999998,0,5375
4282,A,0.57690000000000008,1,5769
4282,B,0.4824,0,4824
4283,A,0.79980000000000007,1,7998
4283,B,0.67910000000000004,0,6791
4284,A,1.0373000000000001,1,10373
4284,B,1.2143000000000002,0,12143
4285,A,0.79610000000000003,1,7961
4285,B,0.55790000000000006,0,5579
4286,A,0.56600000000000006,1,5660
4286,B,1.3317000000000001,1,13317
4287,A,0.19540000000000002,0,1954
4287,B,0.52170000000000005,0,5217
4288,A,0.56120000000000003,1,5612
4288,B,1.3412000000000002,0,13412
4289,A,0.68920000000000003,1,6892
4289,B,0.2487,0,2487
4290,A,0.77329999999999999,1,7733
4290,B,0.92380000000000007,0,9238
4291,A,0.54459999999999997,1,5446
4291,B,0.4642,0,4642
4292,A,0.53880000000000006,1,5388
4292,B,3.2151000000000001,1,32151
4293,A,0.86160000000000003,1,8616
4293,B,3.7538,0,37538
4294,A,0.46730000000000005,1,4673
4294,B,5.3369,0,53369
4295,A,0.47620000000000001,1,4762
4295,B,2.3172999999999999,0,23173
4296,A,0.41910000000000003,1,4191
4296,B,0.3286,0,3286
4297,A,0.25659999999999999,1,2566
4297,B,0.55620000000000003,0,5562
4298,A,0.41150000000000003,1,4115
4298,B,1.4628000000000001,1,14628
4299,A,1.3281000000000001,1,13281
4299,B,2.8770000000000002,0,28770
4300,A,0.55569999999999997,1,5557
4300,B,0.38790000000000002,0,3879
4301,A,0.5464,1,5464
4301,B,1.2907,0,12907
4302,A,0.59379999999999999,1,5938
4302,B,1.6443000000000001,1,16443
4303,A,1.0255000000000001,1,10255
4303,B,0.1789,0,1789
4304,A,1.2017,1,12017
4304,B,2.4763999999999999,0,24764
4305,A,0.66500000000000004,1,6650
4305,B,0.57890000000000008,0,5789
4306,A,0.63019999999999998,1,6302
4306,B,3.8526000000000002,0,38526
4307,A,0.95700000000000007,1,9570
4307,B,2.2007000000000003,0,22007
4308,A,1.5960000000000001,1,15960
4308,B,0.9032,1,9032
4309,A,0.54149999999999998,1,5415
4309,B,1.6828000000000001,0,16828
4310,A,0.63260000000000005,1,6326
4310,B,0.35060000000000002,0,3506
4311,A,0.66320000000000001,1,6632
4311,B,0.47550000000000003,0,4755
4312,A,0.55610000000000004,1,5561
4312,B,1.3913,0,13913
4313,A,0.55059999999999998,0,5506
4313,B,0.39240000000000003,1,3924
4314,A,0.58250000000000002,1,5825
4314,B,1.643,0,16430
4315,A,1.0949,1,10949
4315,B,0.36980000000000002,0,3698
4316,A,1.5056,1,15056
4316,B,0.27179999999999999,0,2718
4317,A,1.8076000000000001,1,18076
4317,B,1.0459000000000001,0,10459
4318,A,0.73830000000000007,1,7383
4318,B,0.66970000000000007,1,6697
4319,A,0.52680000000000005,1,5268
4319,B,5.0550000000000006,1,50550
4320,A,2.2387000000000001,1,22387
4320,B,0.7268,0,7268
4321,A,0.4773,1,4773
4321,B,0.52260000000000006,0,5226
4322,A,0.46210000000000001,1,4621
4322,B,0.33460000000000001,0,3346
4323,A,0.90040000000000009,1,9004
4323,B,1.1322000000000001,1,11322
4324,A,0.82469999999999999,1,8247
4324,B,1.1849000000000001,0,11849
4325,A,0.42160000000000003,1,4216
4325,B,0.84920000000000007,1,8492
4326,A,0.76540000000000008,1,7654
4326,B,0.88550000000000006,0,8855
4327,A,0.71200000000000008,1,7120
4327,B,0.3478,0,3478
4328,A,0.153,0,1530
4328,B,1.8760000000000001,0,18760
4329,A,0.63580000000000003,1,6358
4329,B,0.73210000000000008,0,7321
4330,A,0.34060000000000001,1,3406
4330,B,1.0165,0,10165
4331,A,0.65170000000000006,1,6517
4331,B,2.0802,1,20802
4332,A,0.48310000000000003,1,4831
4332,B,2.7113,1,27113
4333,A,0.41410000000000002,1,4141
4333,B,0.61140000000000005,0,6114
4334,A,1.0071000000000001,1,10071
4334,B,0.33250000000000002,0,3325
4335,A,0.72100000000000009,1,7210
4335,B,0.51919999999999999,0,5192
4336,A,0.31040000000000001,1,3104
4336,B,0.78790000000000004,1,7879
4337,A,0.78610000000000002,1,7861
4337,B,3.0927000000000002,0,30927
4338,A,0.34600000000000003,1,3460
4338,B,0.69240000000000002,1,6924
4339,A,0.54649999999999999,1,5465
4339,B,2.3364000000000003,1,23364
4340,A,0.56900000000000006,1,5690
4340,B,0.39880000000000004,0,3988
4341,A,0.68180000000000007,1,6818
4341,B,0.39660000000000001,0,3966
4342,A,0.59030000000000005,1,5903
4342,B,0.69930000000000003,1,6993
4343,A,0.69640000000000002,1,6964
4343,B,0.64160000000000006,0,6416
4344,A,0.99410000000000009,1,9941
4344,B,0.72220000000000006,0,7222
4345,A,0.71579999999999999,1,7158
4345,B,0.60299999999999998,0,6030
4346,A,0.74670000000000003,1,7467
4346,B,1.2544,1,12544
4347,A,0.98580000000000001,1,9858
4347,B,1.2955000000000001,0,12955
4348,A,1.1984000000000001,1,11984
4348,B,1.0797000000000001,1,10797
4349,A,0.34850000000000003,1,3485
4349,B,0.68910000000000005,0,6891
4350,A,0.71190000000000009,1,7119
4350,B,0.27979999999999999,0,2798
4351,A,1.0537000000000001,1,10537
4351,B,1.4119000000000002,1,14119
4352,A,0.41800000000000004,1,4180
4352,B,1.4559,1,14559
4353,A,0.57720000000000005,1,5772
4353,B,0.40500000000000003,0,4050
4354,A,0.30199999999999999,1,3020
4354,B,0.99299999999999999,0,9930
4355,A,0.88570000000000004,1,8857
4355,B,1.7148000000000001,0,17148
4356,A,0.72750000000000004,1,7275
4356,B,0.56030000000000002,0,5603
4357,A,1.1639000000000002,1,11639
4357,B,1.3945000000000001,1,13945
4358,A,0.62640000000000007,1,6264
4358,B,1.9324000000000001,1,19324
4359,A,0.72670000000000001,1,7267
4359,B,0.41260000000000002,0,4126
4360,A,0.81380000000000008,1,8138
4360,B,0.60210000000000008,0,6021
4361,A,0.47590000000000005,1,4759
4361,B,1.1682000000000001,1,11682
4362,A,0.77750000000000008,1,7775
4362,B,1.8682000000000001,1,18682
4363,A,0.76200000000000001,1,7620
4363,B,0.73370000000000002,0,7337
4364,A,0.47790000000000005,1,4779
4364,B,0.95920000000000005,1,9592
4365,A,0.70220000000000005,1,7022
4365,B,0.35400000000000004,0,3540
4366,A,0.76880000000000004,1,7688
4366,B,1.1807000000000001,1,11807
4367,A,1.03,1,10300
4367,B,1.7301000000000002,1,17301
4368,A,0.58810000000000007,1,5881
4368,B,0.1782,0,1782
4369,A,0.39880000000000004,1,3988
4369,B,1.8054000000000001,1,18054
4370,A,0.59650000000000003,1,5965
4370,B,1.0619000000000001,0,10619
4371,A,1.1428,1,11428
4371,B,0.41660000000000003,0,4166
4372,A,0.91380000000000006,1,9138
4372,B,3.5145,0,35145
4373,A,0.90490000000000004,1,9049
4373,B,0.60189999999999999,0,6019
4374,A,0.69610000000000005,1,6961
4374,B,2.1457999999999999,0,21458
4375,A,1.4997,1,14997
4375,B,0.29100000000000004,0,2910
4376,A,0.65460000000000007,0,6546
4376,B,1.6121000000000001,0,16121
4377,A,0.54920000000000002,1,5492
4377,B,0.81850000000000001,0,8185
4378,A,1.2531000000000001,1,12531
4378,B,2.5220000000000002,0,25220
4379,A,0.66460000000000008,1,6646
4379,B,4.4313000000000002,1,44313
4380,A,0.63019999999999998,1,6302
4380,B,2.3618000000000001,1,23618
4381,A,0.63550000000000006,1,6355
4381,B,1.2271000000000001,0,12271
4382,A,0.36210000000000003,1,3621
4382,B,1.7424000000000002,1,17424
4383,A,0.97210000000000008,1,9721
4383,B,1.1331,0,11331
4384,A,0.22420000000000001,1,2242
4384,B,1.4045000000000001,0,14045
4385,A,0.81180000000000008,1,8118
4385,B,0.70669999999999999,1,7067
4386,A,0.45960000000000001,1,4596
4386,B,0.35620000000000002,0,3562
4387,A,1.4404000000000001,1,14404
4387,B,0.92330000000000001,0,9233
4388,A,0.65210000000000001,1,6521
4388,B,0.5625,0,5625
4389,A,1.7299,1,17299
4389,B,5.0184000000000006,0,50184
4390,A,0.77490000000000003,1,7749
4390,B,0.1588,0,1588
4391,A,0.66360000000000008,1,6636
4391,B,0.50860000000000005,0,5086
4392,A,0.71360000000000001,1,7136
4392,B,0.67110000000000003,0,6711
4393,A,0.69080000000000008,1,6908
4393,B,0.2767,0,2767
4394,A,0.55740000000000001,1,5574
4394,B,0.18970000000000001,0,1897
4395,A,1.3733,0,13733
4395,B,0.66560000000000008,0,6656
4396,A,0.36449999999999999,1,3645
4396,B,1.0689,0,10689
4397,A,0.51900000000000002,1,5190
4397,B,0.8629,0,8629
4398,A,0.95090000000000008,1,9509
4398,B,4.4672000000000001,0,44672
4399,A,0.40360000000000001,0,4036
4399,B,0.35489999999999999,0,3549
4400,A,0.74440000000000006,1,7444
4400,B,0.62930000000000008,0,6293
4401,A,0.65780000000000005,1,6578
4401,B,0.78810000000000002,1,7881
4402,A,0.92360000000000009,1,9236
4402,B,0.91620000000000001,1,9162
4403,A,0.63570000000000004,1,6357
4403,B,1.1218000000000001,0,11218
4404,A,1.0559000000000001,1,10559
4404,B,0.60099999999999998,0,6010
4405,A,0.77750000000000008,1,7775
4405,B,4.2971000000000004,1,42971
4406,A,1.5690000000000002,1,15690
4406,B,0.34250000000000003,0,3425
4407,A,0.58579999999999999,1,5858
4407,B,0.47770000000000001,0,4777
4408,A,0.37030000000000002,1,3703
4408,B,1.4060000000000001,1,14060
4409,A,1.0595000000000001,1,10595
4409,B,0.21180000000000002,0,2118
4410,A,0.74230000000000007,1,7423
4410,B,0.72310000000000008,0,7231
4411,A,0.64370000000000005,1,6437
4411,B,2.4683000000000002,0,24683
4412,A,0.66120000000000001,1,6612
4412,B,0.71220000000000006,0,7122
4413,A,0.47470000000000001,1,4747
4413,B,0.627,0,6270
4414,A,0.64690000000000003,1,6469
4414,B,0.2505,0,2505
4415,A,0.77690000000000003,1,7769
4415,B,2.6141000000000001,0,26141
4416,A,0.5242,1,5242
4416,B,3.7856000000000001,0,37856
4417,A,0.86810000000000009,1,8681
4417,B,2.1081000000000003,0,21081
4418,A,1.1137000000000001,1,11137
4418,B,1.4389000000000001,0,14389
4419,A,0.87480000000000002,1,8748
4419,B,0.91460000000000008,0,9146
4420,A,0.7016,0,7016
4420,B,3.1269,0,31269
4421,A,0.47050000000000003,1,4705
4421,B,0.81210000000000004,0,8121
4422,A,0.4446,1,4446
4422,B,0.91190000000000004,0,9119
4423,A,2.3629000000000002,1,23629
4423,B,0.64280000000000004,1,6428
4424,A,0.61160000000000003,1,6116
4424,B,1.0592000000000001,1,10592
4425,A,0.7752,1,7752
4425,B,5.819,0,58190
4426,A,0.54060000000000008,1,5406
4426,B,4.4827000000000004,1,44827
4427,A,1.0649,1,10649
4427,B,1.0263,0,10263
4428,A,1.0951,1,10951
4428,B,0.76490000000000002,0,7649
4429,A,0.4451,1,4451
4429,B,3.2226000000000004,1,32226
4430,A,1.0720000000000001,1,10720
4430,B,3.3913000000000002,1,33913
4431,A,1.3482000000000001,1,13482
4431,B,1.0723,0,10723
4432,A,0.75800000000000001,1,7580
4432,B,0.69550000000000001,0,6955
4433,A,0.37560000000000004,0,3756
4433,B,0.45610000000000001,1,4561
4434,A,0.61350000000000005,1,6135
4434,B,1.5402,1,15402
4435,A,0.54120000000000001,1,5412
4435,B,0.32900000000000001,0,3290
4436,A,0.443,0,4430
4436,B,2.3644000000000003,1,23644
4437,A,0.68969999999999998,1,6897
4437,B,1.1628000000000001,1,11628
4438,A,1.4503000000000001,1,14503
4438,B,1.1175000000000002,0,11175
4439,A,0.1991,1,1991
4439,B,1.254,0,12540
4440,A,0.58120000000000005,1,5812
4440,B,0.50130000000000008,1,5013
4441,A,0.58090000000000008,1,5809
4441,B,1.2439,0,12439
4442,A,0.43810000000000004,1,4381
4442,B,4.0917000000000003,0,40917
4443,A,1.1024,1,11024
4443,B,1.3352000000000002,0,13352
4444,A,0.55640000000000001,0,5564
4444,B,1.4847000000000001,1,14847
4445,A,0.80310000000000004,1,8031
4445,B,0.3634,0,3634
4446,A,0.30210000000000004,1,3021
4446,B,0.30990000000000001,0,3099
4447,A,0.43660000000000004,1,4366
4447,B,0.15740000000000001,0,1574
4448,A,0.69520000000000004,1,6952
4448,B,1.5481,1,15481
4449,A,0.46360000000000001,1,4636
4449,B,2.5952000000000002,0,25952
4450,A,0.41960000000000003,1,4196
4450,B,0.58640000000000003,0,5864
4451,A,0.98030000000000006,1,9803
4451,B,0.26880000000000004,0,2688
4452,A,1.8330000000000002,1,18330
4452,B,0.54620000000000002,0,5462
4453,A,0.48270000000000002,1,4827
4453,B,4.3376000000000001,0,43376
4454,A,1.2608000000000001,1,12608
4454,B,3.7215000000000003,1,37215
4455,A,0.55759999999999998,1,5576
4455,B,0.21910000000000002,0,2191
4456,A,0.62080000000000002,1,6208
4456,B,1.4171,1,14171
4457,A,0.77710000000000001,1,7771
4457,B,0.31980000000000003,0,3198
4458,A,1.2607000000000002,1,12607
4458,B,1.5917000000000001,1,15917
4459,A,0.60399999999999998,1,6040
4459,B,0.8367,0,8367
4460,A,0.58379999999999999,1,5838
4460,B,3.0099,0,30099
4461,A,1.0697000000000001,1,10697
4461,B,0.40910000000000002,0,4091
4462,A,1.5445,1,15445
4462,B,1.8946000000000001,1,18946
4463,A,0.66239999999999999,1,6624
4463,B,0.33890000000000003,0,3389
4464,A,0.62960000000000005,1,6296
4464,B,1.8069000000000002,0,18069
4465,A,1.0063,1,10063
4465,B,3.5954000000000002,0,35954
4466,A,1.2030000000000001,1,12030
4466,B,0.72240000000000004,0,7224
4467,A,0.63300000000000001,1,6330
4467,B,2.3117000000000001,1,23117
4468,A,0.76690000000000003,1,7669
4468,B,1.8555000000000001,1,18555
4469,A,0.6552,1,6552
4469,B,1.1633,0,11633
4470,A,0.51129999999999998,1,5113
4470,B,0.76250000000000007,0,7625
4471,A,1.0425,1,10425
4471,B,1.9611000000000001,0,19611
4472,A,1.1615,1,11615
4472,B,0.23950000000000002,0,2395
4473,A,0.82120000000000004,1,8212
4473,B,0.31059999999999999,0,3106
4474,A,0.5968,1,5968
4474,B,0.48420000000000002,0,4842
4475,A,1.5485,1,15485
4475,B,1.3425,0,13425
4476,A,0.93800000000000006,1,9380
4476,B,0.1409,0,1409
4477,A,0.55080000000000007,1,5508
4477,B,0.3342,0,3342
4478,A,0.67349999999999999,1,6735
4478,B,1.2443,0,12443
4479,A,1.6185,1,16185
4479,B,0.61399999999999999,0,6140
4480,A,0.3962,1,3962
4480,B,0.3039,0,3039
4481,A,0.58320000000000005,1,5832
4481,B,2.6640999999999999,1,26641
4482,A,0.50280000000000002,1,5028
4482,B,0.28110000000000002,0,2811
4483,A,1.3303,1,13303
4483,B,1.9444000000000001,1,19444
4484,A,0.51350000000000007,1,5135
4484,B,0.66449999999999998,1,6645
4485,A,0.3695,1,3695
4485,B,0.3836,0,3836
4486,A,0.7863,1,7863
4486,B,0.49820000000000003,1,4982
4487,A,0.75900000000000001,1,7590
4487,B,1.6818000000000002,1,16818
4488,A,0.4476,1,4476
4488,B,0.74130000000000007,1,7413
4489,A,1.2,1,12000
4489,B,1.0988,0,10988
4490,A,0.45850000000000002,1,4585
4490,B,1.1677,0,11677
4491,A,0.58800000000000008,1,5880
4491,B,0.27560000000000001,0,2756
4492,A,1.4688000000000001,1,14688
4492,B,0.9951000000000001,0,9951
4493,A,0.76100000000000001,1,7610
4493,B,0.47160000000000002,0,4716
4494,A,1.2056,1,12056
4494,B,0.92649999999999999,1,9265
4495,A,0.95150000000000001,1,9515
4495,B,1.2375,1,12375
4496,A,1.3154000000000001,1,13154
4496,B,1.2529000000000001,1,12529
4497,A,0.95010000000000006,1,9501
4497,B,3.1749000000000001,0,31749
4498,A,0.58150000000000002,1,5815
4498,B,0.32180000000000003,0,3218
4499,A,1.5189000000000001,1,15189
4499,B,0.32969999999999999,0,3297
4500,A,0.35270000000000001,1,3527
4500,B,1.0531000000000001,1,10531
4501,A,0.53710000000000002,1,5371
4501,B,1.1741000000000001,0,11741
4502,A,0.40940000000000004,1,4094
4502,B,0.23500000000000001,0,2350
4503,A,0.25930000000000003,0,2593
4503,B,0.50109999999999999,0,5011
4504,A,0.67700000000000005,1,6770
4504,B,0.96530000000000005,1,9653
4505,A,0.5474,1,5474
4505,B,2.0798000000000001,0,20798
4506,A,0.52410000000000001,1,5241
4506,B,0.88490000000000002,1,8849
4507,A,0.3392,1,3392
4507,B,2.1967000000000003,1,21967
4508,A,0.46740000000000004,1,4674
4508,B,1.6986000000000001,1,16986
4509,A,0.95900000000000007,0,9590
4509,B,0.56520000000000004,0,5652
4510,A,0.71489999999999998,1,7149
4510,B,1.3779000000000001,1,13779
4511,A,0.79160000000000008,1,7916
4511,B,0.53039999999999998,0,5304
4512,A,1.9575,1,19575
4512,B,0.54049999999999998,0,5405
4513,A,0.43710000000000004,0,4371
4513,B,0.5292,1,5292
4514,A,1.0430000000000001,1,10430
4514,B,2.4601000000000002,0,24601
4515,A,0.84190000000000009,1,8419
4515,B,1.7058,0,17058
4516,A,0.42200000000000004,1,4220
4516,B,1.8888,0,18888
4517,A,0.71279999999999999,1,7128
4517,B,1.6123000000000001,1,16123
4518,A,0.9788,1,9788
4518,B,1.7904,0,17904
4519,A,0.66050000000000009,1,6605
4519,B,0.75350000000000006,0,7535
4520,A,0.59640000000000004,1,5964
4520,B,1.0645,0,10645
4521,A,0.89780000000000004,1,8978
4521,B,0.23750000000000002,0,2375
4522,A,0.76660000000000006,1,7666
4522,B,1.0384,1,10384
4523,A,0.73650000000000004,1,7365
4523,B,1.0856000000000001,1,10856
4524,A,0.50050000000000006,1,5005
4524,B,0.65760000000000007,1,6576
4525,A,1.1691,1,11691
4525,B,0.87870000000000004,0,8787
4526,A,0.61520000000000008,1,6152
4526,B,1.4391,0,14391
4527,A,1.1128,1,11128
4527,B,2.0954999999999999,1,20955
4528,A,0.74370000000000003,1,7437
4528,B,0.9113,1,9113
4529,A,0.55320000000000003,1,5532
4529,B,1.4664000000000001,1,14664
4530,A,0.91090000000000004,1,9109
4530,B,1.9061000000000001,1,19061
4531,A,0.77650000000000008,1,7765
4531,B,1.6447000000000001,1,16447
4532,A,0.38920000000000005,1,3892
4532,B,1.0684,0,10684
4533,A,0.77480000000000004,1,7748
4533,B,1.1634,0,11634
4534,A,0.57830000000000004,1,5783
4534,B,2.1009000000000002,0,21009
4535,A,0.877,1,8770
4535,B,1.2474000000000001,0,12474
4536,A,0.3231,1,3231
4536,B,0.24000000000000002,0,2400
4537,A,0.67670000000000008,1,6767
4537,B,1.1206,1,11206
4538,A,0.87120000000000009,1,8712
4538,B,1.9982000000000002,0,19982
4539,A,0.49640000000000001,1,4964
4539,B,0.36320000000000002,0,3632
4540,A,1.1378000000000001,1,11378
4540,B,1.8663000000000001,0,18663
4541,A,0.61440000000000006,1,6144
4541,B,0.73199999999999998,0,7320
4542,A,0.65200000000000002,1,6520
4542,B,2.3409,1,23409
4543,A,0.76760000000000006,1,7676
4543,B,1.3092000000000001,1,13092
4544,A,1.1248,1,11248
4544,B,0.91880000000000006,0,9188
4545,A,1.7875000000000001,1,17875
4545,B,1.0302,0,10302
4546,A,0.80510000000000004,1,8051
4546,B,2.0522,0,20522
4547,A,0.5675,1,5675
4547,B,0.19210000000000002,0,1921
4548,A,0.4425,1,4425
4548,B,1.3849,1,13849
4549,A,0.4451,1,4451
4549,B,1.2861,1,12861
4550,A,0.71200000000000008,1,7120
4550,B,1.3618000000000001,0,13618
4551,A,0.69440000000000002,1,6944
4551,B,0.222,0,2220
4552,A,0.71920000000000006,1,7192
4552,B,0.95380000000000009,1,9538
4553,A,1.1029,1,11029
4553,B,0.498,0,4980
4554,A,0.56920000000000004,1,5692
4554,B,1.3574000000000002,0,13574
4555,A,0.55700000000000005,1,5570
4555,B,1.7952000000000001,0,17952
4556,A,0.65790000000000004,1,6579
4556,B,1.3953,1,13953
4557,A,1.6257000000000001,1,16257
4557,B,1.1181000000000001,0,11181
4558,A,1.1127,1,11127
4558,B,0.2485,0,2485
4559,A,0.50109999999999999,1,5011
4559,B,1.3021,0,13021
4560,A,0.63370000000000004,0,6337
4560,B,1.3648,0,13648
4561,A,0.66739999999999999,1,6674
4561,B,0.45669999999999999,1,4567
4562,A,0.21260000000000001,1,2126
4562,B,1.1717,1,11717
4563,A,0.39600000000000002,1,3960
4563,B,0.2036,0,2036
4564,A,0.38290000000000002,1,3829
4564,B,0.38280000000000003,0,3828
4565,A,0.4385,0,4385
4565,B,0.52700000000000002,0,5270
4566,A,1.611,1,16110
4566,B,3.1746000000000003,1,31746
4567,A,1.1383000000000001,1,11383
4567,B,1.8687,0,18687
4568,A,0.68020000000000003,1,6802
4568,B,2.4401000000000002,1,24401
4569,A,1.2724,1,12724
4569,B,1.8855000000000002,1,18855
4570,A,0.86520000000000008,1,8652
4570,B,0.78200000000000003,0,7820
4571,A,0.40860000000000002,1,4086
4571,B,0.4758,0,4758
4572,A,1.6149,1,16149
4572,B,0.51180000000000003,1,5118
4573,A,1.5954000000000002,1,15954
4573,B,1.0558000000000001,0,10558
4574,A,0.59250000000000003,1,5925
4574,B,2.5223,1,25223
4575,A,0.52339999999999998,1,5234
4575,B,0.29700000000000004,0,2970
4576,A,0.33280000000000004,1,3328
4576,B,0.3327,0,3327
4577,A,3.3007,1,33007
4577,B,2.1173999999999999,0,21174
4578,A,0.76670000000000005,1,7667
4578,B,0.52639999999999998,0,5264
4579,A,0.82330000000000003,1,8233
4579,B,0.99099999999999999,0,9910
4580,A,0.45430000000000004,1,4543
4580,B,1.7586000000000002,0,17586
4581,A,1.1205000000000001,1,11205
4581,B,0.98310000000000008,0,9831
4582,A,0.84789999999999999,1,8479
4582,B,0.84130000000000005,0,8413
4583,A,0.66410000000000002,1,6641
4583,B,0.64340000000000008,0,6434
4584,A,0.54659999999999997,1,5466
4584,B,2.915,0,29150
4585,A,0.44340000000000002,1,4434
4585,B,0.55880000000000007,0,5588
4586,A,1.4771000000000001,1,14771
4586,B,1.8528,1,18528
4587,A,2.4100000000000001,1,24100
4587,B,0.13,0,1300
4588,A,0.52400000000000002,1,5240
4588,B,0.93510000000000004,0,9351
4589,A,0.45680000000000004,1,4568
4589,B,0.76400000000000001,0,7640
4590,A,0.65760000000000007,1,6576
4590,B,0.28700000000000003,0,2870
4591,A,1.0377000000000001,1,10377
4591,B,0.76740000000000008,0,7674
4592,A,1.6479000000000001,1,16479
4592,B,0.43170000000000003,1,4317
4593,A,0.62240000000000006,1,6224
4593,B,0.53029999999999999,0,5303
4594,A,0.87870000000000004,1,8787
4594,B,1.0949,0,10949
4595,A,1.0492000000000001,1,10492
4595,B,1.6827000000000001,0,16827
4596,A,0.7218,1,7218
4596,B,0.1384,0,1384
4597,A,0.60599999999999998,1,6060
4597,B,0.33990000000000004,0,3399
4598,A,1.625,1,16250
4598,B,1.5289000000000001,1,15289
4599,A,1.6304000000000001,1,16304
4599,B,2.5447000000000002,0,25447
4600,A,1.0246999999999999,1,10247
4600,B,0.33740000000000003,0,3374
4601,A,0.57220000000000004,1,5722
4601,B,0.27290000000000003,0,2729
4602,A,0.40679999999999999,1,4068
4602,B,1.2771000000000001,0,12771
4603,A,0.66649999999999998,1,6665
4603,B,2.6800999999999999,1,26801
4604,A,0.42730000000000001,1,4273
4604,B,4.5587,1,45587
4605,A,0.73780000000000001,1,7378
4605,B,0.40570000000000001,0,4057
4606,A,0.75070000000000003,1,7507
4606,B,1.4645000000000001,0,14645
4607,A,0.92190000000000005,1,9219
4607,B,0.19490000000000002,0,1949
4608,A,0.62030000000000007,1,6203
4608,B,3.9798,0,39798
4609,A,0.58090000000000008,1,5809
4609,B,3.7884000000000002,1,37884
4610,A,0.46400000000000002,1,4640
4610,B,0.42580000000000001,1,4258
4611,A,0.53420000000000001,1,5342
4611,B,1.3420000000000001,1,13420
4612,A,1.6371,1,16371
4612,B,1.1118000000000001,0,11118
4613,A,0.69110000000000005,1,6911
4613,B,2.3959000000000001,1,23959
4614,A,2.0110999999999999,0,20111
4614,B,0.33410000000000001,0,3341
4615,A,0.35450000000000004,1,3545
4615,B,1.6151,1,16151
4616,A,0.2868,0,2868
4616,B,0.52870000000000006,0,5287
4617,A,0.49200000000000005,1,4920
4617,B,0.70379999999999998,0,7038
4618,A,0.49570000000000003,1,4957
4618,B,0.43740000000000001,0,4374
4619,A,0.42910000000000004,1,4291
4619,B,2.5883000000000003,1,25883
4620,A,0.74880000000000002,1,7488
4620,B,1.9332,1,19332
4621,A,0.36940000000000001,1,3694
4621,B,0.9647,0,9647
4622,A,0.46800000000000003,1,4680
4622,B,1.1159000000000001,1,11159
4623,A,0.622,1,6220
4623,B,4.3547000000000002,1,43547
4624,A,0.7752,1,7752
4624,B,0.54810000000000003,0,5481
4625,A,0.53120000000000001,1,5312
4625,B,0.44020000000000004,0,4402
4626,A,1.1780000000000002,1,11780
4626,B,1.3341000000000001,1,13341
4627,A,0.57169999999999999,1,5717
4627,B,0.51129999999999998,0,5113
4628,A,0.34950000000000003,1,3495
4628,B,2.0449999999999999,1,20450
4629,A,1.1106,1,11106
4629,B,0.99890000000000001,0,9989
4630,A,1.6823000000000001,1,16823
4630,B,0.72950000000000004,0,7295
4631,A,0.60450000000000004,1,6045
4631,B,1.5150000000000001,0,15150
4632,A,0.4728,1,4728
4632,B,0.49250000000000005,0,4925
4633,A,0.43480000000000002,1,4348
4633,B,1.0047000000000001,0,10047
4634,A,0.7389,1,7389
4634,B,1.238,0,12380
4635,A,0.58520000000000005,1,5852
4635,B,1.7835000000000001,1,17835
4636,A,0.88430000000000009,1,8843
4636,B,2.8462000000000001,1,28462
4637,A,0.45840000000000003,1,4584
4637,B,0.78500000000000003,0,7850
4638,A,1.4599,1,14599
4638,B,0.58789999999999998,0,5879
4639,A,0.4138,1,4138
4639,B,0.61860000000000004,1,6186
4640,A,0.94240000000000002,1,9424
4640,B,6.9443000000000001,0,69443
4641,A,0.37320000000000003,1,3732
4641,B,0.58579999999999999,0,5858
4642,A,0.47520000000000001,1,4752
4642,B,1.087,0,10870
4643,A,0.61840000000000006,1,6184
4643,B,0.81170000000000009,0,8117
4644,A,0.32270000000000004,1,3227
4644,B,4.1066000000000003,1,41066
4645,A,0.68190000000000006,1,6819
4645,B,1.0616000000000001,0,10616
4646,A,0.3997,1,3997
4646,B,1.6179000000000001,0,16179
4647,A,0.88740000000000008,1,8874
4647,B,1.7221000000000002,1,17221
4648,A,1.0768,1,10768
4648,B,1.0686,0,10686
4649,A,0.96890000000000009,1,9689
4649,B,2.7529000000000003,1,27529
4650,A,0.62330000000000008,1,6233
4650,B,0.437,0,4370
4651,A,0.68290000000000006,1,6829
4651,B,0.26630000000000004,0,2663
4652,A,0.47100000000000003,1,4710
4652,B,2.7840000000000003,1,27840
4653,A,1.6675,1,16675
4653,B,2.8812000000000002,0,28812
4654,A,0.82090000000000007,1,8209
4654,B,0.51719999999999999,0,5172
4655,A,2.8591000000000002,1,28591
4655,B,0.41980000000000001,0,4198
4656,A,2.6531000000000002,1,26531
4656,B,0.3876,0,3876
4657,A,0.87230000000000008,1,8723
4657,B,1.1344000000000001,0,11344
4658,A,0.77910000000000001,1,7791
4658,B,2.4216000000000002,0,24216
4659,A,0.95420000000000005,1,9542
4659,B,0.7944,0,7944
4660,A,1.0734000000000001,1,10734
4660,B,0.5665,0,5665
4661,A,1.2812000000000001,1,12812
4661,B,1.4106000000000001,0,14106
4662,A,0.77390000000000003,1,7739
4662,B,2.1305000000000001,1,21305
4663,A,0.69440000000000002,0,6944
4663,B,1.3477000000000001,1,13477
4664,A,0.628,1,6280
4664,B,0.63370000000000004,1,6337
4665,A,0.19520000000000001,1,1952
4665,B,2.4457,1,24457
4666,A,0.69369999999999998,0,6937
4666,B,0.89119999999999999,1,8912
4667,A,0.40400000000000003,1,4040
4667,B,0.54949999999999999,0,5495
4668,A,1.3914,1,13914
4668,B,0.26380000000000003,0,2638
4669,A,0.86399999999999999,1,8640
4669,B,0.1986,0,1986
4670,A,0.96440000000000003,1,9644
4670,B,1.8854000000000002,0,18854
4671,A,0.9677,1,9677
4671,B,1.5617000000000001,0,15617
4672,A,1.2972000000000001,1,12972
4672,B,1.4895,1,14895
4673,A,0.71340000000000003,1,7134
4673,B,1.4005000000000001,0,14005
4674,A,1.0696000000000001,1,10696
4674,B,3.2342,1,32342
4675,A,0.53349999999999997,1,5335
4675,B,0.85840000000000005,0,8584
4676,A,0.63640000000000008,1,6364
4676,B,1.1009,0,11009
4677,A,1.4357,1,14357
4677,B,1.4659,0,14659
4678,A,0.26869999999999999,0,2687
4678,B,0.99120000000000008,0,9912
4679,A,0.3634,1,3634
4679,B,1.4224000000000001,0,14224
4680,A,0.59910000000000008,1,5991
4680,B,0.61320000000000008,1,6132
4681,A,0.56590000000000007,1,5659
4681,B,3.2000000000000002,1,32000
4682,A,0.91060000000000008,1,9106
4682,B,1.0662,0,10662
4683,A,0.1865,0,1865
4683,B,1.4046000000000001,0,14046
4684,A,0.47040000000000004,1,4704
4684,B,0.45710000000000001,1,4571
4685,A,1.3337000000000001,1,13337
4685,B,1.8981000000000001,1,18981
4686,A,1.4996,1,14996
4686,B,1.3658000000000001,1,13658
4687,A,0.85010000000000008,1,8501
4687,B,0.29910000000000003,0,2991
4688,A,1.4541000000000002,1,14541
4688,B,1.3466,1,13466
4689,A,1.7743,1,17743
4689,B,2.2261000000000002,1,22261
4690,A,0.50250000000000006,1,5025
4690,B,0.69210000000000005,1,6921
4691,A,0.3599,1,3599
4691,B,0.78029999999999999,0,7803
4692,A,0.74550000000000005,1,7455
4692,B,0.74840000000000007,1,7484
4693,A,0.58689999999999998,1,5869
4693,B,0.21870000000000001,0,2187
4694,A,0.89460000000000006,1,8946
4694,B,0.97450000000000003,1,9745
4695,A,0.73760000000000003,1,7376
4695,B,1.3308,0,13308
4696,A,0.87230000000000008,1,8723
4696,B,1.6169,1,16169
4697,A,0.88380000000000003,1,8838
4697,B,0.13770000000000002,0,1377
4698,A,0.92910000000000004,1,9291
4698,B,0.14369999999999999,0,1437
4699,A,0.70130000000000003,1,7013
4699,B,0.78970000000000007,0,7897
4700,A,1.0640000000000001,1,10640
4700,B,1.4055,1,14055
4701,A,0.77980000000000005,1,7798
4701,B,0.35410000000000003,0,3541
4702,A,1.3085,1,13085
4702,B,0.31620000000000004,0,3162
4703,A,0.67060000000000008,1,6706
4703,B,1.6700000000000002,0,16700
4704,A,0.80320000000000003,1,8032
4704,B,1.0269000000000001,1,10269
4705,A,0.8105,1,8105
4705,B,0.38680000000000003,0,3868
4706,A,1.2509000000000001,1,12509
4706,B,1.8935000000000002,1,18935
4707,A,0.63760000000000006,1,6376
4707,B,1.2362,0,12362
4708,A,0.52060000000000006,1,5206
4708,B,0.54900000000000004,1,5490
4709,A,0.34820000000000001,1,3482
4709,B,0.6119,0,6119
4710,A,0.66120000000000001,1,6612
4710,B,2.4712000000000001,1,24712
4711,A,0.7278,1,7278
4711,B,0.73820000000000008,1,7382
4712,A,1.2229000000000001,1,12229
4712,B,0.47040000000000004,1,4704
4713,A,0.5575,1,5575
4713,B,0.50619999999999998,0,5062
4714,A,0.56600000000000006,1,5660
4714,B,0.38720000000000004,0,3872
4715,A,0.93330000000000002,1,9333
4715,B,2.1257999999999999,0,21258
4716,A,0.38880000000000003,1,3888
4716,B,1.9873000000000001,0,19873
4717,A,0.4703,1,4703
4717,B,0.55049999999999999,1,5505
4718,A,0.71760000000000002,1,7176
4718,B,1.0759000000000001,1,10759
4719,A,0.84900000000000009,1,8490
4719,B,0.51900000000000002,0,5190
4720,A,1.3199000000000001,1,13199
4720,B,0.56159999999999999,0,5616
4721,A,0.80910000000000004,1,8091
4721,B,0.56859999999999999,0,5686
4722,A,0.42510000000000003,1,4251
4722,B,0.97750000000000004,1,9775
4723,A,1.1527000000000001,1,11527
4723,B,0.54060000000000008,0,5406
4724,A,0.93390000000000006,1,9339
4724,B,0.64140000000000008,1,6414
4725,A,2.0272999999999999,1,20273
4725,B,0.7974,0,7974
4726,A,1.0197000000000001,1,10197
4726,B,3.4488000000000003,0,34488
4727,A,0.9869,0,9869
4727,B,2.7895000000000003,1,27895
4728,A,0.39319999999999999,1,3932
4728,B,2.7214,0,27214
4729,A,1.8825000000000001,1,18825
4729,B,1.7568000000000001,0,17568
4730,A,0.53239999999999998,0,5324
4730,B,2.3156000000000003,1,23156
4731,A,0.96060000000000001,1,9606
4731,B,1.0876000000000001,0,10876
4732,A,0.65090000000000003,1,6509
4732,B,0.28260000000000002,0,2826
4733,A,0.5534,1,5534
4733,B,0.187,0,1870
4734,A,0.87550000000000006,1,8755
4734,B,2.2270000000000003,1,22270
4735,A,0.4768,1,4768
4735,B,1.3421000000000001,0,13421
4736,A,0.99560000000000004,1,9956
4736,B,2.1629,0,21629
4737,A,0.71730000000000005,1,7173
4737,B,0.93970000000000009,0,9397
4738,A,0.35630000000000001,1,3563
4738,B,0.126,0,1260
4739,A,0.54160000000000008,1,5416
4739,B,2.3458000000000001,0,23458
4740,A,0.43980000000000002,1,4398
4740,B,0.63119999999999998,0,6312
4741,A,0.84560000000000002,1,8456
4741,B,0.57390000000000008,0,5739
4742,A,0.65310000000000001,1,6531
4742,B,1.2229000000000001,0,12229
4743,A,1.0522,1,10522
4743,B,1.1514,0,11514
4744,A,0.74609999999999999,1,7461
4744,B,1.3612,1,13612
4745,A,1.0704,1,10704
4745,B,0.83330000000000004,0,8333
4746,A,0.44110000000000005,1,4411
4746,B,2.9239999999999999,1,29240
4747,A,0.3639,1,3639
4747,B,0.31520000000000004,0,3152
4748,A,1.0424,1,10424
4748,B,1.5288000000000002,1,15288
4749,A,0.79430000000000001,1,7943
4749,B,0.70779999999999998,1,7078
4750,A,1.0501,1,10501
4750,B,1.5115000000000001,0,15115
4751,A,0.48530000000000001,1,4853
4751,B,0.89330000000000009,1,8933
4752,A,0.35720000000000002,1,3572
4752,B,1.3632,0,13632
4753,A,0.73330000000000006,1,7333
4753,B,0.57410000000000005,0,5741
4754,A,0.45640000000000003,1,4564
4754,B,0.30499999999999999,0,3050
4755,A,1.2027000000000001,1,12027
4755,B,1.2634000000000001,0,12634
4756,A,2.1586000000000003,1,21586
4756,B,0.58610000000000007,0,5861
4757,A,0.40490000000000004,1,4049
4757,B,0.43720000000000003,0,4372
4758,A,1.9517,1,19517
4758,B,0.42570000000000002,0,4257
4759,A,0.62880000000000003,1,6288
4759,B,2.6362000000000001,0,26362
4760,A,0.33030000000000004,1,3303
4760,B,1.0880000000000001,0,10880
4761,A,0.2336,0,2336
4761,B,1.4574,0,14574
4762,A,1.4037000000000002,1,14037
4762,B,0.37130000000000002,0,3713
4763,A,1.1512,1,11512
4763,B,1.0654000000000001,0,10654
4764,A,0.7964,1,7964
4764,B,0.91360000000000008,0,9136
4765,A,0.77570000000000006,1,7757
4765,B,0.59100000000000008,0,5910
4766,A,0.66900000000000004,1,6690
4766,B,0.84410000000000007,0,8441
4767,A,1.3336000000000001,1,13336
4767,B,0.80290000000000006,0,8029
4768,A,1.1167,1,11167
4768,B,0.53200000000000003,0,5320
4769,A,0.53190000000000004,1,5319
4769,B,0.27030000000000004,0,2703
4770,A,0.66639999999999999,1,6664
4770,B,1.1268,0,11268
4771,A,0.49050000000000005,1,4905
4771,B,0.3906,0,3906
4772,A,0.72050000000000003,1,7205
4772,B,2.6784000000000003,0,26784
4773,A,1.9761000000000002,1,19761
4773,B,2.3054000000000001,0,23054
4774,A,0.49100000000000005,1,4910
4774,B,0.29010000000000002,0,2901
4775,A,0.76740000000000008,1,7674
4775,B,0.41220000000000001,1,4122
4776,A,0.4047,1,4047
4776,B,1.107,0,11070
4777,A,0.85189999999999999,1,8519
4777,B,0.82350000000000001,0,8235
4778,A,0.92620000000000002,1,9262
4778,B,0.62440000000000007,0,6244
4779,A,0.99040000000000006,1,9904
4779,B,0.37270000000000003,0,3727
4780,A,0.73780000000000001,1,7378
4780,B,1.0258,0,10258
4781,A,0.62570000000000003,1,6257
4781,B,3.1640000000000001,1,31640
4782,A,0.36280000000000001,0,3628
4782,B,0.37110000000000004,0,3711
4783,A,0.35680000000000001,1,3568
4783,B,1.2683,1,12683
4784,A,0.82330000000000003,1,8233
4784,B,0.81620000000000004,0,8162
4785,A,0.55720000000000003,1,5572
4785,B,0.27960000000000002,0,2796
4786,A,0.68090000000000006,1,6809
4786,B,1.1363000000000001,0,11363
4787,A,0.31309999999999999,1,3131
4787,B,1.1549,1,11549
4788,A,0.76740000000000008,1,7674
4788,B,2.6619000000000002,0,26619
4789,A,0.68890000000000007,1,6889
4789,B,0.48040000000000005,0,4804
4790,A,0.76530000000000009,0,7653
4790,B,1.9320000000000002,1,19320
4791,A,0.75430000000000008,1,7543
4791,B,0.90510000000000002,0,9051
4792,A,0.4602,1,4602
4792,B,0.19600000000000001,0,1960
4793,A,0.43940000000000001,1,4394
4793,B,2.4931000000000001,0,24931
4794,A,0.47490000000000004,1,4749
4794,B,4.8511000000000006,0,48511
4795,A,0.39700000000000002,1,3970
4795,B,0.2366,0,2366
4796,A,0.90750000000000008,1,9075
4796,B,1.5232000000000001,1,15232
4797,A,0.43840000000000001,1,4384
4797,B,0.47800000000000004,1,4780
4798,A,0.38900000000000001,1,3890
4798,B,0.80500000000000005,1,8050
4799,A,1.2310000000000001,1,12310
4799,B,2.7242999999999999,0,27243
4800,A,0.73240000000000005,1,7324
4800,B,1.0266,1,10266
4801,A,0.58920000000000006,1,5892
4801,B,0.46540000000000004,1,4654
4802,A,0.29670000000000002,1,2967
4802,B,1.4078000000000002,0,14078
4803,A,1.1747000000000001,1,11747
4803,B,0.40660000000000002,0,4066
4804,A,0.48000000000000004,1,4800
4804,B,2.1456,1,21456
4805,A,0.90290000000000004,1,9029
4805,B,2.0577000000000001,0,20577
4806,A,0.52850000000000008,1,5285
4806,B,0.36599999999999999,0,3660
4807,A,0.81900000000000006,1,8190
4807,B,1.9127000000000001,1,19127
4808,A,0.53129999999999999,1,5313
4808,B,0.29160000000000003,0,2916
4809,A,0.58020000000000005,1,5802
4809,B,0.30320000000000003,0,3032
4810,A,0.45810000000000001,1,4581
4810,B,1.3433000000000002,0,13433
4811,A,0.61099999999999999,1,6110
4811,B,1.7697000000000001,1,17697
4812,A,0.74750000000000005,1,7475
4812,B,1.7134,0,17134
4813,A,0.75950000000000006,1,7595
4813,B,0.78690000000000004,1,7869
4814,A,0.71140000000000003,1,7114
4814,B,1.9759,0,19759
4815,A,0.73350000000000004,1,7335
4815,B,0.70250000000000001,0,7025
4816,A,0.26319999999999999,1,2632
4816,B,1.2468000000000001,1,12468
4817,A,0.38880000000000003,1,3888
4817,B,0.38090000000000002,0,3809
4818,A,0.88850000000000007,1,8885
4818,B,1.6164000000000001,1,16164
4819,A,0.374,1,3740
4819,B,0.72760000000000002,0,7276
4820,A,0.29430000000000001,1,2943
4820,B,0.71179999999999999,1,7118
4821,A,0.6784,1,6784
4821,B,0.4229,0,4229
4822,A,1.1061000000000001,1,11061
4822,B,2.6259000000000001,1,26259
4823,A,0.98060000000000003,1,9806
4823,B,1.1794,0,11794
4824,A,0.77490000000000003,1,7749
4824,B,0.90860000000000007,0,9086
4825,A,0.78360000000000007,1,7836
4825,B,1.2466000000000002,0,12466
4826,A,0.35670000000000002,1,3567
4826,B,0.74409999999999998,0,7441
4827,A,0.44630000000000003,1,4463
4827,B,0.13159999999999999,0,1316
4828,A,1.3575000000000002,1,13575
4828,B,2.4613,0,24613
4829,A,1.0209000000000001,1,10209
4829,B,0.32540000000000002,0,3254
4830,A,0.64319999999999999,1,6432
4830,B,0.29320000000000002,0,2932
4831,A,1.0788,1,10788
4831,B,0.54320000000000002,0,5432
4832,A,0.86810000000000009,1,8681
4832,B,2.5634000000000001,0,25634
4833,A,0.52880000000000005,1,5288
4833,B,0.50919999999999999,0,5092
4834,A,0.89160000000000006,1,8916
4834,B,1.3354000000000001,1,13354
4835,A,1.0051000000000001,1,10051
4835,B,2.8721000000000001,0,28721
4836,A,0.75390000000000001,1,7539
4836,B,4.7385999999999999,0,47386
4837,A,0.57190000000000007,1,5719
4837,B,1.4040000000000001,0,14040
4838,A,0.67370000000000008,1,6737
4838,B,0.65580000000000005,0,6558
4839,A,0.32700000000000001,0,3270
4839,B,2.5865,1,25865
4840,A,0.435,1,4350
4840,B,1.3393000000000002,0,13393
4841,A,0.64470000000000005,1,6447
4841,B,0.41400000000000003,0,4140
4842,A,2.0180000000000002,1,20180
4842,B,2.1930000000000001,1,21930
4843,A,0.87240000000000006,1,8724
4843,B,0.78610000000000002,0,7861
4844,A,1.9180000000000001,1,19180
4844,B,0.40640000000000004,0,4064
4845,A,1.278,1,12780
4845,B,0.36220000000000002,0,3622
4846,A,0.79990000000000006,1,7999
4846,B,0.76280000000000003,0,7628
4847,A,0.54900000000000004,1,5490
4847,B,0.53680000000000005,0,5368
4848,A,0.54449999999999998,1,5445
4848,B,1.3164,1,13164
4849,A,0.62250000000000005,1,6225
4849,B,1.0281,0,10281
4850,A,0.67680000000000007,1,6768
4850,B,1.5954000000000002,1,15954
4851,A,1.0722,1,10722
4851,B,0.62709999999999999,0,6271
4852,A,0.6895,1,6895
4852,B,3.1351,1,31351
4853,A,0.55990000000000006,1,5599
4853,B,1.8696000000000002,0,18696
4854,A,0.60850000000000004,1,6085
4854,B,0.46590000000000004,0,4659
4855,A,0.77170000000000005,1,7717
4855,B,2.3604000000000003,0,23604
4856,A,0.62360000000000004,1,6236
4856,B,1.2869000000000002,0,12869
4857,A,0.99820000000000009,1,9982
4857,B,0.38670000000000004,0,3867
4858,A,0.66860000000000008,1,6686
4858,B,1.79,0,17900
4859,A,1.0931999999999999,1,10932
4859,B,1.9457,1,19457
4860,A,0.60980000000000001,1,6098
4860,B,1.5363,0,15363
4861,A,0.71450000000000002,1,7145
4861,B,0.58440000000000003,1,5844
4862,A,0.41370000000000001,1,4137
4862,B,1.8192000000000002,1,18192
4863,A,0.73240000000000005,1,7324
4863,B,1.6794,0,16794
4864,A,2.2063000000000001,1,22063
4864,B,1.1759000000000002,0,11759
4865,A,1.0294000000000001,1,10294
4865,B,0.3019,0,3019
4866,A,0.39690000000000003,1,3969
4866,B,0.33310000000000001,0,3331
4867,A,0.40970000000000001,1,4097
4867,B,0.58020000000000005,0,5802
4868,A,1.1294999999999999,1,11295
4868,B,0.94740000000000002,0,9474
4869,A,0.88640000000000008,1,8864
4869,B,0.85330000000000006,0,8533
4870,A,1.0122,1,10122
4870,B,1.0127000000000002,0,10127
4871,A,0.60530000000000006,1,6053
4871,B,1.4231,1,14231
4872,A,1.0313000000000001,0,10313
4872,B,0.56680000000000008,0,5668
4873,A,2.3565,1,23565
4873,B,1.4528000000000001,1,14528
4874,A,0.64729999999999999,1,6473
4874,B,0.56200000000000006,0,5620
4875,A,1.1135000000000002,1,11135
4875,B,0.15430000000000002,0,1543
4876,A,0.71010000000000006,1,7101
4876,B,0.94610000000000005,0,9461
4877,A,0.49940000000000001,1,4994
4877,B,1.0543,0,10543
4878,A,0.90710000000000002,1,9071
4878,B,0.43099999999999999,0,4310
4879,A,0.79210000000000003,1,7921
4879,B,0.51870000000000005,1,5187
4880,A,1.26,1,12600
4880,B,2.129,0,21290
4881,A,0.73150000000000004,1,7315
4881,B,0.72699999999999998,0,7270
4882,A,1.1649,1,11649
4882,B,0.32919999999999999,0,3292
4883,A,0.217,0,2170
4883,B,1.1568000000000001,0,11568
4884,A,0.45400000000000001,1,4540
4884,B,1.4805000000000001,1,14805
4885,A,0.253,1,2530
4885,B,0.55569999999999997,1,5557
4886,A,1.1102000000000001,1,11102
4886,B,0.20140000000000002,0,2014
4887,A,1.7952000000000001,1,17952
4887,B,3.0220000000000002,0,30220
4888,A,0.43130000000000002,1,4313
4888,B,1.4245000000000001,0,14245
4889,A,2.7229000000000001,1,27229
4889,B,1.0405,0,10405
4890,A,0.2994,1,2994
4890,B,0.28870000000000001,0,2887
4891,A,0.52880000000000005,1,5288
4891,B,1.1081000000000001,1,11081
4892,A,0.36570000000000003,1,3657
4892,B,1.3241000000000001,1,13241
4893,A,1.1664000000000001,1,11664
4893,B,1.5017,1,15017
4894,A,1.0814000000000001,1,10814
4894,B,0.65550000000000008,0,6555
4895,A,0.92480000000000007,1,9248
4895,B,0.74470000000000003,1,7447
4896,A,0.57130000000000003,1,5713
4896,B,0.1444,0,1444
4897,A,1.1237000000000001,1,11237
4897,B,4.9449000000000005,0,49449
4898,A,0.85200000000000009,1,8520
4898,B,0.9506,1,9506
4899,A,0.89280000000000004,1,8928
4899,B,0.96420000000000006,1,9642
4900,A,1.1079000000000001,1,11079
4900,B,0.3327,0,3327
4901,A,0.46900000000000003,1,4690
4901,B,1.1509,0,11509
4902,A,0.32669999999999999,1,3267
4902,B,0.68730000000000002,0,6873
4903,A,0.78210000000000002,1,7821
4903,B,0.52070000000000005,0,5207
4904,A,1.6826000000000001,1,16826
4904,B,0.74440000000000006,0,7444
4905,A,0.5554,1,5554
4905,B,0.96890000000000009,0,9689
4906,A,0.66560000000000008,1,6656
4906,B,1.0241,0,10241
4907,A,0.69390000000000007,1,6939
4907,B,1.7866000000000002,0,17866
4908,A,0.61930000000000007,1,6193
4908,B,0.24650000000000002,0,2465
4909,A,1.1137000000000001,1,11137
4909,B,0.53300000000000003,1,5330
4910,A,1.2334000000000001,1,12334
4910,B,0.83730000000000004,1,8373
4911,A,0.95410000000000006,1,9541
4911,B,6.3643000000000001,0,63643
4912,A,1.0374000000000001,1,10374
4912,B,1.3840000000000001,0,13840
4913,A,1.3821000000000001,1,13821
4913,B,0.34570000000000001,0,3457
4914,A,1.1874,1,11874
4914,B,0.12390000000000001,0,1239
4915,A,1.5854000000000001,1,15854
4915,B,1.9886000000000001,1,19886
4916,A,1.8473000000000002,1,18473
4916,B,0.73310000000000008,0,7331
4917,A,1.1705000000000001,1,11705
4917,B,2.5683000000000002,0,25683
4918,A,0.48710000000000003,1,4871
4918,B,0.67280000000000006,0,6728
4919,A,0.68869999999999998,1,6887
4919,B,0.70720000000000005,0,7072
4920,A,0.47220000000000001,1,4722
4920,B,0.22370000000000001,0,2237
4921,A,0.78380000000000005,1,7838
4921,B,0.31390000000000001,0,3139
4922,A,0.47770000000000001,1,4777
4922,B,0.50919999999999999,0,5092
4923,A,0.37870000000000004,0,3787
4923,B,0.95650000000000002,0,9565
4924,A,0.79530000000000001,1,7953
4924,B,1.0895000000000001,0,10895
4925,A,0.50600000000000001,1,5060
4925,B,1.3434000000000001,1,13434
4926,A,1.7896000000000001,1,17896
4926,B,0.67320000000000002,0,6732
4927,A,0.55259999999999998,1,5526
4927,B,2.3207,0,23207
4928,A,0.93340000000000001,1,9334
4928,B,0.59189999999999998,0,5919
4929,A,1.1351,1,11351
4929,B,0.48410000000000003,0,4841
4930,A,0.73960000000000004,1,7396
4930,B,0.74690000000000001,0,7469
4931,A,0.56459999999999999,1,5646
4931,B,2.1309,0,21309
4932,A,0.44940000000000002,1,4494
4932,B,0.096500000000000002,0,965
4933,A,0.25570000000000004,1,2557
4933,B,0.43930000000000002,0,4393
4934,A,0.55890000000000006,1,5589
4934,B,0.70579999999999998,1,7058
4935,A,0.30260000000000004,1,3026
4935,B,1.1456,0,11456
4936,A,0.41460000000000002,1,4146
4936,B,0.40750000000000003,0,4075
4937,A,1.0994000000000002,1,10994
4937,B,1.1259000000000001,1,11259
4938,A,0.61260000000000003,1,6126
4938,B,0.42949999999999999,0,4295
4939,A,0.38630000000000003,1,3863
4939,B,0.71710000000000007,1,7171
4940,A,0.41050000000000003,1,4105
4940,B,0.4743,0,4743
4941,A,1.0925,1,10925
4941,B,1.0882000000000001,0,10882
4942,A,0.35039999999999999,0,3504
4942,B,0.14980000000000002,0,1498
4943,A,0.53060000000000007,1,5306
4943,B,2.4756,1,24756
4944,A,1.0246999999999999,1,10247
4944,B,1.4999,0,14999
4945,A,1.3529,1,13529
4945,B,0.49440000000000001,0,4944
4946,A,0.66839999999999999,1,6684
4946,B,0.37659999999999999,0,3766
4947,A,0.72050000000000003,1,7205
4947,B,1.1025,0,11025
4948,A,0.40950000000000003,1,4095
4948,B,0.95630000000000004,0,9563
4949,A,0.98930000000000007,1,9893
4949,B,0.3624,0,3624
4950,A,0.4501,1,4501
4950,B,0.29470000000000002,0,2947
4951,A,0.33740000000000003,1,3374
4951,B,0.24690000000000001,0,2469
4952,A,0.996,1,9960
4952,B,0.34260000000000002,0,3426
4953,A,1.1115000000000002,1,11115
4953,B,0.37510000000000004,0,3751
4954,A,0.52050000000000007,1,5205
4954,B,0.36130000000000001,0,3613
4955,A,1.4763000000000002,1,14763
4955,B,0.36270000000000002,0,3627
4956,A,0.97730000000000006,1,9773
4956,B,0.2848,0,2848
4957,A,0.83350000000000002,1,8335
4957,B,1.6547000000000001,1,16547
4958,A,0.96160000000000001,1,9616
4958,B,1.1093,0,11093
4959,A,1.5862000000000001,1,15862
4959,B,0.91300000000000003,0,9130
4960,A,1.0078,1,10078
4960,B,2.9978000000000002,1,29978
4961,A,0.30049999999999999,1,3005
4961,B,0.28160000000000002,0,2816
4962,A,0.63170000000000004,1,6317
4962,B,0.54590000000000005,0,5459
4963,A,0.25359999999999999,0,2536
4963,B,0.52929999999999999,0,5293
4964,A,1.0593000000000001,1,10593
4964,B,0.85880000000000001,1,8588
4965,A,0.38280000000000003,1,3828
4965,B,1.78,1,17800
4966,A,1.4122000000000001,1,14122
4966,B,0.1794,0,1794
4967,A,1.1001000000000001,1,11001
4967,B,1.5269000000000001,1,15269
4968,A,0.59279999999999999,1,5928
4968,B,3.3255000000000003,0,33255
4969,A,1.3422000000000001,1,13422
4969,B,1.1449,0,11449
4970,A,1.1151,1,11151
4970,B,1.2035,1,12035
4971,A,0.87820000000000009,1,8782
4971,B,0.40160000000000001,0,4016
4972,A,1.4371,1,14371
4972,B,1.5058,0,15058
4973,A,1.3909,1,13909
4973,B,0.80360000000000009,1,8036
4974,A,0.44430000000000003,1,4443
4974,B,3.3021000000000003,1,33021
4975,A,0.51360000000000006,1,5136
4975,B,1.4432,1,14432
4976,A,0.49690000000000001,1,4969
4976,B,1.0617000000000001,1,10617
4977,A,2.1516999999999999,1,21517
4977,B,4.1438000000000006,1,41438
4978,A,0.69580000000000009,1,6958
4978,B,0.66060000000000008,0,6606
4979,A,0.6462,1,6462
4979,B,0.255,0,2550
4980,A,0.88120000000000009,1,8812
4980,B,1.3373000000000002,1,13373
4981,A,0.50490000000000002,0,5049
4981,B,3.3046000000000002,0,33046
4982,A,0.43820000000000003,1,4382
4982,B,0.43930000000000002,0,4393
4983,A,1.073,1,10730
4983,B,0.97500000000000009,0,9750
4984,A,0.83720000000000006,1,8372
4984,B,0.9526,0,9526
4985,A,0.72040000000000004,1,7204
4985,B,0.75240000000000007,0,7524
4986,A,1.121,1,11210
4986,B,2.9132000000000002,1,29132
4987,A,0.72410000000000008,1,7241
4987,B,0.84250000000000003,1,8425
4988,A,1.1534,1,11534
4988,B,0.38250000000000001,0,3825
4989,A,0.2298,1,2298
4989,B,2.1983999999999999,1,21984
4990,A,0.42110000000000003,1,4211
4990,B,1.4926000000000001,0,14926
4991,A,0.8044,1,8044
4991,B,0.35470000000000002,0,3547
4992,A,0.44950000000000001,1,4495
4992,B,0.19690000000000002,0,1969
4993,A,1.0755000000000001,1,10755
4993,B,1.0453000000000001,1,10453
4994,A,0.8367,1,8367
4994,B,0.4108,0,4108
4995,A,1.1146,1,11146
4995,B,0.47560000000000002,0,4756
4996,A,0.51340000000000008,1,5134
4996,B,2.4111000000000002,1,24111
4997,A,0.93800000000000006,1,9380
4997,B,1.7470000000000001,0,17470
4998,A,0.65350000000000008,1,6535
4998,B,0.43780000000000002,0,4378
4999,A,1.1693,1,11693
4999,B,0.4778,0,4778
5000,A,0.51910000000000001,1,5191
5000,B,0.43380000000000002,0,4338
5001,A,0.33240000000000003,1,3324
5001,B,2.1948000000000003,1,21948
5002,A,0.65580000000000005,1,6558
5002,B,0.53170000000000006,1,5317
5003,A,0.63670000000000004,1,6367
5003,B,0.69140000000000001,0,6914
5004,A,0.8367,0,8367
5004,B,1.1343000000000001,0,11343
5005,A,0.61560000000000004,1,6156
5005,B,0.28489999999999999,0,2849
5006,A,0.76790000000000003,1,7679
5006,B,0.27940000000000004,0,2794
5007,A,0.75740000000000007,1,7574
5007,B,1.9585000000000001,1,19585
5008,A,0.54870000000000008,1,5487
5008,B,1.0011000000000001,0,10011
5009,A,0.59620000000000006,1,5962
5009,B,2.0418000000000003,1,20418
5010,A,1.6528,1,16528
5010,B,0.80670000000000008,1,8067
5011,A,0.29700000000000004,1,2970
5011,B,0.41450000000000004,0,4145
5012,A,0.67930000000000001,1,6793
5012,B,0.42810000000000004,0,4281
5013,A,0.69850000000000001,1,6985
5013,B,0.63880000000000003,0,6388
5014,A,0.37230000000000002,1,3723
5014,B,1.1565000000000001,1,11565
5015,A,0.72440000000000004,1,7244
5015,B,1.5389000000000002,1,15389
5016,A,0.46330000000000005,1,4633
5016,B,0.54420000000000002,0,5442
5017,A,0.77960000000000007,1,7796
5017,B,0.72650000000000003,0,7265
5018,A,1.5492000000000001,1,15492
5018,B,1.6327,1,16327
5019,A,0.1555,0,1555
5019,B,0.83000000000000007,1,8300
5020,A,1.0732000000000002,1,10732
5020,B,0.63390000000000002,0,6339
5021,A,0.74490000000000001,1,7449
5021,B,1.5894000000000001,1,15894
5022,A,0.37840000000000001,1,3784
5022,B,0.45530000000000004,0,4553
5023,A,1.1431,1,11431
5023,B,0.28010000000000002,0,2801
5024,A,0.70730000000000004,1,7073
5024,B,3.7198000000000002,1,37198
5025,A,0.79800000000000004,1,7980
5025,B,2.5749,0,25749
5026,A,2.1358999999999999,1,21359
5026,B,0.16020000000000001,0,1602
5027,A,1.4154,1,14154
5027,B,3.0829,0,30829
5028,A,0.67859999999999998,1,6786
5028,B,0.40240000000000004,0,4024
5029,A,0.40870000000000001,1,4087
5029,B,0.11180000000000001,0,1118
5030,A,0.86080000000000001,1,8608
5030,B,2.3285,1,23285
5031,A,1.0514000000000001,1,10514
5031,B,0.42480000000000001,0,4248
5032,A,1.0407,1,10407
5032,B,0.99010000000000009,0,9901
5033,A,0.80910000000000004,1,8091
5033,B,0.90580000000000005,0,9058
5034,A,0.49340000000000001,1,4934
5034,B,1.4097000000000002,0,14097
5035,A,0.65470000000000006,1,6547
5035,B,1.5216000000000001,1,15216
5036,A,2.0706000000000002,1,20706
5036,B,1.0515000000000001,0,10515
5037,A,0.50900000000000001,1,5090
5037,B,1.2542,1,12542
5038,A,0.73880000000000001,1,7388
5038,B,2.1301000000000001,0,21301
5039,A,0.46580000000000005,1,4658
5039,B,0.61299999999999999,1,6130
5040,A,0.58979999999999999,1,5898
5040,B,0.58350000000000002,0,5835
5041,A,0.86740000000000006,1,8674
5041,B,2.4414000000000002,0,24414
5042,A,1.0091000000000001,1,10091
5042,B,2.1955,0,21955
5043,A,0.80480000000000007,1,8048
5043,B,2.7032000000000003,0,27032
5044,A,1.2907,1,12907
5044,B,2.9079999999999999,0,29080
5045,A,0.62009999999999998,1,6201
5045,B,0.53810000000000002,0,5381
5046,A,0.63770000000000004,0,6377
5046,B,0.61620000000000008,0,6162
5047,A,1.1464000000000001,1,11464
5047,B,1.4766000000000001,0,14766
5048,A,0.75240000000000007,1,7524
5048,B,1.6098000000000001,0,16098
5049,A,0.308,0,3080
5049,B,2.4393000000000002,1,24393
5050,A,0.79210000000000003,1,7921
5050,B,0.4451,0,4451
5051,A,0.59050000000000002,1,5905
5051,B,2.7169000000000003,1,27169
5052,A,0.75050000000000006,1,7505
5052,B,1.0052000000000001,0,10052
5053,A,0.47260000000000002,1,4726
5053,B,0.2485,0,2485
5054,A,0.74909999999999999,1,7491
5054,B,3.2862,0,32862
5055,A,0.52960000000000007,1,5296
5055,B,3.1233,0,31233
5056,A,0.53490000000000004,1,5349
5056,B,0.73610000000000009,0,7361
5057,A,0.30199999999999999,1,3020
5057,B,1.3197000000000001,1,13197
5058,A,1.9227000000000001,1,19227
5058,B,1.2167000000000001,0,12167
5059,A,0.7248,1,7248
5059,B,0.4708,0,4708
5060,A,0.30410000000000004,1,3041
5060,B,0.69800000000000006,0,6980
5061,A,0.65360000000000007,1,6536
5061,B,1.7021000000000002,0,17021
5062,A,0.67400000000000004,1,6740
5062,B,0.1429,0,1429
5063,A,0.30370000000000003,1,3037
5063,B,0.46690000000000004,0,4669
5064,A,0.48810000000000003,1,4881
5064,B,0.4168,0,4168
5065,A,2.754,1,27540
5065,B,1.0474000000000001,0,10474
5066,A,1.0048000000000001,1,10048
5066,B,1.6195000000000002,0,16195
5067,A,1.1811,1,11811
5067,B,1.0226999999999999,1,10227
5068,A,0.53690000000000004,0,5369
5068,B,1.9043000000000001,0,19043
5069,A,0.64350000000000007,1,6435
5069,B,1.5149000000000001,0,15149
5070,A,0.88530000000000009,1,8853
5070,B,0.2467,0,2467
5071,A,0.55349999999999999,1,5535
5071,B,1.3211000000000002,1,13211
5072,A,0.3876,1,3876
5072,B,0.58040000000000003,0,5804
5073,A,0.79430000000000001,1,7943
5073,B,0.20400000000000001,0,2040
5074,A,0.80410000000000004,1,8041
5074,B,0.24790000000000001,0,2479
5075,A,0.31880000000000003,1,3188
5075,B,1.7503000000000002,1,17503
5076,A,0.67420000000000002,1,6742
5076,B,1.2035,1,12035
5077,A,0.74250000000000005,1,7425
5077,B,0.66149999999999998,0,6615
5078,A,0.8327,1,8327
5078,B,4.4241999999999999,1,44242
5079,A,1.6635,1,16635
5079,B,1.3812,1,13812
5080,A,0.78770000000000007,1,7877
5080,B,1.5755000000000001,1,15755
5081,A,0.80349999999999999,1,8035
5081,B,0.81110000000000004,1,8111
5082,A,1.2657,1,12657
5082,B,0.49590000000000001,1,4959
5083,A,0.85040000000000004,1,8504
5083,B,1.8707,0,18707
5084,A,0.49390000000000001,1,4939
5084,B,1.2239,0,12239
5085,A,0.57800000000000007,1,5780
5085,B,3.9718,0,39718
5086,A,0.6825,1,6825
5086,B,0.67449999999999999,1,6745
5087,A,1.6086,1,16086
5087,B,0.48520000000000002,0,4852
5088,A,0.54070000000000007,1,5407
5088,B,2.3576999999999999,0,23577
5089,A,0.36170000000000002,1,3617
5089,B,0.71090000000000009,1,7109
5090,A,1.1942000000000002,1,11942
5090,B,1.0379,1,10379
5091,A,0.31090000000000001,1,3109
5091,B,4.2945000000000002,1,42945
5092,A,1.294,1,12940
5092,B,1.4013,1,14013
5093,A,1.0710999999999999,1,10711
5093,B,0.6371,0,6371
5094,A,1.5532000000000001,0,15532
5094,B,0.55449999999999999,0,5545
5095,A,0.98080000000000001,1,9808
5095,B,0.81530000000000002,0,8153
5096,A,0.83130000000000004,1,8313
5096,B,1.4171,0,14171
5097,A,1.1093,1,11093
5097,B,0.50140000000000007,0,5014
5098,A,0.9839,1,9839
5098,B,0.82310000000000005,0,8231
5099,A,1.365,1,13650
5099,B,1.4633,0,14633
5100,A,0.73270000000000002,1,7327
5100,B,1.1080000000000001,1,11080
5101,A,0.54200000000000004,0,5420
5101,B,0.1804,0,1804
5102,A,0.91460000000000008,1,9146
5102,B,2.6038000000000001,0,26038
5103,A,3.2377000000000002,1,32377
5103,B,0.61360000000000003,0,6136
5104,A,1.2237,1,12237
5104,B,0.80200000000000005,0,8020
5105,A,1.7739,1,17739
5105,B,0.87220000000000009,1,8722
5106,A,0.53349999999999997,1,5335
5106,B,2.1001000000000003,0,21001
5107,A,0.497,1,4970
5107,B,0.79700000000000004,1,7970
5108,A,1.0028000000000001,1,10028
5108,B,1.5459000000000001,1,15459
5109,A,0.86350000000000005,1,8635
5109,B,1.4020000000000001,0,14020
5110,A,0.64570000000000005,1,6457
5110,B,1.0263,1,10263
5111,A,0.83620000000000005,1,8362
5111,B,1.6258000000000001,0,16258
5112,A,1.1726000000000001,1,11726
5112,B,0.74030000000000007,0,7403
5113,A,0.432,1,4320
5113,B,1.2628000000000001,0,12628
5114,A,0.745,1,7450
5114,B,1.5065000000000002,0,15065
5115,A,1.7598,1,17598
5115,B,2.0294000000000003,1,20294
5116,A,0.55480000000000007,1,5548
5116,B,1.3458000000000001,1,13458
5117,A,0.84390000000000009,1,8439
5117,B,0.7359,1,7359
5118,A,0.47820000000000001,1,4782
5118,B,0.66780000000000006,0,6678
5119,A,0.74360000000000004,1,7436
5119,B,0.65370000000000006,0,6537
5120,A,0.68800000000000006,1,6880
5120,B,1.8839000000000001,1,18839
5121,A,0.69340000000000002,1,6934
5121,B,0.43630000000000002,0,4363
5122,A,1.1200000000000001,1,11200
5122,B,2.9955000000000003,1,29955
5123,A,0.68890000000000007,1,6889
5123,B,0.60030000000000006,0,6003
5124,A,0.71550000000000002,1,7155
5124,B,4.2174000000000005,0,42174
5125,A,1.3332000000000002,1,13332
5125,B,0.622,0,6220
5126,A,1.1874,1,11874
5126,B,1.2665,0,12665
5127,A,0.2777,1,2777
5127,B,1.4751000000000001,0,14751
5128,A,0.3382,1,3382
5128,B,0.53370000000000006,0,5337
5129,A,0.60440000000000005,1,6044
5129,B,0.26350000000000001,0,2635
5130,A,0.5353,1,5353
5130,B,0.65400000000000003,0,6540
5131,A,0.89080000000000004,1,8908
5131,B,3.1518000000000002,1,31518
5132,A,0.52510000000000001,1,5251
5132,B,1.1922000000000001,1,11922
5133,A,0.6744,1,6744
5133,B,2.4537,1,24537
5134,A,1.2338,1,12338
5134,B,0.317,0,3170
5135,A,0.58789999999999998,1,5879
5135,B,0.12620000000000001,0,1262
5136,A,0.38950000000000001,1,3895
5136,B,0.25890000000000002,0,2589
5137,A,0.50819999999999999,1,5082
5137,B,0.50170000000000003,0,5017
5138,A,0.62360000000000004,1,6236
5138,B,3.8447,0,38447
5139,A,0.78620000000000001,1,7862
5139,B,2.9104000000000001,0,29104
5140,A,0.31830000000000003,1,3183
5140,B,0.85020000000000007,0,8502
5141,A,0.89940000000000009,1,8994
5141,B,0.1656,0,1656
5142,A,0.35539999999999999,1,3554
5142,B,1.2764,0,12764
5143,A,0.62390000000000001,1,6239
5143,B,0.75090000000000001,1,7509
5144,A,0.73430000000000006,1,7343
5144,B,0.502,0,5020
5145,A,0.40540000000000004,1,4054
5145,B,0.71090000000000009,0,7109
5146,A,0.78260000000000007,1,7826
5146,B,0.39960000000000001,0,3996
5147,A,0.67270000000000008,1,6727
5147,B,1.4111,0,14111
5148,A,0.95820000000000005,1,9582
5148,B,0.56590000000000007,1,5659
5149,A,0.93300000000000005,1,9330
5149,B,0.63,0,6300
5150,A,0.28150000000000003,1,2815
5150,B,0.26269999999999999,0,2627
5151,A,0.82280000000000009,1,8228
5151,B,0.19010000000000002,0,1901
5152,A,0.56600000000000006,1,5660
5152,B,0.96750000000000003,1,9675
5153,A,1.6867000000000001,1,16867
5153,B,0.33100000000000002,0,3310
5154,A,1.0032000000000001,1,10032
5154,B,0.19310000000000002,0,1931
5155,A,0.44190000000000002,1,4419
5155,B,0.55100000000000005,1,5510
5156,A,1.4359000000000002,1,14359
5156,B,1.2294,1,12294
5157,A,0.47910000000000003,1,4791
5157,B,0.57069999999999999,0,5707
5158,A,0.61940000000000006,1,6194
5158,B,1.208,0,12080
5159,A,0.94510000000000005,1,9451
5159,B,1.5369000000000002,1,15369
5160,A,0.79470000000000007,1,7947
5160,B,0.84530000000000005,0,8453
5161,A,0.78770000000000007,1,7877
5161,B,0.67300000000000004,0,6730
5162,A,0.44309999999999999,1,4431
5162,B,0.7712,0,7712
5163,A,0.38070000000000004,1,3807
5163,B,1.1202000000000001,1,11202
5164,A,2.5887000000000002,1,25887
5164,B,1.2496,1,12496
5165,A,0.73420000000000007,1,7342
5165,B,0.14850000000000002,0,1485
5166,A,1.3661000000000001,1,13661
5166,B,1.6597000000000002,0,16597
5167,A,0.61299999999999999,1,6130
5167,B,1.3002,0,13002
5168,A,0.9647,1,9647
5168,B,0.32280000000000003,0,3228
5169,A,0.67690000000000006,1,6769
5169,B,2.1064000000000003,1,21064
5170,A,0.77029999999999998,1,7703
5170,B,2.0286,1,20286
5171,A,0.85130000000000006,1,8513
5171,B,1.6117000000000001,0,16117
5172,A,0.41200000000000003,1,4120
5172,B,1.5775000000000001,1,15775
5173,A,1.0241,1,10241
5173,B,0.62070000000000003,0,6207
5174,A,1.4517,1,14517
5174,B,1.0918000000000001,0,10918
5175,A,0.7631,1,7631
5175,B,0.89850000000000008,0,8985
5176,A,0.65029999999999999,1,6503
5176,B,0.39980000000000004,0,3998
5177,A,0.53290000000000004,1,5329
5177,B,1.0327999999999999,0,10328
5178,A,0.80859999999999999,1,8086
5178,B,0.38450000000000001,0,3845
5179,A,2.5331000000000001,1,25331
5179,B,0.75270000000000004,0,7527
5180,A,2.3927,1,23927
5180,B,1.1146,0,11146
5181,A,0.59420000000000006,1,5942
5181,B,0.55310000000000004,0,5531
5182,A,0.58500000000000008,1,5850
5182,B,0.59050000000000002,0,5905
5183,A,0.68240000000000001,1,6824
5183,B,0.85710000000000008,0,8571
5184,A,1.0744,1,10744
5184,B,0.3871,0,3871
5185,A,0.41250000000000003,1,4125
5185,B,0.075700000000000003,0,757
5186,A,0.60999999999999999,1,6100
5186,B,0.96860000000000002,0,9686
5187,A,0.68780000000000008,1,6878
5187,B,0.85650000000000004,0,8565
5188,A,0.54470000000000007,1,5447
5188,B,1.2991000000000001,1,12991
5189,A,0.91700000000000004,1,9170
5189,B,3.6580000000000004,1,36580
5190,A,0.63180000000000003,1,6318
5190,B,0.73480000000000001,1,7348
5191,A,0.32919999999999999,1,3292
5191,B,1.0063,1,10063
5192,A,0.58960000000000001,1,5896
5192,B,1.7989000000000002,1,17989
5193,A,0.53080000000000005,1,5308
5193,B,1.0899000000000001,0,10899
5194,A,1.0728,1,10728
5194,B,0.5454,0,5454
5195,A,1.8197000000000001,1,18197
5195,B,4.6392000000000007,0,46392
5196,A,0.43580000000000002,1,4358
5196,B,0.69380000000000008,1,6938
5197,A,0.45669999999999999,1,4567
5197,B,1.1214,0,11214
5198,A,0.68490000000000006,1,6849
5198,B,0.47700000000000004,0,4770
5199,A,1.9099000000000002,1,19099
5199,B,1.2467000000000001,0,12467
5200,A,0.41110000000000002,1,4111
5200,B,0.73620000000000008,1,7362
5201,A,0.49050000000000005,1,4905
5201,B,0.91770000000000007,0,9177
5202,A,0.69969999999999999,1,6997
5202,B,1.7677,1,17677
5203,A,0.95010000000000006,1,9501
5203,B,0.49460000000000004,0,4946
5204,A,0.78670000000000007,1,7867
5204,B,0.14650000000000002,0,1465
5205,A,0.4657,1,4657
5205,B,2.2503000000000002,0,22503
5206,A,0.66010000000000002,1,6601
5206,B,0.75,1,7500
5207,A,0.83820000000000006,1,8382
5207,B,1.5690000000000002,0,15690
5208,A,0.35770000000000002,1,3577
5208,B,0.55640000000000001,0,5564
5209,A,0.73380000000000001,1,7338
5209,B,1.1005,0,11005
5210,A,0.45370000000000005,1,4537
5210,B,0.63840000000000008,0,6384
5211,A,0.54610000000000003,1,5461
5211,B,0.8024,0,8024
5212,A,1.9497,1,19497
5212,B,0.28720000000000001,0,2872
5213,A,0.51480000000000004,1,5148
5213,B,1.3378000000000001,0,13378
5214,A,1.1604000000000001,1,11604
5214,B,1.3752,0,13752
5215,A,0.41820000000000002,1,4182
5215,B,3.8940000000000001,1,38940
5216,A,0.61370000000000002,1,6137
5216,B,1.2273000000000001,0,12273
5217,A,1.0215000000000001,1,10215
5217,B,0.33530000000000004,0,3353
5218,A,0.65580000000000005,1,6558
5218,B,0.36370000000000002,0,3637
5219,A,0.72930000000000006,1,7293
5219,B,0.42550000000000004,0,4255
5220,A,0.38620000000000004,1,3862
5220,B,1.2154,0,12154
5221,A,0.75470000000000004,1,7547
5221,B,0.36660000000000004,0,3666
5222,A,0.42100000000000004,1,4210
5222,B,2.0026000000000002,1,20026
5223,A,1.2884,1,12884
5223,B,1.5654000000000001,1,15654
5224,A,0.60940000000000005,1,6094
5224,B,0.81370000000000009,0,8137
5225,A,0.38650000000000001,1,3865
5225,B,0.81640000000000001,0,8164
5226,A,0.53600000000000003,1,5360
5226,B,2.4153000000000002,0,24153
5227,A,0.56090000000000007,1,5609
5227,B,0.38570000000000004,0,3857
5228,A,0.87840000000000007,1,8784
5228,B,0.73430000000000006,1,7343
5229,A,0.62370000000000003,1,6237
5229,B,1.0914000000000001,0,10914
5230,A,0.32819999999999999,1,3282
5230,B,1.1467000000000001,1,11467
5231,A,1.0945,1,10945
5231,B,0.90280000000000005,0,9028
5232,A,2.085,1,20850
5232,B,0.38009999999999999,0,3801
5233,A,1.4054,1,14054
5233,B,2.5504000000000002,1,25504
5234,A,0.57300000000000006,1,5730
5234,B,1.3003,0,13003
5235,A,0.62070000000000003,0,6207
5235,B,0.69430000000000003,0,6943
5236,A,0.81490000000000007,1,8149
5236,B,2.1093999999999999,0,21094
5237,A,0.67170000000000007,1,6717
5237,B,2.6369000000000002,0,26369
5238,A,0.7268,1,7268
5238,B,0.64960000000000007,0,6496
5239,A,0.50960000000000005,1,5096
5239,B,1.3678000000000001,0,13678
5240,A,0.85620000000000007,1,8562
5240,B,0.90329999999999999,1,9033
5241,A,1.5039,1,15039
5241,B,0.89790000000000003,0,8979
5242,A,0.46800000000000003,1,4680
5242,B,0.34370000000000001,0,3437
5243,A,0.60350000000000004,1,6035
5243,B,2.4891000000000001,0,24891
5244,A,1.2091000000000001,1,12091
5244,B,0.98070000000000002,0,9807
5245,A,0.67210000000000003,1,6721
5245,B,2.6247000000000003,1,26247
5246,A,0.35220000000000001,1,3522
5246,B,2.0153000000000003,1,20153
5247,A,0.2732,1,2732
5247,B,0.71700000000000008,0,7170
5248,A,1.0165,1,10165
5248,B,3.1854,1,31854
5249,A,0.63280000000000003,1,6328
5249,B,3.6051000000000002,0,36051
5250,A,0.39030000000000004,1,3903
5250,B,2.9222000000000001,0,29222
5251,A,0.46700000000000003,1,4670
5251,B,0.83940000000000003,0,8394
5252,A,2.0813000000000001,1,20813
5252,B,2.6015000000000001,0,26015
5253,A,0.56059999999999999,0,5606
5253,B,1.9361000000000002,0,19361
5254,A,0.2117,1,2117
5254,B,1.1994,0,11994
5255,A,1.4608000000000001,1,14608
5255,B,0.40200000000000002,0,4020
5256,A,1.7244000000000002,1,17244
5256,B,1.6792,0,16792
5257,A,0.26000000000000001,0,2600
5257,B,1.1441000000000001,0,11441
5258,A,0.92780000000000007,1,9278
5258,B,0.51700000000000002,0,5170
5259,A,0.64950000000000008,1,6495
5259,B,0.63629999999999998,1,6363
5260,A,0.65060000000000007,1,6506
5260,B,0.73810000000000009,1,7381
5261,A,0.69330000000000003,1,6933
5261,B,0.63580000000000003,0,6358
5262,A,1.1332,1,11332
5262,B,3.1249000000000002,0,31249
5263,A,0.9214,1,9214
5263,B,1.4395,0,14395
5264,A,0.2432,1,2432
5264,B,1.0053000000000001,0,10053
5265,A,0.441,1,4410
5265,B,1.3954,0,13954
5266,A,0.62990000000000002,1,6299
5266,B,0.37780000000000002,0,3778
5267,A,0.34300000000000003,1,3430
5267,B,0.62080000000000002,1,6208
5268,A,0.48950000000000005,1,4895
5268,B,1.2423,0,12423
5269,A,0.30549999999999999,1,3055
5269,B,2.3014000000000001,0,23014
5270,A,1.1049,1,11049
5270,B,0.3196,0,3196
5271,A,0.71800000000000008,1,7180
5271,B,0.72350000000000003,0,7235
5272,A,0.72440000000000004,1,7244
5272,B,0.28160000000000002,0,2816
5273,A,0.98830000000000007,1,9883
5273,B,1.9185000000000001,1,19185
5274,A,0.3962,1,3962
5274,B,0.3644,0,3644
5275,A,2.274,1,22740
5275,B,0.6421,1,6421
5276,A,0.64119999999999999,1,6412
5276,B,1.6311,1,16311
5277,A,0.49020000000000002,1,4902
5277,B,0.92100000000000004,0,9210
5278,A,1.3647,1,13647
5278,B,0.54949999999999999,1,5495
5279,A,0.53480000000000005,1,5348
5279,B,2.1672000000000002,1,21672
5280,A,1.0153000000000001,1,10153
5280,B,0.7167,0,7167
5281,A,1.8002,1,18002
5281,B,1.4564000000000001,0,14564
5282,A,0.92960000000000009,1,9296
5282,B,1.9662000000000002,0,19662
5283,A,0.57579999999999998,1,5758
5283,B,0.15080000000000002,0,1508
5284,A,0.42010000000000003,1,4201
5284,B,1.1463000000000001,0,11463
5285,A,1.6335000000000002,1,16335
5285,B,3.0035000000000003,0,30035
5286,A,0.92749999999999999,1,9275
5286,B,0.58330000000000004,1,5833
5287,A,0.74009999999999998,1,7401
5287,B,0.51029999999999998,0,5103
5288,A,0.6109,1,6109
5288,B,0.26919999999999999,0,2692
5289,A,0.70710000000000006,1,7071
5289,B,0.46560000000000001,0,4656
5290,A,1.4841,1,14841
5290,B,0.24400000000000002,0,2440
5291,A,0.89150000000000007,1,8915
5291,B,0.84660000000000002,0,8466
5292,A,0.70940000000000003,1,7094
5292,B,1.5700000000000001,0,15700
5293,A,0.39550000000000002,1,3955
5293,B,0.55480000000000007,0,5548
5294,A,0.38850000000000001,1,3885
5294,B,1.9856,0,19856
5295,A,1.0521,1,10521
5295,B,0.56269999999999998,0,5627
5296,A,0.7772,1,7772
5296,B,1.4031,0,14031
5297,A,0.9618000000000001,1,9618
5297,B,0.16270000000000001,0,1627
5298,A,0.93670000000000009,1,9367
5298,B,0.41820000000000002,0,4182
5299,A,0.83120000000000005,1,8312
5299,B,0.18230000000000002,0,1823
5300,A,2.5609999999999999,1,25610
5300,B,0.55680000000000007,0,5568
5301,A,0.6774,1,6774
5301,B,1.1339000000000001,0,11339
5302,A,0.71090000000000009,1,7109
5302,B,1.3642000000000001,1,13642
5303,A,0.49470000000000003,1,4947
5303,B,0.24430000000000002,0,2443
5304,A,0.6139,1,6139
5304,B,4.2835999999999999,1,42836
5305,A,0.99730000000000008,1,9973
5305,B,0.80260000000000009,1,8026
5306,A,0.81259999999999999,1,8126
5306,B,1.2089000000000001,1,12089
5307,A,1.4575,1,14575
5307,B,0.64200000000000002,0,6420
5308,A,0.46300000000000002,1,4630
5308,B,0.34700000000000003,0,3470
5309,A,0.80130000000000001,1,8013
5309,B,0.54249999999999998,0,5425
5310,A,1.1319000000000001,1,11319
5310,B,1.1574,0,11574
5311,A,0.64200000000000002,1,6420
5311,B,1.0193000000000001,0,10193
5312,A,0.79190000000000005,1,7919
5312,B,1.9334,1,19334
5313,A,0.73460000000000003,1,7346
5313,B,0.30170000000000002,0,3017
5314,A,0.44190000000000002,1,4419
5314,B,1.4019000000000001,1,14019
5315,A,0.42310000000000003,1,4231
5315,B,1.5289000000000001,0,15289
5316,A,1.0011000000000001,1,10011
5316,B,1.0609999999999999,0,10610
5317,A,1.0762,1,10762
5317,B,2.9285000000000001,0,29285
5318,A,1.2710000000000001,1,12710
5318,B,0.63960000000000006,0,6396
5319,A,0.59850000000000003,1,5985
5319,B,0.76430000000000009,0,7643
5320,A,0.58820000000000006,1,5882
5320,B,1.5509000000000002,0,15509
5321,A,0.75330000000000008,1,7533
5321,B,0.309,0,3090
5322,A,0.44690000000000002,1,4469
5322,B,0.60960000000000003,1,6096
5323,A,0.77440000000000009,1,7744
5323,B,0.43110000000000004,0,4311
5324,A,0.18540000000000001,1,1854
5324,B,2.1269,1,21269
5325,A,1.0396000000000001,1,10396
5325,B,0.91120000000000001,0,9112
5326,A,0.86430000000000007,1,8643
5326,B,1.2310000000000001,0,12310
5327,A,0.33979999999999999,1,3398
5327,B,2.4033000000000002,0,24033
5328,A,0.64400000000000002,1,6440
5328,B,1.1637999999999999,0,11638
5329,A,0.49330000000000002,1,4933
5329,B,3.9558,1,39558
5330,A,1.3535000000000001,1,13535
5330,B,0.51880000000000004,1,5188
5331,A,0.50619999999999998,1,5062
5331,B,0.88770000000000004,0,8877
5332,A,0.67260000000000009,1,6726
5332,B,0.61370000000000002,0,6137
5333,A,0.67410000000000003,1,6741
5333,B,1.0007000000000001,0,10007
5334,A,0.61750000000000005,1,6175
5334,B,0.4032,0,4032
5335,A,0.79810000000000003,1,7981
5335,B,1.2744,0,12744
5336,A,0.45320000000000005,1,4532
5336,B,0.45880000000000004,1,4588
5337,A,1.1057000000000001,1,11057
5337,B,0.71200000000000008,0,7120
5338,A,0.84830000000000005,1,8483
5338,B,0.67749999999999999,1,6775
5339,A,1.3584000000000001,1,13584
5339,B,0.6512,0,6512
5340,A,0.52870000000000006,1,5287
5340,B,1.0410000000000001,0,10410
5341,A,1.4325000000000001,1,14325
5341,B,0.40140000000000003,0,4014
5342,A,0.44390000000000002,1,4439
5342,B,0.95290000000000008,1,9529
5343,A,1.3079000000000001,1,13079
5343,B,0.84589999999999999,0,8459
5344,A,0.55549999999999999,1,5555
5344,B,1.5061,1,15061
5345,A,1.3282,1,13282
5345,B,1.008,0,10080
5346,A,0.95080000000000009,1,9508
5346,B,0.80500000000000005,1,8050
5347,A,1.0998000000000001,1,10998
5347,B,0.49820000000000003,0,4982
5348,A,0.70230000000000004,1,7023
5348,B,0.35289999999999999,0,3529
5349,A,0.40190000000000003,1,4019
5349,B,1.4071,1,14071
5350,A,1.0591000000000002,1,10591
5350,B,0.50600000000000001,0,5060
5351,A,0.69550000000000001,1,6955
5351,B,7.0561000000000007,0,70561
5352,A,1.0153000000000001,1,10153
5352,B,0.33140000000000003,0,3314
5353,A,1.5880000000000001,1,15880
5353,B,0.22740000000000002,0,2274
5354,A,0.98630000000000007,1,9863
5354,B,0.31590000000000001,0,3159
5355,A,0.88240000000000007,1,8824
5355,B,0.96679999999999999,0,9668
5356,A,0.50180000000000002,1,5018
5356,B,1.4926000000000001,1,14926
5357,A,0.3125,1,3125
5357,B,0.4027,0,4027
5358,A,0.61740000000000006,1,6174
5358,B,0.71860000000000002,1,7186
5359,A,0.56459999999999999,1,5646
5359,B,1.1342000000000001,0,11342
5360,A,0.66710000000000003,1,6671
5360,B,2.0681000000000003,1,20681
5361,A,0.94040000000000001,1,9404
5361,B,0.71310000000000007,0,7131
5362,A,0.64880000000000004,1,6488
5362,B,2.2425000000000002,1,22425
5363,A,1.1717,1,11717
5363,B,1.4499,1,14499
5364,A,1.6870000000000001,1,16870
5364,B,2.3201000000000001,0,23201
5365,A,1.7563000000000002,1,17563
5365,B,1.0316000000000001,1,10316
5366,A,0.69900000000000007,1,6990
5366,B,1.3299000000000001,0,13299
5367,A,0.68190000000000006,1,6819
5367,B,0.59220000000000006,0,5922
5368,A,0.48980000000000001,1,4898
5368,B,0.33610000000000001,0,3361
5369,A,0.81880000000000008,1,8188
5369,B,0.46550000000000002,1,4655
5370,A,2.1025,1,21025
5370,B,0.42800000000000005,0,4280
5371,A,0.88270000000000004,1,8827
5371,B,0.60430000000000006,0,6043
5372,A,0.44280000000000003,1,4428
5372,B,0.58520000000000005,0,5852
5373,A,0.91160000000000008,1,9116
5373,B,2.1204000000000001,1,21204
5374,A,0.65529999999999999,1,6553
5374,B,0.90360000000000007,0,9036
5375,A,2.4069000000000003,1,24069
5375,B,1.0936000000000001,0,10936
5376,A,0.93490000000000006,1,9349
5376,B,0.46180000000000004,0,4618
5377,A,0.59960000000000002,1,5996
5377,B,0.59410000000000007,0,5941
5378,A,0.4546,1,4546
5378,B,1.8435000000000001,0,18435
5379,A,0.75409999999999999,1,7541
5379,B,0.70040000000000002,0,7004
5380,A,0.82569999999999999,1,8257
5380,B,0.18940000000000001,0,1894
5381,A,0.93330000000000002,1,9333
5381,B,0.53980000000000006,0,5398
5382,A,0.82110000000000005,1,8211
5382,B,0.29820000000000002,0,2982
5383,A,0.7601,1,7601
5383,B,1.8383,0,18383
5384,A,1.2282,1,12282
5384,B,0.28520000000000001,0,2852
5385,A,1.4033,1,14033
5385,B,1.4867000000000001,1,14867
5386,A,1.079,1,10790
5386,B,0.75880000000000003,0,7588
5387,A,0.46060000000000001,1,4606
5387,B,0.77910000000000001,0,7791
5388,A,0.29970000000000002,1,2997
5388,B,1.8777000000000001,0,18777
5389,A,0.40150000000000002,1,4015
5389,B,0.30499999999999999,0,3050
5390,A,2.0143,1,20143
5390,B,0.95740000000000003,0,9574
5391,A,0.92890000000000006,1,9289
5391,B,0.37340000000000001,0,3734
5392,A,2.1928000000000001,1,21928
5392,B,0.62690000000000001,0,6269
5393,A,0.49360000000000004,1,4936
5393,B,0.41200000000000003,0,4120
5394,A,1.6120000000000001,1,16120
5394,B,0.53549999999999998,0,5355
5395,A,0.95180000000000009,1,9518
5395,B,2.3975,1,23975
5396,A,0.59730000000000005,1,5973
5396,B,0.46960000000000002,1,4696
5397,A,0.64370000000000005,1,6437
5397,B,0.63219999999999998,0,6322
5398,A,0.39180000000000004,1,3918
5398,B,1.5135000000000001,0,15135
5399,A,1.1151,1,11151
5399,B,1.8751,1,18751
5400,A,0.87350000000000005,1,8735
5400,B,1.5576000000000001,0,15576
5401,A,1.3085,1,13085
5401,B,0.92710000000000004,0,9271
5402,A,1.8362000000000001,1,18362
5402,B,2.8747000000000003,0,28747
5403,A,0.39730000000000004,1,3973
5403,B,1.1143000000000001,0,11143
5404,A,0.53420000000000001,1,5342
5404,B,1.3689,1,13689
5405,A,0.84400000000000008,1,8440
5405,B,3.2059000000000002,0,32059
5406,A,0.50160000000000005,1,5016
5406,B,1.091,0,10910
5407,A,0.4788,1,4788
5407,B,1.5316000000000001,1,15316
5408,A,1.2738,1,12738
5408,B,0.84450000000000003,0,8445
5409,A,0.55720000000000003,1,5572
5409,B,0.4839,0,4839
5410,A,0.69980000000000009,1,6998
5410,B,0.86610000000000009,1,8661
5411,A,0.38230000000000003,1,3823
5411,B,1.9113,1,19113
5412,A,1.1659000000000002,1,11659
5412,B,1.5595000000000001,1,15595
5413,A,0.6905,1,6905
5413,B,0.22620000000000001,0,2262
5414,A,0.55449999999999999,1,5545
5414,B,0.28810000000000002,0,2881
5415,A,1.8867,1,18867
5415,B,0.7399,0,7399
5416,A,0.94490000000000007,1,9449
5416,B,0.9214,1,9214
5417,A,0.56390000000000007,1,5639
5417,B,0.44590000000000002,0,4459
5418,A,0.56159999999999999,1,5616
5418,B,0.52300000000000002,0,5230
5419,A,0.97370000000000001,1,9737
5419,B,0.21680000000000002,0,2168
5420,A,0.5665,1,5665
5420,B,0.19920000000000002,0,1992
5421,A,0.49440000000000001,1,4944
5421,B,2.1198999999999999,0,21199
5422,A,0.71820000000000006,1,7182
5422,B,0.49660000000000004,0,4966
5423,A,0.30110000000000003,1,3011
5423,B,2.3473000000000002,0,23473
5424,A,1.2185000000000001,1,12185
5424,B,0.74520000000000008,0,7452
5425,A,1.2388000000000001,1,12388
5425,B,3.2402000000000002,0,32402
5426,A,0.95540000000000003,1,9554
5426,B,0.73380000000000001,0,7338
5427,A,0.53290000000000004,1,5329
5427,B,0.51729999999999998,0,5173
5428,A,0.66820000000000002,1,6682
5428,B,1.6643000000000001,0,16643
5429,A,0.53270000000000006,1,5327
5429,B,1.0250000000000001,0,10250
5430,A,0.81690000000000007,1,8169
5430,B,1.4471000000000001,0,14471
5431,A,0.2268,0,2268
5431,B,4.9378000000000002,1,49378
5432,A,0.6522,1,6522
5432,B,0.59550000000000003,0,5955
5433,A,0.63119999999999998,1,6312
5433,B,0.48320000000000002,0,4832
5434,A,0.499,1,4990
5434,B,0.22590000000000002,0,2259
5435,A,0.72570000000000001,1,7257
5435,B,0.45190000000000002,0,4519
5436,A,0.72930000000000006,1,7293
5436,B,2.8410000000000002,0,28410
5437,A,0.49070000000000003,1,4907
5437,B,2.7574000000000001,0,27574
5438,A,0.70130000000000003,1,7013
5438,B,1.6176000000000001,0,16176
5439,A,0.97160000000000002,1,9716
5439,B,0.53180000000000005,0,5318
5440,A,1.6680000000000001,1,16680
5440,B,0.22770000000000001,0,2277
5441,A,0.45800000000000002,1,4580
5441,B,3.2103000000000002,0,32103
5442,A,0.84510000000000007,1,8451
5442,B,0.42230000000000001,0,4223
5443,A,0.47600000000000003,1,4760
5443,B,0.66480000000000006,1,6648
5444,A,1.1677,1,11677
5444,B,0.50190000000000001,1,5019
5445,A,0.74620000000000009,1,7462
5445,B,0.14780000000000001,0,1478
5446,A,0.64200000000000002,1,6420
5446,B,1.7351000000000001,1,17351
5447,A,0.75550000000000006,1,7555
5447,B,0.58979999999999999,1,5898
5448,A,1.1748000000000001,1,11748
5448,B,1.3401000000000001,0,13401
5449,A,0.29000000000000004,1,2900
5449,B,1.1062000000000001,1,11062
5450,A,1.3016000000000001,1,13016
5450,B,0.25330000000000003,0,2533
5451,A,0.62260000000000004,1,6226
5451,B,3.4625000000000004,0,34625
5452,A,0.85370000000000001,1,8537
5452,B,0.3846,0,3846
5453,A,0.51519999999999999,1,5152
5453,B,3.0071000000000003,1,30071
5454,A,0.31990000000000002,1,3199
5454,B,0.84290000000000009,1,8429
5455,A,0.24730000000000002,1,2473
5455,B,1.4833000000000001,1,14833
5456,A,1.0657000000000001,1,10657
5456,B,3.1757,1,31757
5457,A,0.87830000000000008,1,8783
5457,B,1.0091000000000001,1,10091
5458,A,0.47720000000000001,1,4772
5458,B,0.73720000000000008,0,7372
5459,A,0.66480000000000006,1,6648
5459,B,0.36080000000000001,0,3608
5460,A,0.54820000000000002,1,5482
5460,B,0.43380000000000002,0,4338
5461,A,0.19740000000000002,1,1974
5461,B,0.72989999999999999,0,7299
5462,A,0.54649999999999999,1,5465
5462,B,0.308,0,3080
5463,A,0.55449999999999999,1,5545
5463,B,1.8457000000000001,1,18457
5464,A,0.61770000000000003,1,6177
5464,B,0.42750000000000005,0,4275
5465,A,0.61230000000000007,0,6123
5465,B,0.92070000000000007,0,9207
5466,A,0.42660000000000003,1,4266
5466,B,1.1107,1,11107
5467,A,1.7847000000000002,1,17847
5467,B,0.42550000000000004,0,4255
5468,A,1.5254000000000001,1,15254
5468,B,0.4582,0,4582
5469,A,0.51140000000000008,1,5114
5469,B,4.9306999999999999,1,49307
5470,A,0.82050000000000001,1,8205
5470,B,0.92600000000000005,0,9260
5471,A,0.60999999999999999,1,6100
5471,B,1.2222,1,12222
5472,A,0.31620000000000004,1,3162
5472,B,0.30349999999999999,0,3035
5473,A,0.77810000000000001,1,7781
5473,B,0.29520000000000002,1,2952
5474,A,1.1916,1,11916
5474,B,3.105,1,31050
5475,A,1.2201,1,12201
5475,B,0.42460000000000003,0,4246
5476,A,0.66170000000000007,1,6617
5476,B,4.6157000000000004,0,46157
5477,A,0.9244,1,9244
5477,B,2.7972000000000001,0,27972
5478,A,1.6299000000000001,1,16299
5478,B,0.90110000000000001,0,9011
5479,A,0.72670000000000001,1,7267
5479,B,0.55259999999999998,0,5526
5480,A,0.3841,1,3841
5480,B,0.80310000000000004,1,8031
5481,A,0.56869999999999998,1,5687
5481,B,2.2610999999999999,0,22611
5482,A,1.6287,1,16287
5482,B,0.70979999999999999,0,7098
5483,A,1.5456000000000001,1,15456
5483,B,0.30110000000000003,0,3011
5484,A,0.50740000000000007,0,5074
5484,B,0.29310000000000003,0,2931
5485,A,0.27579999999999999,1,2758
5485,B,1.9107000000000001,1,19107
5486,A,0.40360000000000001,0,4036
5486,B,0.5484,0,5484
5487,A,0.54810000000000003,1,5481
5487,B,0.57290000000000008,1,5729
5488,A,0.62130000000000007,0,6213
5488,B,1.9373,0,19373
5489,A,0.3952,1,3952
5489,B,1.1388,0,11388
5490,A,0.7903,1,7903
5490,B,0.56290000000000007,1,5629
5491,A,0.60060000000000002,1,6006
5491,B,0.3135,0,3135
5492,A,0.97260000000000002,1,9726
5492,B,1.5309000000000001,0,15309
5493,A,0.82069999999999999,1,8207
5493,B,1.3160000000000001,0,13160
5494,A,0.4612,1,4612
5494,B,1.1952,0,11952
5495,A,0.85189999999999999,1,8519
5495,B,3.9126000000000003,1,39126
5496,A,1.2374000000000001,1,12374
5496,B,0.77510000000000001,0,7751
5497,A,0.33290000000000003,1,3329
5497,B,1.0944,1,10944
5498,A,0.41560000000000002,1,4156
5498,B,1.5506,1,15506
5499,A,0.77429999999999999,1,7743
5499,B,0.81040000000000001,1,8104
5500,A,0.77150000000000007,1,7715
5500,B,4.7139000000000006,0,47139
5501,A,0.80780000000000007,1,8078
5501,B,2.9441999999999999,0,29442
5502,A,0.62040000000000006,1,6204
5502,B,1.3428,1,13428
5503,A,0.74430000000000007,1,7443
5503,B,1.5799000000000001,0,15799
5504,A,0.58389999999999997,1,5839
5504,B,0.83330000000000004,0,8333
5505,A,0.64350000000000007,1,6435
5505,B,0.85999999999999999,0,8600
5506,A,0.67100000000000004,1,6710
5506,B,1.5422,1,15422
5507,A,1.1064000000000001,1,11064
5507,B,0.34379999999999999,0,3438
5508,A,0.43980000000000002,1,4398
5508,B,2.2800000000000002,1,22800
5509,A,0.64900000000000002,1,6490
5509,B,1.0446,0,10446
5510,A,0.86420000000000008,1,8642
5510,B,0.93149999999999999,1,9315
5511,A,1.1495,1,11495
5511,B,0.1804,0,1804
5512,A,0.76000000000000001,1,7600
5512,B,2.0989,0,20989
5513,A,0.80180000000000007,1,8018
5513,B,0.34900000000000003,0,3490
5514,A,0.9376000000000001,1,9376
5514,B,6.9690000000000003,0,69690
5515,A,0.68859999999999999,1,6886
5515,B,1.427,0,14270
5516,A,0.9214,1,9214
5516,B,1.1148,0,11148
5517,A,0.2586,1,2586
5517,B,0.56700000000000006,0,5670
5518,A,0.40479999999999999,1,4048
5518,B,0.38159999999999999,0,3816
5519,A,0.63470000000000004,1,6347
5519,B,0.92270000000000008,1,9227
5520,A,1.0902000000000001,0,10902
5520,B,0.57840000000000003,1,5784
5521,A,0.57830000000000004,1,5783
5521,B,0.91750000000000009,0,9175
5522,A,0.78439999999999999,1,7844
5522,B,1.8316000000000001,1,18316
5523,A,0.69350000000000001,1,6935
5523,B,0.1948,0,1948
5524,A,0.72360000000000002,1,7236
5524,B,1.3906000000000001,0,13906
5525,A,1.0871,1,10871
5525,B,0.62490000000000001,0,6249
5526,A,1.175,1,11750
5526,B,0.17700000000000002,0,1770
5527,A,0.27610000000000001,1,2761
5527,B,0.6401,0,6401
5528,A,0.64190000000000003,1,6419
5528,B,0.35589999999999999,0,3559
5529,A,0.68320000000000003,1,6832
5529,B,0.98540000000000005,0,9854
5530,A,0.59540000000000004,1,5954
5530,B,1.1789000000000001,0,11789
5531,A,1.3324,1,13324
5531,B,1.1036000000000001,1,11036
5532,A,0.57450000000000001,1,5745
5532,B,0.6794,0,6794
5533,A,0.65570000000000006,1,6557
5533,B,1.0119,1,10119
5534,A,0.43590000000000001,1,4359
5534,B,1.276,0,12760
5535,A,1.3064,1,13064
5535,B,0.28550000000000003,0,2855
5536,A,0.89400000000000002,1,8940
5536,B,0.80830000000000002,0,8083
5537,A,1.1265000000000001,1,11265
5537,B,1.6423000000000001,1,16423
5538,A,0.87650000000000006,1,8765
5538,B,1.4816,0,14816
5539,A,1.3807,1,13807
5539,B,0.90490000000000004,1,9049
5540,A,0.68100000000000005,1,6810
5540,B,0.30599999999999999,0,3060
5541,A,0.60220000000000007,1,6022
5541,B,1.4023000000000001,0,14023
5542,A,0.18130000000000002,0,1813
5542,B,1.0125,1,10125
5543,A,2.0312000000000001,1,20312
5543,B,0.35050000000000003,0,3505
5544,A,0.80630000000000002,1,8063
5544,B,0.76060000000000005,0,7606
5545,A,0.92400000000000004,1,9240
5545,B,1.1073,0,11073
5546,A,0.35089999999999999,1,3509
5546,B,1.4995000000000001,1,14995
5547,A,0.82600000000000007,1,8260
5547,B,2.2343999999999999,0,22344
5548,A,0.4531,1,4531
5548,B,0.97650000000000003,0,9765
5549,A,1.0101,1,10101
5549,B,2.1027,1,21027
5550,A,1.0079,1,10079
5550,B,1.5486,0,15486
5551,A,0.56340000000000001,1,5634
5551,B,0.64860000000000007,0,6486
5552,A,0.41670000000000001,1,4167
5552,B,0.36130000000000001,0,3613
5553,A,0.45050000000000001,1,4505
5553,B,3.7305000000000001,1,37305
5554,A,0.8579,1,8579
5554,B,0.47490000000000004,0,4749
5555,A,0.64150000000000007,1,6415
5555,B,0.57950000000000002,0,5795
5556,A,0.65639999999999998,1,6564
5556,B,0.37809999999999999,0,3781
5557,A,0.77090000000000003,1,7709
5557,B,3.0138000000000003,0,30138
5558,A,0.73870000000000002,1,7387
5558,B,1.2965,0,12965
5559,A,0.2414,0,2414
5559,B,1.5702,0,15702
5560,A,0.72570000000000001,1,7257
5560,B,0.46680000000000005,1,4668
5561,A,0.84840000000000004,1,8484
5561,B,1.4222000000000001,1,14222
5562,A,0.7974,1,7974
5562,B,1.1816,0,11816
5563,A,0.42810000000000004,1,4281
5563,B,4.1032000000000002,1,41032
5564,A,0.69380000000000008,1,6938
5564,B,2.6413000000000002,1,26413
5565,A,1.0849,1,10849
5565,B,0.38030000000000003,0,3803
5566,A,0.63929999999999998,1,6393
5566,B,0.48600000000000004,0,4860
5567,A,0.99040000000000006,1,9904
5567,B,1.6253,1,16253
5568,A,0.85270000000000001,1,8527
5568,B,0.27629999999999999,0,2763
5569,A,1.1614,1,11614
5569,B,0.76760000000000006,1,7676
5570,A,0.51739999999999997,1,5174
5570,B,2.5224000000000002,1,25224
5571,A,1.0272000000000001,1,10272
5571,B,0.54649999999999999,0,5465
5572,A,0.20100000000000001,1,2010
5572,B,0.73460000000000003,0,7346
5573,A,0.62890000000000001,1,6289
5573,B,2.3332999999999999,1,23333
5574,A,0.9355,1,9355
5574,B,2.7288000000000001,1,27288
5575,A,1.1950000000000001,1,11950
5575,B,3.3532000000000002,0,33532
5576,A,0.46590000000000004,1,4659
5576,B,0.56240000000000001,1,5624
5577,A,0.88660000000000005,1,8866
5577,B,0.72220000000000006,0,7222
5578,A,1.2863,1,12863
5578,B,1.4185000000000001,1,14185
5579,A,0.84020000000000006,0,8402
5579,B,0.63480000000000003,0,6348
5580,A,0.81620000000000004,1,8162
5580,B,0.26050000000000001,0,2605
5581,A,1.4850000000000001,1,14850
5581,B,1.0934000000000001,0,10934
5582,A,0.47220000000000001,1,4722
5582,B,0.374,0,3740
5583,A,0.76230000000000009,1,7623
5583,B,2.0981000000000001,1,20981
5584,A,0.65170000000000006,1,6517
5584,B,1.0464,0,10464
5585,A,0.65500000000000003,1,6550
5585,B,0.72230000000000005,0,7223
5586,A,1.2161,1,12161
5586,B,0.39580000000000004,0,3958
5587,A,0.32200000000000001,1,3220
5587,B,0.44740000000000002,0,4474
5588,A,0.80930000000000002,1,8093
5588,B,0.95140000000000002,1,9514
5589,A,1.0498000000000001,1,10498
5589,B,0.73010000000000008,0,7301
5590,A,0.97110000000000007,1,9711
5590,B,2.0110999999999999,0,20111
5591,A,1.4065000000000001,1,14065
5591,B,1.4961,0,14961
5592,A,0.2263,1,2263
5592,B,1.2016,1,12016
5593,A,0.61730000000000007,1,6173
5593,B,3.4660000000000002,1,34660
5594,A,0.47720000000000001,1,4772
5594,B,0.28250000000000003,0,2825
5595,A,0.61609999999999998,1,6161
5595,B,0.53360000000000007,0,5336
5596,A,0.81290000000000007,1,8129
5596,B,0.18540000000000001,0,1854
5597,A,1.2325000000000002,1,12325
5597,B,2.1711,0,21711
5598,A,1.0559000000000001,1,10559
5598,B,0.3427,0,3427
5599,A,0.29760000000000003,1,2976
5599,B,1.0317000000000001,1,10317
5600,A,0.74099999999999999,1,7410
5600,B,1.6047,1,16047
5601,A,0.70300000000000007,1,7030
5601,B,1.9619000000000002,0,19619
5602,A,0.78239999999999998,1,7824
5602,B,0.52880000000000005,0,5288
5603,A,0.81820000000000004,1,8182
5603,B,0.41060000000000002,0,4106
5604,A,0.49130000000000001,1,4913
5604,B,0.54039999999999999,1,5404
5605,A,0.81470000000000009,1,8147
5605,B,1.8480000000000001,1,18480
5606,A,0.23390000000000002,1,2339
5606,B,1.1443000000000001,0,11443
5607,A,1.1203000000000001,1,11203
5607,B,1.1365000000000001,0,11365
5608,A,0.68830000000000002,1,6883
5608,B,1.0286999999999999,1,10287
5609,A,1.5858000000000001,1,15858
5609,B,1.4142000000000001,0,14142
5610,A,0.24050000000000002,1,2405
5610,B,0.66580000000000006,0,6658
5611,A,0.47970000000000002,1,4797
5611,B,0.31840000000000002,0,3184
5612,A,1.1313,1,11313
5612,B,0.93330000000000002,0,9333
5613,A,0.42949999999999999,1,4295
5613,B,2.3317000000000001,1,23317
5614,A,2.0072000000000001,1,20072
5614,B,1.0951,1,10951
5615,A,1.4351,0,14351
5615,B,1.3671,1,13671
5616,A,0.22360000000000002,1,2236
5616,B,0.48090000000000005,0,4809
5617,A,0.77150000000000007,1,7715
5617,B,0.51400000000000001,0,5140
5618,A,0.86620000000000008,1,8662
5618,B,0.159,0,1590
5619,A,0.83300000000000007,1,8330
5619,B,1.6422000000000001,0,16422
5620,A,0.44880000000000003,1,4488
5620,B,1.4369000000000001,0,14369
5621,A,0.50980000000000003,1,5098
5621,B,0.55080000000000007,0,5508
5622,A,0.43320000000000003,1,4332
5622,B,0.51939999999999997,1,5194
5623,A,1.0570000000000002,1,10570
5623,B,0.58760000000000001,0,5876
5624,A,0.62160000000000004,1,6216
5624,B,1.1865000000000001,0,11865
5625,A,0.50750000000000006,1,5075
5625,B,0.59820000000000007,0,5982
5626,A,0.81200000000000006,1,8120
5626,B,1.7018,1,17018
5627,A,1.179,1,11790
5627,B,0.47010000000000002,0,4701
5628,A,0.77540000000000009,1,7754
5628,B,0.5302,0,5302
5629,A,0.46230000000000004,1,4623
5629,B,0.47990000000000005,0,4799
5630,A,0.9829,1,9829
5630,B,2.0733000000000001,1,20733
5631,A,0.30660000000000004,0,3066
5631,B,2.2533000000000003,1,22533
5632,A,0.60730000000000006,1,6073
5632,B,2.2646999999999999,1,22647
5633,A,0.79320000000000002,1,7932
5633,B,3.1203000000000003,1,31203
5634,A,0.57650000000000001,1,5765
5634,B,0.42920000000000003,0,4292
5635,A,1.2894000000000001,1,12894
5635,B,0.89100000000000001,0,8910
5636,A,0.53300000000000003,1,5330
5636,B,0.43920000000000003,0,4392
5637,A,0.57869999999999999,1,5787
5637,B,1.1123000000000001,1,11123
5638,A,1.2845,1,12845
5638,B,1.2721,0,12721
5639,A,0.40790000000000004,1,4079
5639,B,0.50360000000000005,0,5036
5640,A,0.46050000000000002,1,4605
5640,B,1.1891,0,11891
5641,A,2.2989999999999999,1,22990
5641,B,0.74240000000000006,1,7424
5642,A,0.5484,1,5484
5642,B,1.4671000000000001,0,14671
5643,A,1.7262000000000002,1,17262
5643,B,0.20150000000000001,0,2015
5644,A,1.2572000000000001,1,12572
5644,B,0.58430000000000004,0,5843
5645,A,0.9728,1,9728
5645,B,0.1948,0,1948
5646,A,0.73650000000000004,1,7365
5646,B,0.92130000000000001,0,9213
5647,A,0.3322,1,3322
5647,B,1.8784000000000001,1,18784
5648,A,0.85660000000000003,1,8566
5648,B,0.34460000000000002,0,3446
5649,A,1.7299,1,17299
5649,B,0.1734,0,1734
5650,A,0.83200000000000007,1,8320
5650,B,0.46710000000000002,0,4671
5651,A,0.40030000000000004,1,4003
5651,B,1.8564000000000001,0,18564
5652,A,0.99299999999999999,1,9930
5652,B,0.5554,0,5554
5653,A,0.80160000000000009,1,8016
5653,B,0.4002,0,4002
5654,A,0.3992,1,3992
5654,B,1.1877,1,11877
5655,A,1.0564,1,10564
5655,B,2.1133999999999999,0,21134
5656,A,0.74780000000000002,1,7478
5656,B,0.2238,0,2238
5657,A,0.38890000000000002,1,3889
5657,B,1.7120000000000002,0,17120
5658,A,1.0044999999999999,1,10045
5658,B,0.63470000000000004,0,6347
5659,A,0.73899999999999999,1,7390
5659,B,0.92510000000000003,1,9251
5660,A,1.6566000000000001,0,16566
5660,B,1.9871000000000001,0,19871
5661,A,0.36070000000000002,1,3607
5661,B,0.36420000000000002,1,3642
5662,A,0.64040000000000008,1,6404
5662,B,0.33790000000000003,0,3379
5663,A,0.71260000000000001,1,7126
5663,B,2.1074000000000002,1,21074
5664,A,0.4103,1,4103
5664,B,1.7858000000000001,0,17858
5665,A,0.50660000000000005,1,5066
5665,B,0.82369999999999999,1,8237
5666,A,0.53290000000000004,1,5329
5666,B,1.4501000000000002,0,14501
5667,A,0.48410000000000003,1,4841
5667,B,0.9546,1,9546
5668,A,1.6345000000000001,1,16345
5668,B,0.91810000000000003,0,9181
5669,A,0.50900000000000001,1,5090
5669,B,0.15030000000000002,0,1503
5670,A,1.1613,1,11613
5670,B,1.2666000000000002,1,12666
5671,A,1.1049,1,11049
5671,B,5.8471000000000002,0,58471
5672,A,0.38090000000000002,1,3809
5672,B,0.19210000000000002,0,1921
5673,A,0.97400000000000009,1,9740
5673,B,0.4879,0,4879
5674,A,0.66560000000000008,1,6656
5674,B,0.2331,0,2331
5675,A,1.0513000000000001,1,10513
5675,B,0.22710000000000002,0,2271
5676,A,1.0028000000000001,1,10028
5676,B,0.66300000000000003,0,6630
5677,A,0.48200000000000004,1,4820
5677,B,0.79500000000000004,1,7950
5678,A,1.5042,1,15042
5678,B,0.81980000000000008,1,8198
5679,A,0.66849999999999998,1,6685
5679,B,0.51960000000000006,1,5196
5680,A,0.85430000000000006,1,8543
5680,B,0.73850000000000005,0,7385
5681,A,0.46350000000000002,0,4635
5681,B,1.8614000000000002,0,18614
5682,A,0.997,1,9970
5682,B,0.99140000000000006,0,9914
5683,A,2.0462000000000002,1,20462
5683,B,1.7431000000000001,0,17431
5684,A,0.56110000000000004,1,5611
5684,B,1.1046,1,11046
5685,A,1.26,1,12600
5685,B,0.50819999999999999,0,5082
5686,A,0.49990000000000001,1,4999
5686,B,0.4511,0,4511
5687,A,0.67020000000000002,1,6702
5687,B,0.89400000000000002,1,8940
5688,A,1.0429000000000002,1,10429
5688,B,0.30580000000000002,0,3058
5689,A,0.67370000000000008,1,6737
5689,B,0.35750000000000004,0,3575
5690,A,0.64829999999999999,1,6483
5690,B,1.2386000000000001,0,12386
5691,A,0.79020000000000001,1,7902
5691,B,0.42120000000000002,0,4212
5692,A,0.92300000000000004,1,9230
5692,B,2.8353999999999999,1,28354
5693,A,1.2471000000000001,1,12471
5693,B,1.7484000000000002,0,17484
5694,A,1.1263000000000001,1,11263
5694,B,4.6831000000000005,0,46831
5695,A,1.1011,1,11011
5695,B,2.1341000000000001,1,21341
5696,A,0.85660000000000003,1,8566
5696,B,2.0034000000000001,1,20034
5697,A,0.98420000000000007,1,9842
5697,B,2.2993999999999999,0,22994
5698,A,0.46680000000000005,1,4668
5698,B,1.5622,1,15622
5699,A,0.39480000000000004,1,3948
5699,B,0.60460000000000003,0,6046
5700,A,1.476,1,14760
5700,B,1.3162,1,13162
5701,A,0.3362,1,3362
5701,B,2.9667000000000003,0,29667
5702,A,0.49080000000000001,1,4908
5702,B,0.26550000000000001,0,2655
5703,A,1.1048,1,11048
5703,B,3.4681000000000002,0,34681
5704,A,1.0385,1,10385
5704,B,0.25109999999999999,0,2511
5705,A,0.42400000000000004,1,4240
5705,B,0.89030000000000009,0,8903
5706,A,0.71879999999999999,1,7188
5706,B,0.99530000000000007,0,9953
5707,A,0.96460000000000001,1,9646
5707,B,1.2905,0,12905
5708,A,1.5829,1,15829
5708,B,0.21510000000000001,0,2151
5709,A,0.70960000000000001,1,7096
5709,B,0.75850000000000006,1,7585
5710,A,0.67800000000000005,1,6780
5710,B,0.37859999999999999,0,3786
5711,A,0.85650000000000004,1,8565
5711,B,0.31780000000000003,0,3178
5712,A,0.86899999999999999,1,8690
5712,B,0.52010000000000001,0,5201
5713,A,0.96190000000000009,1,9619
5713,B,1.9605000000000001,0,19605
5714,A,1.0093000000000001,1,10093
5714,B,0.2417,0,2417
5715,A,0.68459999999999999,1,6846
5715,B,1.1722000000000001,0,11722
5716,A,0.90780000000000005,1,9078
5716,B,0.98350000000000004,0,9835
5717,A,1.3124,1,13124
5717,B,0.58040000000000003,1,5804
5718,A,0.42650000000000005,1,4265
5718,B,1.4821,1,14821
5719,A,0.14580000000000001,0,1458
5719,B,0.34260000000000002,0,3426
5720,A,0.57840000000000003,1,5784
5720,B,1.5078,0,15078
5721,A,0.44409999999999999,1,4441
5721,B,2.3541000000000003,0,23541
5722,A,1.5374000000000001,1,15374
5722,B,1.1446000000000001,0,11446
5723,A,0.80940000000000001,1,8094
5723,B,0.14230000000000001,0,1423
5724,A,0.49680000000000002,1,4968
5724,B,0.58730000000000004,0,5873
5725,A,0.26019999999999999,1,2602
5725,B,0.26930000000000004,0,2693
5726,A,1.4117000000000002,1,14117
5726,B,1.0026000000000002,0,10026
5727,A,0.70050000000000001,1,7005
5727,B,0.4884,0,4884
5728,A,1.1843000000000001,1,11843
5728,B,5.1633000000000004,0,51633
5729,A,0.53370000000000006,1,5337
5729,B,1.2622,0,12622
5730,A,0.52690000000000003,1,5269
5730,B,3.871,0,38710
5731,A,0.69320000000000004,1,6932
5731,B,0.71560000000000001,1,7156
5732,A,0.65350000000000008,1,6535
5732,B,1.0374000000000001,0,10374
5733,A,0.58189999999999997,1,5819
5733,B,1.6064000000000001,1,16064
5734,A,0.27560000000000001,1,2756
5734,B,0.62540000000000007,0,6254
5735,A,0.91820000000000002,1,9182
5735,B,0.79239999999999999,1,7924
5736,A,0.45390000000000003,1,4539
5736,B,1.6357000000000002,0,16357
5737,A,0.63019999999999998,1,6302
5737,B,1.5238,1,15238
5738,A,1.1180000000000001,1,11180
5738,B,0.098600000000000007,0,986
5739,A,1.1229,1,11229
5739,B,1.6212,0,16212
5740,A,0.2898,1,2898
5740,B,1.4194,1,14194
5741,A,1.595,1,15950
5741,B,3.5395000000000003,1,35395
5742,A,0.2641,1,2641
5742,B,0.78190000000000004,0,7819
5743,A,0.7863,1,7863
5743,B,2.0348000000000002,0,20348
5744,A,1.0306,1,10306
5744,B,1.1102000000000001,0,11102
5745,A,0.35460000000000003,1,3546
5745,B,1.6047,1,16047
5746,A,0.90400000000000003,1,9040
5746,B,0.53310000000000002,0,5331
5747,A,0.85340000000000005,1,8534
5747,B,1.6677000000000002,1,16677
5748,A,0.67010000000000003,1,6701
5748,B,0.60560000000000003,1,6056
5749,A,0.4859,1,4859
5749,B,3.3043,1,33043
5750,A,0.73740000000000006,1,7374
5750,B,1.4785000000000001,1,14785
5751,A,0.54990000000000006,1,5499
5751,B,0.26140000000000002,0,2614
5752,A,0.85940000000000005,1,8594
5752,B,0.41070000000000001,0,4107
5753,A,1.1452,1,11452
5753,B,0.64829999999999999,1,6483
5754,A,1.5333000000000001,1,15333
5754,B,0.96500000000000008,0,9650
5755,A,0.77810000000000001,1,7781
5755,B,0.43160000000000004,0,4316
5756,A,0.50890000000000002,1,5089
5756,B,0.33040000000000003,0,3304
5757,A,0.9264,1,9264
5757,B,1.5238,0,15238
5758,A,0.63990000000000002,0,6399
5758,B,0.66239999999999999,1,6624
5759,A,0.36660000000000004,1,3666
5759,B,0.66090000000000004,0,6609
5760,A,1.0954000000000002,1,10954
5760,B,1.0286999999999999,1,10287
5761,A,0.86360000000000003,1,8636
5761,B,2.6464000000000003,0,26464
5762,A,1.4060000000000001,1,14060
5762,B,1.0049000000000001,0,10049
5763,A,0.66970000000000007,1,6697
5763,B,0.88240000000000007,0,8824
5764,A,0.45900000000000002,1,4590
5764,B,0.6361,0,6361
5765,A,0.84510000000000007,1,8451
5765,B,0.46600000000000003,0,4660
5766,A,0.34290000000000004,1,3429
5766,B,2.1729000000000003,0,21729
5767,A,1.2642,1,12642
5767,B,0.5605,1,5605
5768,A,0.64760000000000006,1,6476
5768,B,0.74440000000000006,0,7444
5769,A,1.0327999999999999,1,10328
5769,B,0.71190000000000009,1,7119
5770,A,0.61660000000000004,1,6166
5770,B,1.1122000000000001,1,11122
5771,A,0.44630000000000003,1,4463
5771,B,0.55300000000000005,0,5530
5772,A,1.1113,1,11113
5772,B,0.61020000000000008,0,6102
5773,A,1.0443,1,10443
5773,B,0.1211,0,1211
5774,A,0.47840000000000005,1,4784
5774,B,0.81630000000000003,1,8163
5775,A,0.50929999999999997,1,5093
5775,B,1.0512000000000001,0,10512
5776,A,0.4027,1,4027
5776,B,1.8437000000000001,0,18437
5777,A,0.57210000000000005,1,5721
5777,B,0.93090000000000006,0,9309
5778,A,0.3856,1,3856
5778,B,3.3852000000000002,1,33852
5779,A,0.60630000000000006,1,6063
5779,B,0.50800000000000001,0,5080
5780,A,1.2405000000000002,1,12405
5780,B,0.23880000000000001,0,2388
5781,A,0.53439999999999999,1,5344
5781,B,0.56530000000000002,0,5653
5782,A,0.89380000000000004,1,8938
5782,B,0.4118,0,4118
5783,A,0.82550000000000001,1,8255
5783,B,0.18240000000000001,0,1824
5784,A,0.66770000000000007,0,6677
5784,B,0.58169999999999999,0,5817
5785,A,0.37310000000000004,1,3731
5785,B,0.67770000000000008,0,6777
5786,A,1.8742000000000001,1,18742
5786,B,0.29039999999999999,0,2904
5787,A,0.78990000000000005,0,7899
5787,B,1.3785000000000001,0,13785
5788,A,0.38920000000000005,1,3892
5788,B,0.23580000000000001,0,2358
5789,A,0.99220000000000008,1,9922
5789,B,1.0224,0,10224
5790,A,1.4309000000000001,1,14309
5790,B,1.6109,0,16109
5791,A,0.45640000000000003,1,4564
5791,B,2.6493000000000002,1,26493
5792,A,0.52229999999999999,1,5223
5792,B,3.0563000000000002,1,30563
5793,A,0.69430000000000003,1,6943
5793,B,0.37460000000000004,0,3746
5794,A,0.50740000000000007,1,5074
5794,B,2.8959000000000001,1,28959
5795,A,0.41350000000000003,1,4135
5795,B,1.0304,0,10304
5796,A,0.89219999999999999,1,8922
5796,B,3.5987,0,35987
5797,A,0.74080000000000001,1,7408
5797,B,0.29010000000000002,1,2901
5798,A,1.1714,1,11714
5798,B,1.3289,0,13289
5799,A,0.33580000000000004,1,3358
5799,B,0.68010000000000004,1,6801
5800,A,0.86960000000000004,1,8696
5800,B,0.48470000000000002,0,4847
5801,A,1.4271,1,14271
5801,B,0.29420000000000002,0,2942
5802,A,0.2273,1,2273
5802,B,0.6149,0,6149
5803,A,0.52210000000000001,1,5221
5803,B,1.1438000000000001,0,11438
5804,A,0.85389999999999999,1,8539
5804,B,0.52370000000000005,1,5237
5805,A,0.49270000000000003,1,4927
5805,B,0.67200000000000004,1,6720
5806,A,0.65029999999999999,1,6503
5806,B,2.8438000000000003,0,28438
5807,A,1.6309,1,16309
5807,B,1.3465,1,13465
5808,A,1.2128000000000001,1,12128
5808,B,2.6586000000000003,1,26586
5809,A,0.77540000000000009,1,7754
5809,B,0.73120000000000007,0,7312
5810,A,1.1627000000000001,1,11627
5810,B,0.2346,0,2346
5811,A,0.53110000000000002,1,5311
5811,B,1.6222000000000001,0,16222
5812,A,0.30760000000000004,1,3076
5812,B,1.1096000000000001,0,11096
5813,A,0.42999999999999999,1,4300
5813,B,2.1998000000000002,1,21998
5814,A,0.84350000000000003,1,8435
5814,B,0.95690000000000008,1,9569
5815,A,0.49960000000000004,1,4996
5815,B,1.4053,1,14053
5816,A,1.1253,1,11253
5816,B,1.4533,1,14533
5817,A,0.52370000000000005,1,5237
5817,B,1.6354000000000002,0,16354
5818,A,1.5291000000000001,1,15291
5818,B,2.3100000000000001,0,23100
5819,A,0.65439999999999998,1,6544
5819,B,0.84640000000000004,1,8464
5820,A,0.37990000000000002,1,3799
5820,B,0.55280000000000007,0,5528
5821,A,0.66670000000000007,1,6667
5821,B,4.8321000000000005,1,48321
5822,A,0.69669999999999999,1,6967
5822,B,0.92730000000000001,0,9273
5823,A,0.4138,1,4138
5823,B,1.4073,0,14073
5824,A,0.68210000000000004,1,6821
5824,B,0.34660000000000002,0,3466
5825,A,0.62090000000000001,1,6209
5825,B,1.5941000000000001,0,15941
5826,A,0.68110000000000004,1,6811
5826,B,0.63840000000000008,1,6384
5827,A,0.7661,1,7661
5827,B,0.29110000000000003,0,2911
5828,A,1.4220000000000002,1,14220
5828,B,2.8538000000000001,0,28538
5829,A,0.69920000000000004,1,6992
5829,B,0.61109999999999998,0,6111
5830,A,0.80680000000000007,1,8068
5830,B,1.7758,0,17758
5831,A,0.69680000000000009,1,6968
5831,B,4.1204999999999998,0,41205
5832,A,0.83740000000000003,1,8374
5832,B,1.3808,0,13808
5833,A,0.50729999999999997,1,5073
5833,B,0.56990000000000007,0,5699
5834,A,0.82980000000000009,1,8298
5834,B,1.1643000000000001,0,11643
5835,A,1.0351000000000001,1,10351
5835,B,0.46550000000000002,0,4655
5836,A,0.92000000000000004,1,9200
5836,B,5.2058,0,52058
5837,A,0.56780000000000008,1,5678
5837,B,0.37170000000000003,1,3717
5838,A,1.0071000000000001,1,10071
5838,B,1.0901000000000001,0,10901
5839,A,0.33680000000000004,1,3368
5839,B,1.9524000000000001,1,19524
5840,A,0.2651,1,2651
5840,B,0.66449999999999998,0,6645
5841,A,0.94130000000000003,1,9413
5841,B,1.7868000000000002,1,17868
5842,A,0.86760000000000004,1,8676
5842,B,0.437,0,4370
5843,A,0.80730000000000002,1,8073
5843,B,0.38220000000000004,0,3822
5844,A,1.0569,1,10569
5844,B,0.97150000000000003,0,9715
5845,A,0.6159,1,6159
5845,B,3.3242000000000003,0,33242
5846,A,0.47760000000000002,1,4776
5846,B,0.30920000000000003,0,3092
5847,A,1.6644000000000001,1,16644
5847,B,0.67480000000000007,0,6748
5848,A,0.74990000000000001,1,7499
5848,B,0.55520000000000003,0,5552
5849,A,0.72000000000000008,1,7200
5849,B,0.57969999999999999,1,5797
5850,A,0.83210000000000006,1,8321
5850,B,0.6169,0,6169
5851,A,0.55090000000000006,1,5509
5851,B,2.6467000000000001,1,26467
5852,A,1.0917000000000001,1,10917
5852,B,0.73630000000000007,1,7363
5853,A,0.87520000000000009,1,8752
5853,B,1.103,0,11030
5854,A,1.2214,1,12214
5854,B,0.50900000000000001,0,5090
5855,A,0.38570000000000004,1,3857
5855,B,0.58810000000000007,0,5881
5856,A,0.95500000000000007,1,9550
5856,B,5.3658999999999999,1,53659
5857,A,0.67149999999999999,1,6715
5857,B,2.5381,1,25381
5858,A,0.81600000000000006,1,8160
5858,B,2.8755000000000002,1,28755
5859,A,1.0660000000000001,1,10660
5859,B,4.9047000000000001,0,49047
5860,A,0.84330000000000005,1,8433
5860,B,0.54990000000000006,1,5499
5861,A,1.0212000000000001,1,10212
5861,B,1.2293000000000001,0,12293
5862,A,0.56640000000000001,1,5664
5862,B,1.6158000000000001,0,16158
5863,A,1.0270000000000001,1,10270
5863,B,2.2166000000000001,0,22166
5864,A,0.66360000000000008,1,6636
5864,B,1.3227,1,13227
5865,A,0.53370000000000006,1,5337
5865,B,0.67500000000000004,0,6750
5866,A,0.71760000000000002,1,7176
5866,B,2.3406000000000002,0,23406
5867,A,0.46330000000000005,1,4633
5867,B,0.60010000000000008,0,6001
5868,A,0.37380000000000002,1,3738
5868,B,1.853,1,18530
5869,A,0.71550000000000002,1,7155
5869,B,0.46710000000000002,0,4671
5870,A,0.68180000000000007,1,6818
5870,B,0.3826,0,3826
5871,A,0.75490000000000002,1,7549
5871,B,1.1552,0,11552
5872,A,0.87509999999999999,1,8751
5872,B,0.7772,0,7772
5873,A,0.74730000000000008,1,7473
5873,B,0.48180000000000001,0,4818
5874,A,0.27350000000000002,0,2735
5874,B,0.41460000000000002,0,4146
5875,A,0.62080000000000002,1,6208
5875,B,1.8118000000000001,0,18118
5876,A,1.6264000000000001,1,16264
5876,B,1.8738000000000001,0,18738
5877,A,0.7117,0,7117
5877,B,0.61250000000000004,0,6125
5878,A,0.82810000000000006,1,8281
5878,B,0.57300000000000006,0,5730
5879,A,1.1577,1,11577
5879,B,2.8358000000000003,1,28358
5880,A,0.51000000000000001,1,5100
5880,B,0.49440000000000001,0,4944
5881,A,1.296,1,12960
5881,B,0.5171,0,5171
5882,A,0.7147,1,7147
5882,B,0.28610000000000002,0,2861
5883,A,0.86250000000000004,1,8625
5883,B,1.7353000000000001,1,17353
5884,A,1.0689,1,10689
5884,B,1.4161000000000001,0,14161
5885,A,1.9783000000000002,1,19783
5885,B,1.9460000000000002,0,19460
5886,A,0.60510000000000008,1,6051
5886,B,0.28420000000000001,0,2842
5887,A,0.37530000000000002,1,3753
5887,B,0.37820000000000004,0,3782
5888,A,0.67649999999999999,1,6765
5888,B,0.50570000000000004,0,5057
5889,A,0.93149999999999999,1,9315
5889,B,1.528,0,15280
5890,A,0.84500000000000008,1,8450
5890,B,0.82980000000000009,0,8298
5891,A,0.15049999999999999,0,1505
5891,B,1.8526,0,18526
5892,A,0.68920000000000003,1,6892
5892,B,0.38120000000000004,0,3812
5893,A,0.7984,1,7984
5893,B,1.2030000000000001,0,12030
5894,A,0.55310000000000004,1,5531
5894,B,0.23080000000000001,0,2308
5895,A,0.59370000000000001,1,5937
5895,B,0.21360000000000001,0,2136
5896,A,1.1478000000000002,1,11478
5896,B,1.0010000000000001,0,10010
5897,A,1.0901000000000001,1,10901
5897,B,0.68270000000000008,0,6827
5898,A,0.50550000000000006,1,5055
5898,B,5.1171000000000006,1,51171
5899,A,0.72830000000000006,1,7283
5899,B,0.36370000000000002,0,3637
5900,A,0.45170000000000005,1,4517
5900,B,0.69420000000000004,0,6942
5901,A,0.65110000000000001,1,6511
5901,B,0.2356,0,2356
5902,A,0.43490000000000001,1,4349
5902,B,0.52639999999999998,0,5264
5903,A,0.2102,1,2102
5903,B,1.6948000000000001,1,16948
5904,A,0.97870000000000001,1,9787
5904,B,2.3738999999999999,0,23739
5905,A,0.76219999999999999,1,7622
5905,B,0.24840000000000001,0,2484
5906,A,1.1426000000000001,1,11426
5906,B,0.2661,0,2661
5907,A,0.6371,1,6371
5907,B,0.38190000000000002,0,3819
5908,A,0.4965,1,4965
5908,B,2.8853,1,28853
5909,A,0.70800000000000007,1,7080
5909,B,1.6518000000000002,1,16518
5910,A,1.6722000000000001,1,16722
5910,B,1.0992999999999999,1,10993
5911,A,0.317,0,3170
5911,B,0.45290000000000002,0,4529
5912,A,1.0188000000000001,1,10188
5912,B,0.76600000000000001,0,7660
5913,A,0.67849999999999999,1,6785
5913,B,0.1827,0,1827
5914,A,0.82280000000000009,1,8228
5914,B,1.9915,0,19915
5915,A,0.70000000000000007,1,7000
5915,B,2.0091000000000001,1,20091
5916,A,0.98060000000000003,1,9806
5916,B,1.3546,0,13546
5917,A,0.59599999999999997,1,5960
5917,B,0.98089999999999999,0,9809
5918,A,0.79060000000000008,1,7906
5918,B,0.84230000000000005,0,8423
5919,A,1.7668000000000001,1,17668
5919,B,1.3541000000000001,0,13541
5920,A,0.73070000000000002,1,7307
5920,B,0.64660000000000006,0,6466
5921,A,0.34960000000000002,1,3496
5921,B,1.544,1,15440
5922,A,0.51819999999999999,1,5182
5922,B,0.7742,0,7742
5923,A,1.2892000000000001,1,12892
5923,B,0.61270000000000002,0,6127
5924,A,0.88780000000000003,1,8878
5924,B,0.7591,1,7591
5925,A,2.8792,1,28792
5925,B,1.5243,1,15243
5926,A,0.51319999999999999,1,5132
5926,B,0.34200000000000003,0,3420
5927,A,0.19540000000000002,1,1954
5927,B,1.6969000000000001,1,16969
5928,A,0.39380000000000004,1,3938
5928,B,3.7417000000000002,1,37417
5929,A,1.2535000000000001,1,12535
5929,B,0.51660000000000006,0,5166
5930,A,0.68159999999999998,1,6816
5930,B,1.3842000000000001,0,13842
5931,A,0.68840000000000001,1,6884
5931,B,0.51619999999999999,0,5162
5932,A,1.2784,1,12784
5932,B,1.0407,0,10407
5933,A,0.63560000000000005,1,6356
5933,B,1.2718,0,12718
5934,A,0.84210000000000007,1,8421
5934,B,0.42720000000000002,0,4272
5935,A,0.66570000000000007,1,6657
5935,B,1.8580000000000001,0,18580
5936,A,0.56559999999999999,1,5656
5936,B,1.1427,0,11427
5937,A,0.85680000000000001,1,8568
5937,B,0.83110000000000006,1,8311
5938,A,0.65629999999999999,1,6563
5938,B,0.51370000000000005,0,5137
5939,A,1.3779000000000001,1,13779
5939,B,0.3417,1,3417
5940,A,0.73280000000000001,1,7328
5940,B,3.9105000000000003,0,39105
5941,A,0.41120000000000001,1,4112
5941,B,0.7016,0,7016
5942,A,0.67000000000000004,1,6700
5942,B,1.4115,0,14115
5943,A,0.4783,1,4783
5943,B,0.29530000000000001,0,2953
5944,A,0.96260000000000001,1,9626
5944,B,1.7427000000000001,1,17427
5945,A,0.71779999999999999,1,7178
5945,B,1.4285000000000001,1,14285
5946,A,0.99470000000000003,0,9947
5946,B,0.26540000000000002,0,2654
5947,A,4.3077000000000005,1,43077
5947,B,0.63570000000000004,0,6357
5948,A,0.84689999999999999,1,8469
5948,B,0.50490000000000002,0,5049
5949,A,0.95590000000000008,1,9559
5949,B,0.51910000000000001,0,5191
5950,A,0.61160000000000003,1,6116
5950,B,4.2755999999999998,0,42756
5951,A,1.1595,1,11595
5951,B,1.0760000000000001,0,10760
5952,A,0.82100000000000006,1,8210
5952,B,0.51070000000000004,0,5107
5953,A,0.89770000000000005,1,8977
5953,B,2.2797000000000001,1,22797
5954,A,0.61099999999999999,1,6110
5954,B,0.78260000000000007,0,7826
5955,A,0.66360000000000008,1,6636
5955,B,1.0211000000000001,0,10211
5956,A,0.61440000000000006,1,6144
5956,B,1.9696,1,19696
5957,A,0.69600000000000006,1,6960
5957,B,0.93240000000000001,1,9324
5958,A,1.0680000000000001,1,10680
5958,B,0.63929999999999998,0,6393
5959,A,0.57120000000000004,1,5712
5959,B,2.4687000000000001,0,24687
5960,A,1.5668,1,15668
5960,B,1.2305000000000001,0,12305
5961,A,1.0651000000000002,1,10651
5961,B,0.4289,0,4289
5962,A,1.5939000000000001,1,15939
5962,B,1.6655,0,16655
5963,A,0.93690000000000007,1,9369
5963,B,1.0681,1,10681
5964,A,1.6493,1,16493
5964,B,0.81210000000000004,0,8121
5965,A,0.58630000000000004,1,5863
5965,B,1.6935,0,16935
5966,A,1.2286000000000001,1,12286
5966,B,1.083,1,10830
5967,A,0.67160000000000009,1,6716
5967,B,3.2787000000000002,0,32787
5968,A,1.3346,1,13346
5968,B,0.41570000000000001,0,4157
5969,A,0.47860000000000003,0,4786
5969,B,0.97450000000000003,1,9745
5970,A,0.54659999999999997,1,5466
5970,B,0.74030000000000007,0,7403
5971,A,1.3356000000000001,1,13356
5971,B,2.7534000000000001,1,27534
5972,A,1.1046,1,11046
5972,B,0.72220000000000006,1,7222
5973,A,0.96350000000000002,1,9635
5973,B,1.7833000000000001,1,17833
5974,A,0.88250000000000006,1,8825
5974,B,1.7545000000000002,1,17545
5975,A,1.2310000000000001,1,12310
5975,B,0.45340000000000003,0,4534
5976,A,1.5720000000000001,1,15720
5976,B,0.76650000000000007,1,7665
5977,A,0.85370000000000001,1,8537
5977,B,0.31340000000000001,0,3134
5978,A,0.5726,1,5726
5978,B,0.31380000000000002,0,3138
5979,A,1.3389,1,13389
5979,B,2.5055000000000001,0,25055
5980,A,1.196,1,11960
5980,B,0.2228,0,2228
5981,A,0.94440000000000002,1,9444
5981,B,0.26890000000000003,0,2689
5982,A,0.4758,1,4758
5982,B,3.0201000000000002,1,30201
5983,A,0.64429999999999998,1,6443
5983,B,0.81080000000000008,0,8108
5984,A,0.56500000000000006,1,5650
5984,B,0.79970000000000008,1,7997
5985,A,1.0364,1,10364
5985,B,0.86020000000000008,0,8602
5986,A,0.57450000000000001,1,5745
5986,B,0.31859999999999999,0,3186
5987,A,0.61680000000000001,1,6168
5987,B,5.4690000000000003,1,54690
5988,A,0.70430000000000004,1,7043
5988,B,0.8407,0,8407
5989,A,0.56680000000000008,1,5668
5989,B,1.3524,0,13524
5990,A,0.83650000000000002,1,8365
5990,B,2.4755000000000003,0,24755
5991,A,0.76780000000000004,1,7678
5991,B,1.2883,0,12883
5992,A,1.621,1,16210
5992,B,0.89560000000000006,1,8956
5993,A,0.71420000000000006,1,7142
5993,B,0.42350000000000004,0,4235
5994,A,0.87190000000000001,1,8719
5994,B,0.5323,0,5323
5995,A,0.49340000000000001,1,4934
5995,B,0.81900000000000006,0,8190
5996,A,0.56040000000000001,1,5604
5996,B,0.6673,0,6673
5997,A,0.52550000000000008,1,5255
5997,B,0.74170000000000003,1,7417
5998,A,1.3363,1,13363
5998,B,2.714,0,27140
5999,A,0.31720000000000004,1,3172
5999,B,2.1291000000000002,1,21291
6000,A,1.4961,1,14961
6000,B,1.6060000000000001,0,16060
6001,A,0.4123,1,4123
6001,B,0.68170000000000008,1,6817
6002,A,1.8130000000000002,1,18130
6002,B,2.4823,0,24823
6003,A,0.54600000000000004,1,5460
6003,B,1.4489000000000001,0,14489
6004,A,0.56620000000000004,1,5662
6004,B,1.3598000000000001,1,13598
6005,A,0.47810000000000002,1,4781
6005,B,1.3216000000000001,0,13216
6006,A,0.81410000000000005,1,8141
6006,B,0.21340000000000001,0,2134
6007,A,0.93340000000000001,1,9334
6007,B,0.36649999999999999,0,3665
6008,A,0.65539999999999998,1,6554
6008,B,2.8609,0,28609
6009,A,1.2345000000000002,1,12345
6009,B,0.90590000000000004,0,9059
6010,A,0.71600000000000008,1,7160
6010,B,0.28760000000000002,0,2876
6011,A,0.4173,1,4173
6011,B,0.84520000000000006,0,8452
6012,A,2.1325000000000003,1,21325
6012,B,1.665,1,16650
6013,A,0.3422,1,3422
6013,B,0.45740000000000003,0,4574
6014,A,0.61220000000000008,1,6122
6014,B,0.18430000000000002,0,1843
6015,A,0.71190000000000009,1,7119
6015,B,0.96750000000000003,1,9675
6016,A,0.8014,1,8014
6016,B,1.3654000000000002,1,13654
6017,A,0.90200000000000002,1,9020
6017,B,0.68330000000000002,1,6833
6018,A,1.7998000000000001,0,17998
6018,B,0.27579999999999999,0,2758
6019,A,1.5432000000000001,1,15432
6019,B,0.39580000000000004,0,3958
6020,A,0.94010000000000005,1,9401
6020,B,0.47940000000000005,1,4794
6021,A,1.0999000000000001,1,10999
6021,B,0.54920000000000002,0,5492
6022,A,1.4762000000000002,1,14762
6022,B,0.58010000000000006,0,5801
6023,A,0.7853,1,7853
6023,B,0.3584,0,3584
6024,A,0.61280000000000001,1,6128
6024,B,3.4588000000000001,0,34588
6025,A,0.54020000000000001,1,5402
6025,B,2.4645000000000001,0,24645
6026,A,1.2277,1,12277
6026,B,2.4220999999999999,0,24221
6027,A,2.0310000000000001,1,20310
6027,B,3.8553000000000002,1,38553
6028,A,1.056,1,10560
6028,B,1.1060000000000001,1,11060
6029,A,0.6653,1,6653
6029,B,1.6927000000000001,1,16927
6030,A,0.33310000000000001,1,3331
6030,B,2.1183000000000001,0,21183
6031,A,1.2665,0,12665
6031,B,0.37630000000000002,0,3763
6032,A,1.0846,1,10846
6032,B,0.97930000000000006,0,9793
6033,A,1.1754,1,11754
6033,B,0.65200000000000002,0,6520
6034,A,0.59250000000000003,1,5925
6034,B,2.1959,0,21959
6035,A,0.75390000000000001,1,7539
6035,B,2.5601000000000003,0,25601
6036,A,0.98160000000000003,0,9816
6036,B,1.2704,0,12704
6037,A,1.2584,1,12584
6037,B,5.3047000000000004,0,53047
6038,A,0.29260000000000003,1,2926
6038,B,0.80530000000000002,0,8053
6039,A,0.6532,1,6532
6039,B,0.88740000000000008,0,8874
6040,A,1.6103000000000001,1,16103
6040,B,1.5805,1,15805
6041,A,0.75860000000000005,1,7586
6041,B,1.8254000000000001,0,18254
6042,A,0.80120000000000002,1,8012
6042,B,2.5776000000000003,0,25776
6043,A,1.5258,1,15258
6043,B,0.38400000000000001,0,3840
6044,A,0.38300000000000001,1,3830
6044,B,0.32950000000000002,0,3295
6045,A,0.9718,1,9718
6045,B,0.22160000000000002,0,2216
6046,A,1.5640000000000001,1,15640
6046,B,0.52380000000000004,0,5238
6047,A,0.2031,1,2031
6047,B,1.1614,0,11614
6048,A,1.0448,1,10448
6048,B,0.30249999999999999,0,3025
6049,A,0.53590000000000004,1,5359
6049,B,0.89240000000000008,0,8924
6050,A,0.87309999999999999,1,8731
6050,B,1.5414000000000001,0,15414
6051,A,0.45070000000000005,1,4507
6051,B,1.3360000000000001,1,13360
6052,A,0.61980000000000002,1,6198
6052,B,7.1004000000000005,0,71004
6053,A,0.27040000000000003,1,2704
6053,B,0.76060000000000005,0,7606
6054,A,0.87409999999999999,1,8741
6054,B,0.52629999999999999,0,5263
6055,A,0.9516,1,9516
6055,B,0.5081,0,5081
6056,A,0.43880000000000002,1,4388
6056,B,0.37490000000000001,0,3749
6057,A,1.4815,1,14815
6057,B,1.3621000000000001,0,13621
6058,A,1.1508,1,11508
6058,B,0.46180000000000004,0,4618
6059,A,0.4178,1,4178
6059,B,1.6129,1,16129
6060,A,0.82210000000000005,1,8221
6060,B,3.3424,1,33424
6061,A,0.35539999999999999,1,3554
6061,B,2.7228000000000003,1,27228
6062,A,1.5497000000000001,1,15497
6062,B,0.64770000000000005,0,6477
6063,A,0.85630000000000006,1,8563
6063,B,1.1093,0,11093
6064,A,1.1586000000000001,1,11586
6064,B,0.43110000000000004,0,4311
6065,A,0.69569999999999999,1,6957
6065,B,1.4265000000000001,1,14265
6066,A,1.0045999999999999,1,10046
6066,B,0.67620000000000002,0,6762
6067,A,0.99640000000000006,1,9964
6067,B,0.75419999999999998,0,7542
6068,A,0.86060000000000003,1,8606
6068,B,1.034,0,10340
6069,A,0.71210000000000007,1,7121
6069,B,0.73470000000000002,0,7347
6070,A,0.66739999999999999,1,6674
6070,B,0.66410000000000002,0,6641
6071,A,1.2411000000000001,1,12411
6071,B,0.90860000000000007,0,9086
6072,A,0.36020000000000002,1,3602
6072,B,0.1714,0,1714
6073,A,1.1989000000000001,1,11989
6073,B,0.67210000000000003,0,6721
6074,A,0.48080000000000001,1,4808
6074,B,0.73880000000000001,1,7388
6075,A,0.46240000000000003,1,4624
6075,B,0.78280000000000005,0,7828
6076,A,0.76080000000000003,1,7608
6076,B,0.098400000000000001,0,984
6077,A,1.4455,1,14455
6077,B,0.71860000000000002,0,7186
6078,A,1.1362000000000001,1,11362
6078,B,0.50629999999999997,1,5063
6079,A,0.59200000000000008,1,5920
6079,B,0.25330000000000003,0,2533
6080,A,1.0271000000000001,1,10271
6080,B,2.9695,1,29695
6081,A,0.91680000000000006,1,9168
6081,B,0.30990000000000001,1,3099
6082,A,1.7050000000000001,1,17050
6082,B,1.8029000000000002,1,18029
6083,A,0.9718,1,9718
6083,B,0.68240000000000001,0,6824
6084,A,0.95400000000000007,1,9540
6084,B,0.58879999999999999,0,5888
6085,A,0.7792,1,7792
6085,B,1.1348,0,11348
6086,A,1.0358000000000001,1,10358
6086,B,0.48600000000000004,0,4860
6087,A,0.70350000000000001,1,7035
6087,B,1.1014000000000002,1,11014
6088,A,1.4707000000000001,1,14707
6088,B,1.2039,0,12039
6089,A,0.54730000000000001,1,5473
6089,B,3.1165000000000003,0,31165
6090,A,0.5887,0,5887
6090,B,1.6274000000000002,0,16274
6091,A,1.1453,1,11453
6091,B,0.31209999999999999,0,3121
6092,A,1.0613000000000001,1,10613
6092,B,1.9427000000000001,1,19427
6093,A,0.62540000000000007,1,6254
6093,B,0.60160000000000002,0,6016
6094,A,1.1241000000000001,1,11241
6094,B,2.609,1,26090
6095,A,1.331,1,13310
6095,B,1.3214000000000001,0,13214
6096,A,0.98570000000000002,1,9857
6096,B,0.61330000000000007,1,6133
6097,A,1.0985,1,10985
6097,B,0.65470000000000006,0,6547
6098,A,2.1121000000000003,1,21121
6098,B,0.43860000000000005,0,4386
6099,A,1.3707,1,13707
6099,B,3.0231000000000003,0,30231
6100,A,0.86130000000000007,1,8613
6100,B,0.66460000000000008,0,6646
6101,A,0.5353,1,5353
6101,B,1.6299000000000001,0,16299
6102,A,0.49270000000000003,1,4927
6102,B,0.17580000000000001,0,1758
6103,A,2.1910000000000003,1,21910
6103,B,1.2685,1,12685
6104,A,0.94130000000000003,1,9413
6104,B,0.58340000000000003,0,5834
6105,A,1.5147000000000002,1,15147
6105,B,0.66549999999999998,0,6655
6106,A,1.415,1,14150
6106,B,1.2279,1,12279
6107,A,0.73230000000000006,1,7323
6107,B,2.4229000000000003,1,24229
6108,A,0.40960000000000002,1,4096
6108,B,0.52829999999999999,0,5283
6109,A,1.4809000000000001,1,14809
6109,B,3.0314000000000001,0,30314
6110,A,0.63960000000000006,1,6396
6110,B,2.0487000000000002,0,20487
6111,A,0.62770000000000004,1,6277
6111,B,1.3932,0,13932
6112,A,0.71660000000000001,1,7166
6112,B,1.7528000000000001,1,17528
6113,A,0.42380000000000001,1,4238
6113,B,2.2031000000000001,0,22031
6114,A,1.2736000000000001,1,12736
6114,B,0.8236,1,8236
6115,A,0.42330000000000001,1,4233
6115,B,0.40390000000000004,0,4039
6116,A,0.37,1,3700
6116,B,2.5099,0,25099
6117,A,0.97130000000000005,1,9713
6117,B,0.55110000000000003,1,5511
6118,A,0.85580000000000001,1,8558
6118,B,1.0828,1,10828
6119,A,0.58760000000000001,0,5876
6119,B,2.1993,0,21993
6120,A,0.50900000000000001,1,5090
6120,B,0.87480000000000002,0,8748
6121,A,0.89890000000000003,1,8989
6121,B,1.1421000000000001,0,11421
6122,A,0.69340000000000002,1,6934
6122,B,0.73770000000000002,0,7377
6123,A,0.87040000000000006,1,8704
6123,B,0.61670000000000003,0,6167
6124,A,1.4232,1,14232
6124,B,1.1539000000000001,1,11539
6125,A,0.60099999999999998,1,6010
6125,B,1.1252,0,11252
6126,A,0.68740000000000001,1,6874
6126,B,1.7012,0,17012
6127,A,0.95620000000000005,1,9562
6127,B,0.7258,0,7258
6128,A,1.1287,1,11287
6128,B,1.4102000000000001,1,14102
6129,A,0.43880000000000002,1,4388
6129,B,1.3644000000000001,0,13644
6130,A,1.0833000000000002,1,10833
6130,B,5.2054,0,52054
6131,A,0.35320000000000001,1,3532
6131,B,0.40060000000000001,0,4006
6132,A,0.25790000000000002,1,2579
6132,B,1.5595000000000001,0,15595
6133,A,0.43340000000000001,1,4334
6133,B,0.9719000000000001,0,9719
6134,A,0.33040000000000003,0,3304
6134,B,2.8562000000000003,0,28562
6135,A,0.76819999999999999,1,7682
6135,B,0.53549999999999998,0,5355
6136,A,0.32150000000000001,1,3215
6136,B,0.70479999999999998,0,7048
6137,A,1.1976,1,11976
6137,B,0.1983,0,1983
6138,A,0.58979999999999999,1,5898
6138,B,1.0701000000000001,0,10701
6139,A,0.65620000000000001,1,6562
6139,B,0.33200000000000002,0,3320
6140,A,1.2049000000000001,1,12049
6140,B,1.4956,1,14956
6141,A,0.1512,0,1512
6141,B,2.0249000000000001,0,20249
6142,A,1.1067,1,11067
6142,B,0.86620000000000008,0,8662
6143,A,0.79020000000000001,1,7902
6143,B,0.3301,0,3301
6144,A,0.49730000000000002,1,4973
6144,B,1.4342000000000001,0,14342
6145,A,0.873,1,8730
6145,B,0.67370000000000008,0,6737
6146,A,0.3695,1,3695
6146,B,4.8872,0,48872
6147,A,1.8595000000000002,1,18595
6147,B,0.9103,0,9103
6148,A,1.1203000000000001,1,11203
6148,B,0.57230000000000003,0,5723
6149,A,0.6341,1,6341
6149,B,0.2974,0,2974
6150,A,0.42760000000000004,1,4276
6150,B,3.1608000000000001,0,31608
6151,A,1.5204,1,15204
6151,B,2.3959999999999999,1,23960
6152,A,0.56800000000000006,1,5680
6152,B,1.1420000000000001,1,11420
6153,A,1.2771000000000001,1,12771
6153,B,0.56069999999999998,0,5607
6154,A,1.0532000000000001,1,10532
6154,B,1.3320000000000001,1,13320
6155,A,0.83440000000000003,1,8344
6155,B,3.3262,0,33262
6156,A,0.374,1,3740
6156,B,1.2831000000000001,0,12831
6157,A,0.83960000000000001,1,8396
6157,B,0.64340000000000008,1,6434
6158,A,2.2577000000000003,1,22577
6158,B,0.50180000000000002,0,5018
6159,A,0.38850000000000001,1,3885
6159,B,1.3686,1,13686
6160,A,0.54060000000000008,1,5406
6160,B,0.83790000000000009,1,8379
6161,A,0.65870000000000006,1,6587
6161,B,0.91790000000000005,0,9179
6162,A,0.49410000000000004,1,4941
6162,B,1.1399000000000001,1,11399
6163,A,2.2441,1,22441
6163,B,0.32469999999999999,0,3247
6164,A,0.47050000000000003,1,4705
6164,B,2.831,0,28310
6165,A,0.60070000000000001,1,6007
6165,B,1.0939000000000001,0,10939
6166,A,0.51529999999999998,1,5153
6166,B,0.28860000000000002,0,2886
6167,A,1.0458000000000001,1,10458
6167,B,1.4884000000000002,1,14884
6168,A,1.4726000000000001,1,14726
6168,B,0.49690000000000001,0,4969
6169,A,0.91770000000000007,0,9177
6169,B,0.52060000000000006,0,5206
6170,A,0.48430000000000001,1,4843
6170,B,0.59550000000000003,0,5955
6171,A,1.1189,1,11189
6171,B,0.71440000000000003,0,7144
6172,A,0.54759999999999998,1,5476
6172,B,0.64550000000000007,0,6455
6173,A,2.2634000000000003,1,22634
6173,B,0.57220000000000004,0,5722
6174,A,1.5129000000000001,1,15129
6174,B,0.51670000000000005,0,5167
6175,A,0.9840000000000001,1,9840
6175,B,1.8827,1,18827
6176,A,1.4203000000000001,1,14203
6176,B,0.60050000000000003,0,6005
6177,A,0.3846,1,3846
6177,B,1.8723000000000001,1,18723
6178,A,1.0499000000000001,1,10499
6178,B,1.4896,1,14896
6179,A,1.6085,1,16085
6179,B,0.73799999999999999,0,7380
6180,A,0.59689999999999999,1,5969
6180,B,1.6757000000000002,1,16757
6181,A,0.78250000000000008,1,7825
6181,B,2.1031,0,21031
6182,A,0.45380000000000004,1,4538
6182,B,1.643,1,16430
6183,A,1.3238000000000001,1,13238
6183,B,1.5054000000000001,0,15054
6184,A,1.2349000000000001,1,12349
6184,B,0.50700000000000001,0,5070
6185,A,1.1306,0,11306
6185,B,0.77280000000000004,0,7728
6186,A,1.0594000000000001,1,10594
6186,B,1.8429,0,18429
6187,A,0.41460000000000002,1,4146
6187,B,2.1667000000000001,1,21667
6188,A,0.67600000000000005,1,6760
6188,B,0.51140000000000008,0,5114
6189,A,0.31480000000000002,1,3148
6189,B,0.33030000000000004,0,3303
6190,A,0.39450000000000002,1,3945
6190,B,0.78120000000000001,0,7812
6191,A,0.4446,1,4446
6191,B,1.2979000000000001,1,12979
6192,A,1.2944,1,12944
6192,B,1.0527,1,10527
6193,A,1.5042,1,15042
6193,B,1.0281,0,10281
6194,A,0.44340000000000002,1,4434
6194,B,1.7195,0,17195
6195,A,0.38700000000000001,1,3870
6195,B,0.32090000000000002,0,3209
6196,A,1.0587,1,10587
6196,B,0.15660000000000002,0,1566
6197,A,0.83530000000000004,1,8353
6197,B,1.3796000000000002,0,13796
6198,A,0.94730000000000003,1,9473
6198,B,3.0522,0,30522
6199,A,0.28900000000000003,0,2890
6199,B,1.1392,1,11392
6200,A,0.90629999999999999,0,9063
6200,B,0.38240000000000002,0,3824
6201,A,0.8387,1,8387
6201,B,2.7772000000000001,1,27772
6202,A,1.0278,1,10278
6202,B,1.4556,1,14556
6203,A,0.68400000000000005,1,6840
6203,B,1.3023,0,13023
6204,A,1.0204,1,10204
6204,B,1.2812000000000001,0,12812
6205,A,1.0988,1,10988
6205,B,3.4788000000000001,1,34788
6206,A,0.5423,1,5423
6206,B,1.6272,0,16272
6207,A,0.28710000000000002,1,2871
6207,B,1.0681,1,10681
6208,A,0.80770000000000008,1,8077
6208,B,0.27850000000000003,0,2785
6209,A,0.35880000000000001,1,3588
6209,B,3.4512,0,34512
6210,A,1.0445,0,10445
6210,B,0.73920000000000008,0,7392
6211,A,0.76850000000000007,1,7685
6211,B,1.5573000000000001,0,15573
6212,A,0.4385,1,4385
6212,B,0.99490000000000001,1,9949
6213,A,1.2649000000000001,1,12649
6213,B,0.69650000000000001,0,6965
6214,A,0.92930000000000001,1,9293
6214,B,0.34890000000000004,0,3489
6215,A,1.286,1,12860
6215,B,0.63390000000000002,0,6339
6216,A,0.74880000000000002,1,7488
6216,B,0.68200000000000005,1,6820
6217,A,1.2354000000000001,1,12354
6217,B,2.1709000000000001,0,21709
6218,A,0.38300000000000001,1,3830
6218,B,1.8832,1,18832
6219,A,0.21710000000000002,1,2171
6219,B,0.72799999999999998,0,7280
6220,A,0.2253,1,2253
6220,B,1.2138,0,12138
6221,A,0.2581,1,2581
6221,B,5.5699000000000005,0,55699
6222,A,0.56120000000000003,1,5612
6222,B,0.60450000000000004,0,6045
6223,A,2.0224000000000002,1,20224
6223,B,0.57630000000000003,0,5763
6224,A,0.72699999999999998,1,7270
6224,B,0.434,0,4340
6225,A,2.2271000000000001,1,22271
6225,B,0.33069999999999999,0,3307
6226,A,0.75120000000000009,1,7512
6226,B,0.48020000000000002,0,4802
6227,A,0.55680000000000007,1,5568
6227,B,0.83490000000000009,0,8349
6228,A,0.55330000000000001,1,5533
6228,B,0.96630000000000005,0,9663
6229,A,1.1783000000000001,1,11783
6229,B,0.39330000000000004,0,3933
6230,A,0.39480000000000004,1,3948
6230,B,1.0451000000000001,0,10451
6231,A,0.98660000000000003,0,9866
6231,B,0.27860000000000001,0,2786
6232,A,1.5261,1,15261
6232,B,0.63370000000000004,0,6337
6233,A,0.94059999999999999,1,9406
6233,B,0.41400000000000003,0,4140
6234,A,1.9974000000000001,1,19974
6234,B,0.61820000000000008,0,6182
6235,A,0.30820000000000003,1,3082
6235,B,0.66050000000000009,0,6605
6236,A,0.90090000000000003,1,9009
6236,B,1.7034,0,17034
6237,A,1.0508999999999999,1,10509
6237,B,0.8579,0,8579
6238,A,0.66560000000000008,1,6656
6238,B,0.32769999999999999,0,3277
6239,A,0.45780000000000004,1,4578
6239,B,0.26500000000000001,0,2650
6240,A,1.4018000000000002,1,14018
6240,B,0.23750000000000002,0,2375
6241,A,0.68310000000000004,1,6831
6241,B,1.6258000000000001,1,16258
6242,A,0.38630000000000003,1,3863
6242,B,0.58620000000000005,1,5862
6243,A,0.86060000000000003,1,8606
6243,B,2.3029999999999999,1,23030
6244,A,0.55449999999999999,1,5545
6244,B,1.1709000000000001,1,11709
6245,A,0.43810000000000004,1,4381
6245,B,0.56259999999999999,0,5626
6246,A,0.60750000000000004,1,6075
6246,B,0.58510000000000006,1,5851
6247,A,1.4875,1,14875
6247,B,3.7229000000000001,1,37229
6248,A,1.3046,1,13046
6248,B,0.47800000000000004,1,4780
6249,A,0.81859999999999999,1,8186
6249,B,1.0801000000000001,0,10801
6250,A,0.59710000000000008,1,5971
6250,B,0.2031,0,2031
6251,A,0.75040000000000007,1,7504
6251,B,1.8193000000000001,0,18193
6252,A,0.96090000000000009,1,9609
6252,B,0.62440000000000007,0,6244
6253,A,1.4959,1,14959
6253,B,1.401,1,14010
6254,A,0.71840000000000004,1,7184
6254,B,0.65090000000000003,0,6509
6255,A,0.63940000000000008,1,6394
6255,B,1.4119000000000002,1,14119
6256,A,0.60270000000000001,1,6027
6256,B,1.6339000000000001,1,16339
6257,A,0.58030000000000004,1,5803
6257,B,1.6921000000000002,0,16921
6258,A,0.53610000000000002,1,5361
6258,B,2.0387,1,20387
6259,A,1.2411000000000001,1,12411
6259,B,2.3709000000000002,1,23709
6260,A,0.93800000000000006,1,9380
6260,B,1.8375000000000001,0,18375
6261,A,1.1483000000000001,1,11483
6261,B,0.30820000000000003,0,3082
6262,A,0.51980000000000004,1,5198
6262,B,1.2592000000000001,0,12592
6263,A,1.1266,1,11266
6263,B,1.9288000000000001,0,19288
6264,A,0.9820000000000001,1,9820
6264,B,2.1272000000000002,0,21272
6265,A,1.0190000000000001,1,10190
6265,B,0.2969,0,2969
6266,A,1.2511000000000001,1,12511
6266,B,1.9566000000000001,0,19566
6267,A,0.77310000000000001,1,7731
6267,B,0.58789999999999998,0,5879
6268,A,1.3498000000000001,1,13498
6268,B,0.98830000000000007,0,9883
6269,A,0.37490000000000001,1,3749
6269,B,3.4159000000000002,0,34159
6270,A,0.87760000000000005,1,8776
6270,B,2.1137000000000001,0,21137
6271,A,0.8639,1,8639
6271,B,3.3765000000000001,0,33765
6272,A,1.5786,1,15786
6272,B,0.54049999999999998,1,5405
6273,A,1.9714,1,19714
6273,B,0.53220000000000001,0,5322
6274,A,0.62480000000000002,1,6248
6274,B,0.33929999999999999,0,3393
6275,A,1.1456,1,11456
6275,B,0.80049999999999999,0,8005
6276,A,0.99970000000000003,1,9997
6276,B,0.65450000000000008,0,6545
6277,A,0.50480000000000003,1,5048
6277,B,1.3043,0,13043
6278,A,1.0486,1,10486
6278,B,1.4626000000000001,0,14626
6279,A,0.54259999999999997,1,5426
6279,B,1.8911,0,18911
6280,A,0.39840000000000003,1,3984
6280,B,0.70540000000000003,1,7054
6281,A,0.4652,1,4652
6281,B,1.6940000000000002,1,16940
6282,A,1.8841000000000001,1,18841
6282,B,1.8769,1,18769
6283,A,0.90090000000000003,1,9009
6283,B,0.40910000000000002,0,4091
6284,A,0.86760000000000004,1,8676
6284,B,1.0717000000000001,0,10717
6285,A,1.0251000000000001,1,10251
6285,B,1.9354,1,19354
6286,A,0.46060000000000001,1,4606
6286,B,2.0777000000000001,0,20777
6287,A,0.82200000000000006,1,8220
6287,B,0.93740000000000001,0,9374
6288,A,0.61470000000000002,1,6147
6288,B,2.2033,0,22033
6289,A,0.59670000000000001,1,5967
6289,B,1.024,1,10240
6290,A,0.29999999999999999,1,3000
6290,B,1.21,0,12100
6291,A,1.2445000000000002,1,12445
6291,B,0.58930000000000005,0,5893
6292,A,0.69030000000000002,1,6903
6292,B,2.5387,0,25387
6293,A,0.8701000000000001,1,8701
6293,B,0.68820000000000003,0,6882
6294,A,0.78160000000000007,1,7816
6294,B,1.4822,1,14822
6295,A,0.91450000000000009,1,9145
6295,B,2.6262000000000003,1,26262
6296,A,0.82300000000000006,0,8230
6296,B,0.68500000000000005,0,6850
6297,A,0.5282,1,5282
6297,B,1.5631000000000002,0,15631
6298,A,0.40360000000000001,1,4036
6298,B,0.57120000000000004,0,5712
6299,A,0.33540000000000003,0,3354
6299,B,0.17750000000000002,0,1775
6300,A,0.3548,1,3548
6300,B,1.9112,1,19112
6301,A,0.25600000000000001,1,2560
6301,B,0.29050000000000004,0,2905
6302,A,0.74230000000000007,1,7423
6302,B,0.42370000000000002,0,4237
6303,A,1.1052999999999999,1,11053
6303,B,3.3466,0,33466
6304,A,0.48780000000000001,1,4878
6304,B,0.21730000000000002,0,2173
6305,A,0.70590000000000008,1,7059
6305,B,0.38630000000000003,0,3863
6306,A,0.39710000000000001,1,3971
6306,B,0.99280000000000002,1,9928
6307,A,0.60099999999999998,1,6010
6307,B,2.0024000000000002,1,20024
6308,A,1.4690000000000001,1,14690
6308,B,0.19470000000000001,0,1947
6309,A,0.63650000000000007,1,6365
6309,B,1.6843000000000001,1,16843
6310,A,0.61850000000000005,1,6185
6310,B,0.76740000000000008,0,7674
6311,A,0.98580000000000001,1,9858
6311,B,1.0840000000000001,0,10840
6312,A,1.3367,1,13367
6312,B,5.6659000000000006,0,56659
6313,A,1.3063,1,13063
6313,B,3.0372000000000003,0,30372
6314,A,0.63580000000000003,1,6358
6314,B,1.3286,0,13286
6315,A,0.72120000000000006,1,7212
6315,B,0.24880000000000002,0,2488
6316,A,0.7994,1,7994
6316,B,1.4781,0,14781
6317,A,1.2114,1,12114
6317,B,1.4044000000000001,1,14044
6318,A,1.3495000000000001,1,13495
6318,B,1.9200000000000002,0,19200
6319,A,1.0902000000000001,1,10902
6319,B,2.5867,0,25867
6320,A,0.45130000000000003,1,4513
6320,B,1.6742000000000001,0,16742
6321,A,0.41810000000000003,1,4181
6321,B,1.7951000000000001,1,17951
6322,A,0.64890000000000003,1,6489
6322,B,0.3553,0,3553
6323,A,0.77550000000000008,1,7755
6323,B,1.8923000000000001,1,18923
6324,A,0.35370000000000001,1,3537
6324,B,0.26219999999999999,0,2622
6325,A,0.44630000000000003,0,4463
6325,B,1.2691000000000001,1,12691
6326,A,0.58979999999999999,1,5898
6326,B,1.5684,0,15684
6327,A,0.38650000000000001,1,3865
6327,B,2.4927000000000001,0,24927
6328,A,1.3872,1,13872
6328,B,0.43720000000000003,0,4372
6329,A,1.7790000000000001,1,17790
6329,B,1.337,0,13370
6330,A,1.3744000000000001,1,13744
6330,B,1.0305,1,10305
6331,A,1.0028000000000001,1,10028
6331,B,0.56080000000000008,1,5608
6332,A,0.2019,0,2019
6332,B,0.93480000000000008,0,9348
6333,A,0.41140000000000004,1,4114
6333,B,0.1615,0,1615
6334,A,0.81240000000000001,1,8124
6334,B,0.74070000000000003,1,7407
6335,A,0.48450000000000004,1,4845
6335,B,0.25180000000000002,0,2518
6336,A,0.77970000000000006,1,7797
6336,B,1.3170000000000002,1,13170
6337,A,0.61030000000000006,1,6103
6337,B,2.5433000000000003,0,25433
6338,A,0.52000000000000002,1,5200
6338,B,2.4286000000000003,1,24286
6339,A,1.0193000000000001,1,10193
6339,B,0.47760000000000002,0,4776
6340,A,0.90850000000000009,1,9085
6340,B,1.5030000000000001,0,15030
6341,A,0.6905,1,6905
6341,B,1.2813000000000001,0,12813
6342,A,2.1228000000000002,1,21228
6342,B,0.92790000000000006,0,9279
6343,A,2.2533000000000003,1,22533
6343,B,0.90600000000000003,0,9060
6344,A,0.53700000000000003,1,5370
6344,B,0.28400000000000003,0,2840
6345,A,0.75230000000000008,1,7523
6345,B,0.55680000000000007,0,5568
6346,A,0.58400000000000007,1,5840
6346,B,4.6042000000000005,1,46042
6347,A,0.46640000000000004,1,4664
6347,B,1.889,1,18890
6348,A,1.1444000000000001,1,11444
6348,B,2.4794,1,24794
6349,A,0.65129999999999999,1,6513
6349,B,0.8105,0,8105
6350,A,0.39100000000000001,1,3910
6350,B,0.57020000000000004,0,5702
6351,A,0.92390000000000005,1,9239
6351,B,0.82800000000000007,0,8280
6352,A,1.5675000000000001,1,15675
6352,B,1.1953,1,11953
6353,A,0.70720000000000005,1,7072
6353,B,2.9389000000000003,0,29389
6354,A,1.2974000000000001,1,12974
6354,B,1.2645,0,12645
6355,A,0.75240000000000007,1,7524
6355,B,0.83120000000000005,0,8312
6356,A,0.97750000000000004,1,9775
6356,B,0.25819999999999999,0,2582
6357,A,0.85650000000000004,1,8565
6357,B,1.2381,0,12381
6358,A,1.4171,1,14171
6358,B,0.38070000000000004,0,3807
6359,A,0.57779999999999998,1,5778
6359,B,0.32020000000000004,0,3202
6360,A,0.79060000000000008,1,7906
6360,B,1.6757000000000002,1,16757
6361,A,1.0452000000000001,1,10452
6361,B,3.1682000000000001,0,31682
6362,A,1.0992,1,10992
6362,B,2.0476000000000001,0,20476
6363,A,0.65570000000000006,1,6557
6363,B,2.8351000000000002,0,28351
6364,A,0.82980000000000009,1,8298
6364,B,0.42820000000000003,0,4282
6365,A,0.72489999999999999,1,7249
6365,B,1.0387,1,10387
6366,A,0.82450000000000001,1,8245
6366,B,1.3882000000000001,0,13882
6367,A,0.76550000000000007,1,7655
6367,B,0.26040000000000002,0,2604
6368,A,0.51580000000000004,1,5158
6368,B,1.0427,0,10427
6369,A,0.88380000000000003,1,8838
6369,B,1.3827,1,13827
6370,A,0.46200000000000002,1,4620
6370,B,1.7292000000000001,1,17292
6371,A,0.90240000000000009,1,9024
6371,B,0.49720000000000003,1,4972
6372,A,0.91839999999999999,1,9184
6372,B,0.61030000000000006,1,6103
6373,A,0.32330000000000003,1,3233
6373,B,1.0174000000000001,0,10174
6374,A,0.39640000000000003,1,3964
6374,B,3.5038,0,35038
6375,A,0.19570000000000001,0,1957
6375,B,0.39910000000000001,0,3991
6376,A,0.62030000000000007,1,6203
6376,B,0.66860000000000008,0,6686
6377,A,0.61260000000000003,1,6126
6377,B,0.37380000000000002,0,3738
6378,A,0.66790000000000005,1,6679
6378,B,0.81480000000000008,0,8148
6379,A,0.58640000000000003,1,5864
6379,B,0.4536,0,4536
6380,A,0.8448,1,8448
6380,B,0.28150000000000003,0,2815
6381,A,0.99140000000000006,1,9914
6381,B,2.9496000000000002,0,29496
6382,A,0.74850000000000005,1,7485
6382,B,1.3619000000000001,0,13619
6383,A,1.2575000000000001,1,12575
6383,B,2.7960000000000003,0,27960
6384,A,0.32430000000000003,1,3243
6384,B,0.78420000000000001,1,7842
6385,A,0.73830000000000007,1,7383
6385,B,0.21690000000000001,0,2169
6386,A,0.97710000000000008,1,9771
6386,B,3.2501000000000002,1,32501
6387,A,0.51860000000000006,1,5186
6387,B,0.52150000000000007,0,5215
6388,A,0.60699999999999998,1,6070
6388,B,0.77880000000000005,1,7788
6389,A,1.5865,1,15865
6389,B,0.76950000000000007,0,7695
6390,A,0.85720000000000007,1,8572
6390,B,0.77800000000000002,0,7780
6391,A,0.24130000000000001,1,2413
6391,B,1.8387,0,18387
6392,A,1.9285000000000001,1,19285
6392,B,0.18000000000000002,0,1800
6393,A,0.79260000000000008,1,7926
6393,B,3.2086000000000001,0,32086
6394,A,0.4662,1,4662
6394,B,2.1269,1,21269
6395,A,0.22470000000000001,1,2247
6395,B,5.1417000000000002,1,51417
6396,A,1.3404,1,13404
6396,B,1.3876000000000002,1,13876
6397,A,0.81890000000000007,1,8189
6397,B,1.4719,1,14719
6398,A,1.8124,1,18124
6398,B,0.70630000000000004,0,7063
6399,A,1.468,1,14680
6399,B,0.20900000000000002,0,2090
6400,A,0.60170000000000001,1,6017
6400,B,0.69210000000000005,0,6921
6401,A,1.7129000000000001,1,17129
6401,B,0.30410000000000004,0,3041
6402,A,2.2432000000000003,1,22432
6402,B,0.58330000000000004,0,5833
6403,A,0.42000000000000004,1,4200
6403,B,0.96860000000000002,0,9686
6404,A,0.6169,1,6169
6404,B,1.8341000000000001,1,18341
6405,A,1.2844,1,12844
6405,B,0.183,0,1830
6406,A,0.89990000000000003,1,8999
6406,B,1.1967000000000001,1,11967
6407,A,1.0085,1,10085
6407,B,0.62760000000000005,0,6276
6408,A,0.29500000000000004,1,2950
6408,B,0.74009999999999998,1,7401
6409,A,0.95090000000000008,1,9509
6409,B,3.4162000000000003,1,34162
6410,A,0.41240000000000004,1,4124
6410,B,0.58020000000000005,0,5802
6411,A,0.67280000000000006,1,6728
6411,B,0.27379999999999999,0,2738
6412,A,0.9859,1,9859
6412,B,0.86660000000000004,0,8666
6413,A,1.5920000000000001,1,15920
6413,B,0.4425,0,4425
6414,A,0.49170000000000003,1,4917
6414,B,1.2639,0,12639
6415,A,0.56180000000000008,1,5618
6415,B,0.26900000000000002,0,2690
6416,A,0.49930000000000002,1,4993
6416,B,0.4914,0,4914
6417,A,0.34920000000000001,0,3492
6417,B,0.6573,0,6573
6418,A,1.2417,1,12417
6418,B,1.1414,0,11414
6419,A,1.0199,1,10199
6419,B,0.67790000000000006,1,6779
6420,A,0.83180000000000009,1,8318
6420,B,2.1989000000000001,1,21989
6421,A,1.8817000000000002,1,18817
6421,B,0.996,0,9960
6422,A,0.66960000000000008,1,6696
6422,B,1.7284000000000002,1,17284
6423,A,0.38620000000000004,1,3862
6423,B,1.0698000000000001,0,10698
6424,A,0.87470000000000003,1,8747
6424,B,0.45660000000000001,0,4566
6425,A,0.4637,1,4637
6425,B,0.2833,0,2833
6426,A,1.0551000000000001,1,10551
6426,B,0.8155,0,8155
6427,A,0.79820000000000002,1,7982
6427,B,0.65890000000000004,0,6589
6428,A,0.27850000000000003,1,2785
6428,B,0.20860000000000001,0,2086
6429,A,0.61890000000000001,1,6189
6429,B,3.3369,0,33369
6430,A,0.60370000000000001,1,6037
6430,B,1.4499,0,14499
6431,A,1.2730000000000001,1,12730
6431,B,0.30449999999999999,0,3045
6432,A,0.74670000000000003,1,7467
6432,B,3.4601000000000002,1,34601
6433,A,0.72440000000000004,1,7244
6433,B,0.12150000000000001,0,1215
6434,A,0.4803,1,4803
6434,B,0.39369999999999999,0,3937
6435,A,1.6103000000000001,1,16103
6435,B,1.1792,0,11792
6436,A,0.3543,1,3543
6436,B,1.919,0,19190
6437,A,0.17460000000000001,0,1746
6437,B,0.84360000000000002,0,8436
6438,A,0.81400000000000006,1,8140
6438,B,0.2787,0,2787
6439,A,0.31190000000000001,1,3119
6439,B,0.1143,0,1143
6440,A,0.72020000000000006,1,7202
6440,B,0.33829999999999999,0,3383
6441,A,0.7752,1,7752
6441,B,1.1449,0,11449
6442,A,1.7102000000000002,1,17102
6442,B,0.73450000000000004,0,7345
6443,A,0.39280000000000004,1,3928
6443,B,1.244,1,12440
6444,A,0.84060000000000001,1,8406
6444,B,0.66239999999999999,0,6624
6445,A,1.3009000000000002,1,13009
6445,B,0.66390000000000005,0,6639
6446,A,0.63590000000000002,1,6359
6446,B,3.7402000000000002,0,37402
6447,A,0.74370000000000003,1,7437
6447,B,0.20550000000000002,0,2055
6448,A,1.1536,1,11536
6448,B,0.24030000000000001,0,2403
6449,A,0.85980000000000001,1,8598
6449,B,0.26640000000000003,0,2664
6450,A,0.54190000000000005,1,5419
6450,B,0.88109999999999999,1,8811
6451,A,0.70479999999999998,1,7048
6451,B,2.7992000000000004,1,27992
6452,A,1.1477000000000002,1,11477
6452,B,2.6091000000000002,1,26091
6453,A,0.65139999999999998,1,6514
6453,B,0.2999,0,2999
6454,A,0.6018,0,6018
6454,B,1.9343000000000001,1,19343
6455,A,0.67230000000000001,1,6723
6455,B,0.58660000000000001,0,5866
6456,A,1.2269000000000001,1,12269
6456,B,0.9890000000000001,0,9890
6457,A,0.74709999999999999,1,7471
6457,B,1.0319,1,10319
6458,A,1.0785,1,10785
6458,B,1.3756000000000002,0,13756
6459,A,0.42970000000000003,1,4297
6459,B,0.9889,1,9889
6460,A,0.47820000000000001,1,4782
6460,B,4.3585000000000003,1,43585
6461,A,0.41510000000000002,1,4151
6461,B,2.1100000000000003,1,21100
6462,A,0.97370000000000001,1,9737
6462,B,2.9001000000000001,1,29001
6463,A,0.87370000000000003,1,8737
6463,B,0.86499999999999999,0,8650
6464,A,0.77000000000000002,1,7700
6464,B,0.8891,0,8891
6465,A,0.42670000000000002,1,4267
6465,B,1.2211000000000001,0,12211
6466,A,0.70720000000000005,1,7072
6466,B,1.3348,0,13348
6467,A,1.2968,1,12968
6467,B,0.5262,0,5262
6468,A,0.48130000000000001,1,4813
6468,B,1.115,1,11150
6469,A,0.77260000000000006,1,7726
6469,B,2.1691000000000003,0,21691
6470,A,0.69640000000000002,1,6964
6470,B,0.60530000000000006,0,6053
6471,A,0.28860000000000002,1,2886
6471,B,0.94110000000000005,1,9411
6472,A,0.55669999999999997,1,5567
6472,B,4.7255000000000003,0,47255
6473,A,1.5535000000000001,1,15535
6473,B,0.46900000000000003,0,4690
6474,A,0.30420000000000003,1,3042
6474,B,0.69650000000000001,0,6965
6475,A,1.6735,1,16735
6475,B,0.2492,0,2492
6476,A,0.60850000000000004,1,6085
6476,B,0.59489999999999998,0,5949
6477,A,0.82669999999999999,1,8267
6477,B,0.63670000000000004,0,6367
6478,A,1.0286999999999999,1,10287
6478,B,0.39700000000000002,0,3970
6479,A,0.42480000000000001,1,4248
6479,B,2.2176,1,22176
6480,A,0.86180000000000001,1,8618
6480,B,1.3541000000000001,1,13541
6481,A,1.6185,1,16185
6481,B,0.30370000000000003,0,3037
6482,A,0.67659999999999998,1,6766
6482,B,1.1200000000000001,0,11200
6483,A,1.0396000000000001,1,10396
6483,B,2.7183999999999999,1,27184
6484,A,0.876,1,8760
6484,B,0.49670000000000003,0,4967
6485,A,0.63270000000000004,1,6327
6485,B,1.5381,0,15381
6486,A,0.62370000000000003,1,6237
6486,B,1.5327000000000002,0,15327
6487,A,0.77940000000000009,1,7794
6487,B,0.68959999999999999,0,6896
6488,A,1.1337000000000002,1,11337
6488,B,1.9776,1,19776
6489,A,0.53310000000000002,1,5331
6489,B,0.2399,0,2399
6490,A,0.39550000000000002,1,3955
6490,B,0.31730000000000003,0,3173
6491,A,1.0637000000000001,1,10637
6491,B,0.41060000000000002,0,4106
6492,A,0.30460000000000004,1,3046
6492,B,4.6627999999999998,0,46628
6493,A,0.73820000000000008,1,7382
6493,B,0.66160000000000008,1,6616
6494,A,1.0658000000000001,1,10658
6494,B,2.2524999999999999,1,22525
6495,A,0.42130000000000001,1,4213
6495,B,0.53990000000000005,0,5399
6496,A,0.86899999999999999,1,8690
6496,B,1.5094000000000001,0,15094
6497,A,0.61920000000000008,1,6192
6497,B,0.43420000000000003,0,4342
6498,A,0.68780000000000008,1,6878
6498,B,3.1516000000000002,0,31516
6499,A,0.53900000000000003,1,5390
6499,B,0.61470000000000002,0,6147
6500,A,1.5804,1,15804
6500,B,0.58320000000000005,0,5832
6501,A,0.50519999999999998,1,5052
6501,B,0.38480000000000003,1,3848
6502,A,0.72489999999999999,1,7249
6502,B,0.24790000000000001,0,2479
6503,A,0.71250000000000002,1,7125
6503,B,2.1749000000000001,0,21749
6504,A,0.3851,1,3851
6504,B,0.17810000000000001,0,1781
6505,A,0.44280000000000003,1,4428
6505,B,1.4464000000000001,0,14464
6506,A,0.66520000000000001,1,6652
6506,B,0.19040000000000001,0,1904
6507,A,0.7228,1,7228
6507,B,1.988,1,19880
6508,A,0.36210000000000003,1,3621
6508,B,0.96890000000000009,1,9689
6509,A,0.4929,1,4929
6509,B,0.91360000000000008,0,9136
6510,A,2.0338000000000003,1,20338
6510,B,0.81240000000000001,1,8124
6511,A,0.6875,1,6875
6511,B,2.0362,1,20362
6512,A,1.0563,1,10563
6512,B,0.29749999999999999,0,2975
6513,A,0.80080000000000007,1,8008
6513,B,1.2461,1,12461
6514,A,1.5091000000000001,1,15091
6514,B,2.8983000000000003,1,28983
6515,A,0.57590000000000008,1,5759
6515,B,0.86799999999999999,1,8680
6516,A,0.55930000000000002,1,5593
6516,B,0.11220000000000001,0,1122
6517,A,0.35550000000000004,1,3555
6517,B,2.4424000000000001,0,24424
6518,A,0.63629999999999998,1,6363
6518,B,2.6045000000000003,0,26045
6519,A,1.1632,1,11632
6519,B,1.0908,0,10908
6520,A,0.70350000000000001,1,7035
6520,B,0.43910000000000005,1,4391
6521,A,1.1942000000000002,1,11942
6521,B,3.1212,0,31212
6522,A,0.42710000000000004,1,4271
6522,B,1.7191000000000001,1,17191
6523,A,0.99470000000000003,1,9947
6523,B,0.44930000000000003,0,4493
6524,A,0.84000000000000008,1,8400
6524,B,0.4612,0,4612
6525,A,1.2817000000000001,1,12817
6525,B,0.79710000000000003,1,7971
6526,A,1.2563,1,12563
6526,B,2.0563000000000002,1,20563
6527,A,1.1452,1,11452
6527,B,0.80620000000000003,1,8062
6528,A,1.1241000000000001,1,11241
6528,B,0.43460000000000004,1,4346
6529,A,0.74690000000000001,1,7469
6529,B,0.7954,1,7954
6530,A,0.88990000000000002,1,8899
6530,B,5.2530999999999999,0,52531
6531,A,0.72330000000000005,1,7233
6531,B,1.0411000000000001,0,10411
6532,A,0.47090000000000004,1,4709
6532,B,0.14050000000000001,0,1405
6533,A,1.2104000000000001,1,12104
6533,B,0.9869,1,9869
6534,A,1.6357000000000002,1,16357
6534,B,0.9820000000000001,1,9820
6535,A,2.3122000000000003,1,23122
6535,B,0.77180000000000004,0,7718
6536,A,0.34240000000000004,1,3424
6536,B,1.46,1,14600
6537,A,0.95130000000000003,1,9513
6537,B,1.6597000000000002,1,16597
6538,A,0.32170000000000004,1,3217
6538,B,1.7321,1,17321
6539,A,0.83760000000000001,1,8376
6539,B,0.2666,1,2666
6540,A,0.38520000000000004,1,3852
6540,B,2.0701000000000001,1,20701
6541,A,0.58120000000000005,1,5812
6541,B,0.26119999999999999,0,2612
6542,A,0.89190000000000003,1,8919
6542,B,0.75840000000000007,1,7584
6543,A,0.46210000000000001,1,4621
6543,B,2.2112000000000003,1,22112
6544,A,0.58500000000000008,1,5850
6544,B,1.4495,0,14495
6545,A,0.38340000000000002,1,3834
6545,B,0.95100000000000007,0,9510
6546,A,0.71640000000000004,1,7164
6546,B,0.50600000000000001,0,5060
6547,A,0.57130000000000003,1,5713
6547,B,1.7066000000000001,0,17066
6548,A,0.65820000000000001,1,6582
6548,B,0.69110000000000005,0,6911
6549,A,0.66070000000000007,1,6607
6549,B,0.60199999999999998,0,6020
6550,A,1.296,1,12960
6550,B,0.20230000000000001,0,2023
6551,A,0.72600000000000009,1,7260
6551,B,1.0114000000000001,0,10114
6552,A,1.2199,1,12199
6552,B,1.5442,1,15442
6553,A,0.36250000000000004,1,3625
6553,B,0.24150000000000002,0,2415
6554,A,0.41100000000000003,1,4110
6554,B,0.82410000000000005,0,8241
6555,A,1.2601,1,12601
6555,B,2.7645,0,27645
6556,A,0.99360000000000004,1,9936
6556,B,2.1255000000000002,1,21255
6557,A,0.30610000000000004,0,3061
6557,B,0.61850000000000005,0,6185
6558,A,0.87060000000000004,1,8706
6558,B,0.37310000000000004,0,3731
6559,A,0.84900000000000009,1,8490
6559,B,2.1270000000000002,1,21270
6560,A,0.99040000000000006,1,9904
6560,B,0.39860000000000001,0,3986
6561,A,1.0886,1,10886
6561,B,1.6769000000000001,1,16769
6562,A,1.3717000000000001,1,13717
6562,B,3.2858000000000001,1,32858
6563,A,0.43870000000000003,1,4387
6563,B,0.54060000000000008,0,5406
6564,A,1.5216000000000001,1,15216
6564,B,1.0342,0,10342
6565,A,0.65529999999999999,1,6553
6565,B,2.9313000000000002,0,29313
6566,A,1.2650000000000001,1,12650
6566,B,0.81820000000000004,0,8182
6567,A,0.96450000000000002,1,9645
6567,B,0.68270000000000008,0,6827
6568,A,0.65450000000000008,1,6545
6568,B,1.1106,1,11106
6569,A,1.9704000000000002,1,19704
6569,B,3.0927000000000002,1,30927
6570,A,1.1314,1,11314
6570,B,0.28910000000000002,0,2891
6571,A,0.59960000000000002,1,5996
6571,B,1.3193000000000001,0,13193
6572,A,0.52129999999999999,1,5213
6572,B,0.35460000000000003,0,3546
6573,A,0.80260000000000009,1,8026
6573,B,0.36799999999999999,1,3680
6574,A,0.87470000000000003,1,8747
6574,B,0.40820000000000001,0,4082
6575,A,0.4304,1,4304
6575,B,0.41889999999999999,0,4189
6576,A,0.40590000000000004,1,4059
6576,B,0.66900000000000004,0,6690
6577,A,0.97410000000000008,0,9741
6577,B,0.503,0,5030
6578,A,0.56900000000000006,1,5690
6578,B,0.90040000000000009,1,9004
6579,A,0.80200000000000005,1,8020
6579,B,0.44740000000000002,0,4474
6580,A,1.4489000000000001,1,14489
6580,B,1.4457,1,14457
6581,A,0.40100000000000002,1,4010
6581,B,0.72650000000000003,1,7265
6582,A,0.7843,1,7843
6582,B,4.3898999999999999,1,43899
6583,A,0.5847,1,5847
6583,B,0.44550000000000001,0,4455
6584,A,0.39630000000000004,1,3963
6584,B,1.7363000000000002,1,17363
6585,A,1.3227,1,13227
6585,B,1.8677000000000001,1,18677
6586,A,0.74850000000000005,1,7485
6586,B,0.86940000000000006,1,8694
6587,A,0.90360000000000007,1,9036
6587,B,0.441,0,4410
6588,A,0.54139999999999999,1,5414
6588,B,1.8483000000000001,0,18483
6589,A,1.2059,1,12059
6589,B,1.7342000000000002,0,17342
6590,A,0.83160000000000001,1,8316
6590,B,3.5663,1,35663
6591,A,0.57369999999999999,1,5737
6591,B,0.40410000000000001,0,4041
6592,A,0.77260000000000006,1,7726
6592,B,1.9012,1,19012
6593,A,1.6503000000000001,1,16503
6593,B,0.68170000000000008,0,6817
6594,A,0.72540000000000004,1,7254
6594,B,1.0302,1,10302
6595,A,0.67610000000000003,1,6761
6595,B,1.5693000000000001,1,15693
6596,A,2.7816000000000001,1,27816
6596,B,0.87220000000000009,0,8722
6597,A,0.67110000000000003,1,6711
6597,B,0.22360000000000002,0,2236
6598,A,0.70279999999999998,1,7028
6598,B,2.173,0,21730
6599,A,0.62430000000000008,1,6243
6599,B,1.3184,0,13184
6600,A,0.81070000000000009,1,8107
6600,B,0.84250000000000003,0,8425
6601,A,0.2268,1,2268
6601,B,0.28600000000000003,0,2860
6602,A,0.59330000000000005,1,5933
6602,B,0.96120000000000005,1,9612
6603,A,0.65400000000000003,1,6540
6603,B,3.1566000000000001,0,31566
6604,A,0.49050000000000005,1,4905
6604,B,0.30130000000000001,0,3013
6605,A,0.34290000000000004,1,3429
6605,B,0.2117,0,2117
6606,A,0.63070000000000004,1,6307
6606,B,0.87390000000000001,1,8739
6607,A,0.86970000000000003,1,8697
6607,B,1.349,1,13490
6608,A,0.59570000000000001,1,5957
6608,B,0.3669,1,3669
6609,A,0.52739999999999998,1,5274
6609,B,0.18050000000000002,0,1805
6610,A,0.44390000000000002,1,4439
6610,B,0.44850000000000001,0,4485
6611,A,0.5786,1,5786
6611,B,0.52210000000000001,0,5221
6612,A,1.0821000000000001,1,10821
6612,B,0.7722,0,7722
6613,A,1.1002000000000001,1,11002
6613,B,4.0901000000000005,1,40901
6614,A,0.91600000000000004,1,9160
6614,B,0.20270000000000002,0,2027
6615,A,0.95420000000000005,1,9542
6615,B,1.0920000000000001,0,10920
6616,A,0.57130000000000003,1,5713
6616,B,0.85400000000000009,1,8540
6617,A,0.875,1,8750
6617,B,0.48700000000000004,1,4870
6618,A,0.89580000000000004,1,8958
6618,B,0.67770000000000008,0,6777
6619,A,1.2858000000000001,1,12858
6619,B,1.4996,1,14996
6620,A,0.69680000000000009,1,6968
6620,B,0.92270000000000008,1,9227
6621,A,1.8604000000000001,0,18604
6621,B,3.2994000000000003,0,32994
6622,A,0.25,1,2500
6622,B,0.25290000000000001,0,2529
6623,A,0.74709999999999999,1,7471
6623,B,1.1553,0,11553
6624,A,2.1294,1,21294
6624,B,0.86320000000000008,1,8632
6625,A,1.2962,1,12962
6625,B,1.4624000000000001,0,14624
6626,A,1.8085,1,18085
6626,B,1.5547,1,15547
6627,A,0.46870000000000001,1,4687
6627,B,2.4336000000000002,1,24336
6628,A,0.33210000000000001,1,3321
6628,B,0.1043,0,1043
6629,A,0.58090000000000008,1,5809
6629,B,0.43990000000000001,0,4399
6630,A,1.1062000000000001,1,11062
6630,B,2.1832000000000003,0,21832
6631,A,0.83230000000000004,1,8323
6631,B,1.9475,0,19475
6632,A,0.82390000000000008,1,8239
6632,B,1.4924000000000002,1,14924
6633,A,0.64319999999999999,1,6432
6633,B,1.9013,0,19013
6634,A,1.1206,1,11206
6634,B,0.78170000000000006,1,7817
6635,A,1.4056,1,14056
6635,B,2.2248000000000001,0,22248
6636,A,0.48250000000000004,1,4825
6636,B,0.53190000000000004,0,5319
6637,A,1.2259,1,12259
6637,B,1.3517000000000001,1,13517
6638,A,0.93690000000000007,1,9369
6638,B,0.68990000000000007,1,6899
6639,A,1.2069000000000001,1,12069
6639,B,0.2596,0,2596
6640,A,2.0579000000000001,1,20579
6640,B,0.23120000000000002,0,2312
6641,A,0.69880000000000009,1,6988
6641,B,1.9581000000000002,1,19581
6642,A,0.67759999999999998,1,6776
6642,B,3.6154000000000002,1,36154
6643,A,0.76100000000000001,1,7610
6643,B,0.82369999999999999,0,8237
6644,A,0.86910000000000009,1,8691
6644,B,1.0345,1,10345
6645,A,0.6048,1,6048
6645,B,0.97630000000000006,0,9763
6646,A,0.89100000000000001,1,8910
6646,B,2.2416,1,22416
6647,A,0.79180000000000006,1,7918
6647,B,0.28410000000000002,0,2841
6648,A,0.78129999999999999,1,7813
6648,B,1.2287000000000001,0,12287
6649,A,0.59160000000000001,1,5916
6649,B,0.82320000000000004,0,8232
6650,A,0.97330000000000005,1,9733
6650,B,2.6154000000000002,0,26154
6651,A,0.7369,1,7369
6651,B,0.49000000000000005,0,4900
6652,A,0.60130000000000006,1,6013
6652,B,0.224,0,2240
6653,A,0.60070000000000001,1,6007
6653,B,1.0341,1,10341
6654,A,0.75770000000000004,1,7577
6654,B,1.4458,0,14458
6655,A,0.66439999999999999,1,6644
6655,B,1.0168000000000001,0,10168
6656,A,0.4637,0,4637
6656,B,0.30199999999999999,0,3020
6657,A,0.53280000000000005,1,5328
6657,B,2.0044,1,20044
6658,A,0.59910000000000008,1,5991
6658,B,0.74709999999999999,0,7471
6659,A,0.6653,1,6653
6659,B,1.2642,0,12642
6660,A,0.35970000000000002,1,3597
6660,B,0.71520000000000006,0,7152
6661,A,0.93160000000000009,1,9316
6661,B,3.7348000000000003,0,37348
6662,A,0.62109999999999999,1,6211
6662,B,1.5364,0,15364
6663,A,0.71820000000000006,1,7182
6663,B,2.1545000000000001,0,21545
6664,A,1.3272000000000002,1,13272
6664,B,0.97440000000000004,0,9744
6665,A,2.21,1,22100
6665,B,0.89560000000000006,1,8956
6666,A,0.35000000000000003,1,3500
6666,B,1.1931,0,11931
6667,A,1.5830000000000002,1,15830
6667,B,0.98240000000000005,0,9824
6668,A,0.50750000000000006,1,5075
6668,B,0.91350000000000009,0,9135
6669,A,0.99950000000000006,1,9995
6669,B,0.75990000000000002,0,7599
6670,A,1.0944,1,10944
6670,B,0.46040000000000003,0,4604
6671,A,0.43490000000000001,1,4349
6671,B,2.6522000000000001,1,26522
6672,A,0.156,1,1560
6672,B,4.1214000000000004,1,41214
6673,A,0.44650000000000001,1,4465
6673,B,0.32250000000000001,0,3225
6674,A,0.82600000000000007,1,8260
6674,B,0.48150000000000004,1,4815
6675,A,0.45240000000000002,1,4524
6675,B,0.68000000000000005,0,6800
6676,A,2.6818,1,26818
6676,B,1.9390000000000001,1,19390
6677,A,0.25209999999999999,0,2521
6677,B,0.90780000000000005,1,9078
6678,A,0.999,1,9990
6678,B,0.47200000000000003,0,4720
6679,A,0.82550000000000001,1,8255
6679,B,1.7036,0,17036
6680,A,1.0259,1,10259
6680,B,0.49930000000000002,0,4993
6681,A,0.60630000000000006,1,6063
6681,B,0.25769999999999998,0,2577
6682,A,0.72770000000000001,1,7277
6682,B,0.44090000000000001,0,4409
6683,A,0.84620000000000006,1,8462
6683,B,0.35139999999999999,0,3514
6684,A,0.76719999999999999,1,7672
6684,B,1.7259,1,17259
6685,A,0.98060000000000003,1,9806
6685,B,0.80730000000000002,0,8073
6686,A,0.4874,1,4874
6686,B,0.95620000000000005,0,9562
6687,A,0.49060000000000004,1,4906
6687,B,1.8088000000000002,1,18088
6688,A,0.74140000000000006,1,7414
6688,B,0.2707,0,2707
6689,A,1.3524,1,13524
6689,B,0.38500000000000001,0,3850
6690,A,0.4355,1,4355
6690,B,1.8329000000000002,1,18329
6691,A,0.2586,1,2586
6691,B,1.3505,0,13505
6692,A,0.55459999999999998,1,5546
6692,B,0.91670000000000007,0,9167
6693,A,0.75550000000000006,1,7555
6693,B,2.3523000000000001,0,23523
6694,A,0.93480000000000008,1,9348
6694,B,1.9305000000000001,1,19305
6695,A,0.61380000000000001,1,6138
6695,B,2.097,1,20970
6696,A,1.0914000000000001,1,10914
6696,B,1.9198000000000002,1,19198
6697,A,0.48130000000000001,1,4813
6697,B,0.27550000000000002,0,2755
6698,A,1.1848000000000001,1,11848
6698,B,0.3095,0,3095
6699,A,0.3503,1,3503
6699,B,0.58100000000000007,0,5810
6700,A,0.73210000000000008,1,7321
6700,B,1.7198,0,17198
6701,A,1.1351,1,11351
6701,B,1.7165000000000001,0,17165
6702,A,0.54239999999999999,1,5424
6702,B,0.83860000000000001,1,8386
6703,A,0.38100000000000001,1,3810
6703,B,0.86499999999999999,0,8650
6704,A,0.93900000000000006,1,9390
6704,B,0.60470000000000002,0,6047
6705,A,0.77500000000000002,1,7750
6705,B,6.5329000000000006,0,65329
6706,A,1.2505000000000002,1,12505
6706,B,1.9635,1,19635
6707,A,2.4353000000000002,1,24353
6707,B,1.8539000000000001,0,18539
6708,A,0.79280000000000006,1,7928
6708,B,0.66680000000000006,0,6668
6709,A,0.75330000000000008,1,7533
6709,B,2.5545,0,25545
6710,A,0.32800000000000001,1,3280
6710,B,0.86699999999999999,1,8670
6711,A,1.0161,1,10161
6711,B,1.3466,1,13466
6712,A,0.73120000000000007,1,7312
6712,B,0.19950000000000001,0,1995
6713,A,1.0386,1,10386
6713,B,0.13550000000000001,0,1355
6714,A,1.0795000000000001,1,10795
6714,B,1.0231000000000001,1,10231
6715,A,1.3388,1,13388
6715,B,0.29100000000000004,0,2910
6716,A,0.47990000000000005,1,4799
6716,B,0.77370000000000005,0,7737
6717,A,1.0605,1,10605
6717,B,1.6742000000000001,1,16742
6718,A,1.5019,1,15019
6718,B,1.4748000000000001,1,14748
6719,A,1.5066000000000002,1,15066
6719,B,0.14700000000000002,0,1470
6720,A,1.0230000000000001,1,10230
6720,B,0.45660000000000001,0,4566
6721,A,0.7359,1,7359
6721,B,2.5590000000000002,0,25590
6722,A,0.3458,1,3458
6722,B,0.94340000000000002,0,9434
6723,A,0.41350000000000003,1,4135
6723,B,3.7090000000000001,1,37090
6724,A,1.175,1,11750
6724,B,2.2091000000000003,0,22091
6725,A,0.87820000000000009,1,8782
6725,B,0.4118,0,4118
6726,A,1.8461000000000001,1,18461
6726,B,1.6311,1,16311
6727,A,1.0570000000000002,1,10570
6727,B,1.6616000000000002,0,16616
6728,A,0.81170000000000009,1,8117
6728,B,2.4076,0,24076
6729,A,0.65960000000000008,1,6596
6729,B,0.83700000000000008,0,8370
6730,A,0.81430000000000002,1,8143
6730,B,1.3283,1,13283
6731,A,0.80330000000000001,1,8033
6731,B,0.2767,0,2767
6732,A,1.8565,1,18565
6732,B,2.0388999999999999,0,20389
6733,A,0.80230000000000001,1,8023
6733,B,1.0682,1,10682
6734,A,1.5739000000000001,1,15739
6734,B,1.3006,0,13006
6735,A,1.3701000000000001,1,13701
6735,B,0.3014,0,3014
6736,A,0.51719999999999999,1,5172
6736,B,0.59130000000000005,0,5913
6737,A,0.96620000000000006,1,9662
6737,B,0.48370000000000002,0,4837
6738,A,0.2243,0,2243
6738,B,1.3498000000000001,0,13498
6739,A,0.48090000000000005,1,4809
6739,B,0.62419999999999998,1,6242
6740,A,0.72620000000000007,1,7262
6740,B,1.1016000000000001,1,11016
6741,A,1.4796,1,14796
6741,B,0.77380000000000004,0,7738
6742,A,1.0609999999999999,1,10610
6742,B,0.67710000000000004,0,6771
6743,A,1.0310000000000001,1,10310
6743,B,0.2331,0,2331
6744,A,0.83710000000000007,1,8371
6744,B,1.1575,0,11575
6745,A,0.61360000000000003,1,6136
6745,B,1.9337000000000002,0,19337
6746,A,1.0142,1,10142
6746,B,0.40679999999999999,0,4068
6747,A,0.41070000000000001,1,4107
6747,B,0.22740000000000002,0,2274
6748,A,0.6784,1,6784
6748,B,0.58450000000000002,0,5845
6749,A,0.75650000000000006,1,7565
6749,B,0.4254,1,4254
6750,A,0.63719999999999999,1,6372
6750,B,0.32919999999999999,0,3292
6751,A,0.57810000000000006,1,5781
6751,B,1.7457,0,17457
6752,A,0.68300000000000005,1,6830
6752,B,2.4466000000000001,1,24466
6753,A,0.65270000000000006,1,6527
6753,B,0.31390000000000001,0,3139
6754,A,0.66870000000000007,1,6687
6754,B,0.39050000000000001,0,3905
6755,A,0.17270000000000002,0,1727
6755,B,0.35580000000000001,0,3558
6756,A,1.7950000000000002,1,17950
6756,B,0.50109999999999999,1,5011
6757,A,0.91160000000000008,1,9116
6757,B,1.6132,0,16132
6758,A,0.44359999999999999,1,4436
6758,B,0.66600000000000004,0,6660
6759,A,0.58640000000000003,1,5864
6759,B,0.13600000000000001,0,1360
6760,A,1.0519000000000001,1,10519
6760,B,1.6018000000000001,1,16018
6761,A,0.5403,1,5403
6761,B,1.3983000000000001,1,13983
6762,A,0.70850000000000002,1,7085
6762,B,2.2621000000000002,1,22621
6763,A,0.56190000000000007,1,5619
6763,B,0.27950000000000003,0,2795
6764,A,0.58310000000000006,1,5831
6764,B,0.34029999999999999,0,3403
6765,A,0.27040000000000003,1,2704
6765,B,0.71579999999999999,0,7158
6766,A,0.49730000000000002,1,4973
6766,B,1.8662000000000001,1,18662
6767,A,0.64219999999999999,1,6422
6767,B,2.1163000000000003,1,21163
6768,A,0.68759999999999999,1,6876
6768,B,0.23050000000000001,0,2305
6769,A,1.2357,1,12357
6769,B,2.4302000000000001,1,24302
6770,A,0.59179999999999999,1,5918
6770,B,0.32819999999999999,0,3282
6771,A,0.30580000000000002,1,3058
6771,B,0.87640000000000007,0,8764
6772,A,0.60130000000000006,1,6013
6772,B,3.5787,0,35787
6773,A,1.3874,1,13874
6773,B,2.8177000000000003,1,28177
6774,A,0.40260000000000001,1,4026
6774,B,4.2061000000000002,0,42061
6775,A,2.1663000000000001,1,21663
6775,B,0.40560000000000002,0,4056
6776,A,1.1802000000000001,1,11802
6776,B,2.0144000000000002,1,20144
6777,A,0.311,1,3110
6777,B,0.6694,0,6694
6778,A,0.83960000000000001,1,8396
6778,B,1.5843,1,15843
6779,A,0.50240000000000007,1,5024
6779,B,1.7283000000000002,0,17283
6780,A,0.6764,1,6764
6780,B,3.2981000000000003,0,32981
6781,A,0.49080000000000001,1,4908
6781,B,1.2995000000000001,1,12995
6782,A,0.3145,1,3145
6782,B,2.3776000000000002,0,23776
6783,A,0.55070000000000008,1,5507
6783,B,2.2709999999999999,0,22710
6784,A,0.17750000000000002,1,1775
6784,B,0.38980000000000004,0,3898
6785,A,0.65000000000000002,1,6500
6785,B,1.6454,1,16454
6786,A,0.79039999999999999,1,7904
6786,B,0.64140000000000008,0,6414
6787,A,1.8715000000000002,1,18715
6787,B,2.4393000000000002,0,24393
6788,A,0.24550000000000002,1,2455
6788,B,1.2502,0,12502
6789,A,0.93210000000000004,1,9321
6789,B,0.12920000000000001,0,1292
6790,A,0.7863,1,7863
6790,B,1.7792000000000001,1,17792
6791,A,0.55930000000000002,1,5593
6791,B,0.64480000000000004,1,6448
6792,A,0.93030000000000002,1,9303
6792,B,1.8660000000000001,1,18660
6793,A,0.6784,1,6784
6793,B,0.70890000000000009,1,7089
6794,A,0.9244,1,9244
6794,B,0.89380000000000004,1,8938
6795,A,0.46640000000000004,1,4664
6795,B,1.488,0,14880
6796,A,0.4929,1,4929
6796,B,1.1958,1,11958
6797,A,0.2636,1,2636
6797,B,0.79660000000000009,1,7966
6798,A,0.56259999999999999,1,5626
6798,B,1.5776000000000001,1,15776
6799,A,0.4037,1,4037
6799,B,0.50080000000000002,0,5008
6800,A,0.28870000000000001,1,2887
6800,B,0.78100000000000003,1,7810
6801,A,1.2964,1,12964
6801,B,0.19120000000000001,0,1912
6802,A,0.43049999999999999,1,4305
6802,B,1.8966000000000001,1,18966
6803,A,0.39590000000000003,1,3959
6803,B,2.0104000000000002,1,20104
6804,A,0.67600000000000005,1,6760
6804,B,0.73070000000000002,0,7307
6805,A,1.3294000000000001,0,13294
6805,B,2.3172000000000001,0,23172
6806,A,0.45420000000000005,1,4542
6806,B,0.42630000000000001,0,4263
6807,A,0.62190000000000001,1,6219
6807,B,0.21000000000000002,0,2100
6808,A,0.99650000000000005,1,9965
6808,B,1.5088000000000001,1,15088
6809,A,0.61720000000000008,1,6172
6809,B,0.80649999999999999,0,8065
6810,A,1.0939000000000001,1,10939
6810,B,2.3612000000000002,0,23612
6811,A,1.3981000000000001,1,13981
6811,B,0.34970000000000001,0,3497
6812,A,0.85640000000000005,1,8564
6812,B,0.62670000000000003,1,6267
6813,A,0.26740000000000003,1,2674
6813,B,0.60399999999999998,0,6040
6814,A,0.51129999999999998,1,5113
6814,B,0.21260000000000001,0,2126
6815,A,0.78550000000000009,1,7855
6815,B,1.859,1,18590
6816,A,0.94430000000000003,0,9443
6816,B,1.5788,0,15788
6817,A,0.38890000000000002,1,3889
6817,B,1.2059,1,12059
6818,A,1.3044,1,13044
6818,B,1.0183,1,10183
6819,A,0.92010000000000003,1,9201
6819,B,0.79420000000000002,0,7942
6820,A,0.3876,1,3876
6820,B,1.4808000000000001,1,14808
6821,A,0.58550000000000002,1,5855
6821,B,2.4163000000000001,0,24163
6822,A,1.147,1,11470
6822,B,3.3873000000000002,1,33873
6823,A,0.92749999999999999,1,9275
6823,B,0.85870000000000002,1,8587
6824,A,1.1241000000000001,1,11241
6824,B,1.0717000000000001,0,10717
6825,A,1.3246,1,13246
6825,B,2.2659000000000002,1,22659
6826,A,0.86730000000000007,1,8673
6826,B,1.8440000000000001,1,18440
6827,A,0.56390000000000007,1,5639
6827,B,0.55959999999999999,0,5596
6828,A,1.2749000000000001,1,12749
6828,B,5.6981000000000002,1,56981
6829,A,1.5658000000000001,1,15658
6829,B,1.0064,0,10064
6830,A,0.60740000000000005,1,6074
6830,B,2.3661000000000003,1,23661
6831,A,0.44220000000000004,1,4422
6831,B,1.2421,0,12421
6832,A,0.47520000000000001,1,4752
6832,B,1.2373000000000001,1,12373
6833,A,0.44570000000000004,1,4457
6833,B,0.80649999999999999,0,8065
6834,A,0.77170000000000005,1,7717
6834,B,0.90820000000000001,1,9082
6835,A,0.37110000000000004,1,3711
6835,B,1.2992000000000001,0,12992
6836,A,0.98940000000000006,1,9894
6836,B,0.51350000000000007,0,5135
6837,A,0.60610000000000008,1,6061
6837,B,1.0423,0,10423
6838,A,0.78400000000000003,1,7840
6838,B,0.64790000000000003,0,6479
6839,A,0.60960000000000003,1,6096
6839,B,1.5601,1,15601
6840,A,0.30020000000000002,1,3002
6840,B,1.3264,0,13264
6841,A,0.62640000000000007,1,6264
6841,B,1.3075000000000001,0,13075
6842,A,0.33090000000000003,1,3309
6842,B,0.25370000000000004,0,2537
6843,A,2.2006000000000001,1,22006
6843,B,1.2489000000000001,0,12489
6844,A,0.78580000000000005,1,7858
6844,B,0.68980000000000008,0,6898
6845,A,0.74960000000000004,1,7496
6845,B,0.77370000000000005,0,7737
6846,A,1.1338000000000001,1,11338
6846,B,1.0797000000000001,0,10797
6847,A,0.82050000000000001,1,8205
6847,B,1.2094,0,12094
6848,A,0.91060000000000008,1,9106
6848,B,0.43770000000000003,0,4377
6849,A,0.82980000000000009,1,8298
6849,B,4.9323000000000006,1,49323
6850,A,0.54000000000000004,1,5400
6850,B,1.1865000000000001,0,11865
6851,A,0.41010000000000002,1,4101
6851,B,0.51580000000000004,0,5158
6852,A,1.2601,1,12601
6852,B,1.3652,0,13652
6853,A,0.47240000000000004,1,4724
6853,B,0.50950000000000006,0,5095
6854,A,0.97660000000000002,1,9766
6854,B,0.20830000000000001,0,2083
6855,A,0.52010000000000001,1,5201
6855,B,2.1334,1,21334
6856,A,0.2883,1,2883
6856,B,2.4679000000000002,0,24679
6857,A,0.23130000000000001,1,2313
6857,B,0.31659999999999999,0,3166
6858,A,0.32800000000000001,1,3280
6858,B,0.48560000000000003,1,4856
6859,A,0.53920000000000001,1,5392
6859,B,1.3882000000000001,0,13882
6860,A,0.71210000000000007,1,7121
6860,B,1.2289000000000001,0,12289
6861,A,0.72670000000000001,1,7267
6861,B,4.1583000000000006,0,41583
6862,A,0.73299999999999998,1,7330
6862,B,0.42180000000000001,0,4218
6863,A,0.98310000000000008,1,9831
6863,B,2.0981000000000001,0,20981
6864,A,1.1313,1,11313
6864,B,1.3924000000000001,1,13924
6865,A,2.0716000000000001,1,20716
6865,B,1.4565000000000001,1,14565
6866,A,0.41270000000000001,1,4127
6866,B,0.73399999999999999,0,7340
6867,A,0.65080000000000005,1,6508
6867,B,0.88590000000000002,1,8859
6868,A,0.71900000000000008,1,7190
6868,B,2.1072000000000002,1,21072
6869,A,0.7611,1,7611
6869,B,3.7379000000000002,1,37379
6870,A,1.3596000000000001,1,13596
6870,B,0.88750000000000007,0,8875
6871,A,0.57379999999999998,1,5738
6871,B,1.4447000000000001,1,14447
6872,A,1.0833000000000002,1,10833
6872,B,0.60320000000000007,1,6032
6873,A,0.86780000000000002,1,8678
6873,B,0.70390000000000008,1,7039
6874,A,1.5902000000000001,1,15902
6874,B,0.26980000000000004,0,2698
6875,A,0.41880000000000001,0,4188
6875,B,0.64850000000000008,1,6485
6876,A,0.63790000000000002,1,6379
6876,B,1.4321000000000002,1,14321
6877,A,0.38890000000000002,1,3889
6877,B,0.46560000000000001,0,4656
6878,A,1.1673,1,11673
6878,B,1.9768000000000001,1,19768
6879,A,0.81240000000000001,1,8124
6879,B,4.2781000000000002,0,42781
6880,A,0.2104,1,2104
6880,B,0.34400000000000003,0,3440
6881,A,1.6173000000000002,1,16173
6881,B,0.96550000000000002,0,9655
6882,A,1.3823000000000001,1,13823
6882,B,2.5045000000000002,1,25045
6883,A,0.58910000000000007,1,5891
6883,B,0.8488,1,8488
6884,A,0.77310000000000001,1,7731
6884,B,1.9873000000000001,1,19873
6885,A,0.91570000000000007,1,9157
6885,B,0.45610000000000001,1,4561
6886,A,0.6542,1,6542
6886,B,0.7278,0,7278
6887,A,1.4584000000000001,1,14584
6887,B,0.46300000000000002,0,4630
6888,A,0.88330000000000009,1,8833
6888,B,0.69640000000000002,0,6964
6889,A,1.1874,1,11874
6889,B,1.7015,1,17015
6890,A,0.87390000000000001,1,8739
6890,B,0.3216,0,3216
6891,A,0.71460000000000001,1,7146
6891,B,2.2805,1,22805
6892,A,1.6957,1,16957
6892,B,2.7738,0,27738
6893,A,0.65939999999999999,1,6594
6893,B,0.80500000000000005,0,8050
6894,A,0.9849,1,9849
6894,B,1.6890000000000001,0,16890
6895,A,0.38650000000000001,1,3865
6895,B,0.2029,0,2029
6896,A,0.49790000000000001,1,4979
6896,B,0.62430000000000008,0,6243
6897,A,0.71340000000000003,1,7134
6897,B,1.6736,1,16736
6898,A,0.91980000000000006,1,9198
6898,B,0.62590000000000001,1,6259
6899,A,0.58400000000000007,1,5840
6899,B,1.0258,0,10258
6900,A,0.6099,1,6099
6900,B,1.3779000000000001,0,13779
6901,A,0.38220000000000004,1,3822
6901,B,2.9396,1,29396
6902,A,0.64429999999999998,1,6443
6902,B,0.41360000000000002,0,4136
6903,A,0.78560000000000008,1,7856
6903,B,1.6228,0,16228
6904,A,1.383,1,13830
6904,B,2.2709999999999999,0,22710
6905,A,0.379,0,3790
6905,B,0.20230000000000001,0,2023
6906,A,0.50880000000000003,1,5088
6906,B,1.1701000000000001,1,11701
6907,A,1.1071,1,11071
6907,B,0.4229,0,4229
6908,A,0.9899,1,9899
6908,B,2.8393999999999999,1,28394
6909,A,1.0756000000000001,1,10756
6909,B,0.44260000000000005,0,4426
6910,A,0.92300000000000004,1,9230
6910,B,0.23730000000000001,0,2373
6911,A,0.61870000000000003,1,6187
6911,B,3.2305000000000001,0,32305
6912,A,1.2666000000000002,1,12666
6912,B,0.99230000000000007,0,9923
6913,A,0.77660000000000007,1,7766
6913,B,0.72830000000000006,0,7283
6914,A,1.0572000000000001,1,10572
6914,B,0.76570000000000005,0,7657
6915,A,0.59260000000000002,1,5926
6915,B,0.1681,0,1681
6916,A,0.77450000000000008,1,7745
6916,B,0.47110000000000002,0,4711
6917,A,0.49980000000000002,1,4998
6917,B,0.28140000000000004,0,2814
6918,A,1.2210000000000001,1,12210
6918,B,0.63280000000000003,0,6328
6919,A,1.2905,1,12905
6919,B,1.5889,1,15889
6920,A,0.40970000000000001,0,4097
6920,B,1.4734,0,14734
6921,A,0.53249999999999997,1,5325
6921,B,0.83500000000000008,0,8350
6922,A,0.70750000000000002,1,7075
6922,B,0.61799999999999999,0,6180
6923,A,1.1208,1,11208
6923,B,1.323,0,13230
6924,A,0.41720000000000002,1,4172
6924,B,1.2539,0,12539
6925,A,0.60050000000000003,1,6005
6925,B,0.9205000000000001,0,9205
6926,A,0.85240000000000005,1,8524
6926,B,0.36200000000000004,0,3620
6927,A,0.87270000000000003,1,8727
6927,B,0.502,0,5020
6928,A,0.46140000000000003,1,4614
6928,B,0.3004,0,3004
6929,A,0.77090000000000003,1,7709
6929,B,0.32300000000000001,0,3230
6930,A,0.43010000000000004,1,4301
6930,B,1.6758000000000002,1,16758
6931,A,0.2356,1,2356
6931,B,1.6864000000000001,0,16864
6932,A,0.45710000000000001,0,4571
6932,B,0.4647,0,4647
6933,A,0.84130000000000005,1,8413
6933,B,1.345,0,13450
6934,A,0.48530000000000001,1,4853
6934,B,1.0615000000000001,0,10615
6935,A,0.83479999999999999,1,8348
6935,B,0.69950000000000001,0,6995
6936,A,1.028,1,10280
6936,B,1.9608000000000001,0,19608
6937,A,0.85100000000000009,1,8510
6937,B,1.0905,1,10905
6938,A,0.54080000000000006,1,5408
6938,B,1.9034,0,19034
6939,A,0.78250000000000008,1,7825
6939,B,0.67580000000000007,0,6758
6940,A,0.95990000000000009,1,9599
6940,B,1.2177,0,12177
6941,A,0.86220000000000008,1,8622
6941,B,0.5413,0,5413
6942,A,0.72930000000000006,1,7293
6942,B,0.217,0,2170
6943,A,0.43510000000000004,1,4351
6943,B,0.59010000000000007,0,5901
6944,A,0.55300000000000005,1,5530
6944,B,1.258,1,12580
6945,A,0.56940000000000002,1,5694
6945,B,0.3175,0,3175
6946,A,0.82580000000000009,1,8258
6946,B,0.2742,0,2742
6947,A,1.0716000000000001,1,10716
6947,B,3.7951000000000001,0,37951
6948,A,0.90240000000000009,1,9024
6948,B,1.7078,1,17078
6949,A,0.29480000000000001,1,2948
6949,B,3.1001000000000003,1,31001
6950,A,0.85150000000000003,1,8515
6950,B,0.2666,0,2666
6951,A,0.99140000000000006,1,9914
6951,B,0.88730000000000009,1,8873
6952,A,0.81969999999999998,1,8197
6952,B,0.38640000000000002,0,3864
6953,A,0.91020000000000001,1,9102
6953,B,0.83200000000000007,0,8320
6954,A,0.57300000000000006,1,5730
6954,B,1.0181,1,10181
6955,A,0.60350000000000004,1,6035
6955,B,0.80500000000000005,0,8050
6956,A,0.74299999999999999,1,7430
6956,B,0.55159999999999998,1,5516
6957,A,0.78910000000000002,1,7891
6957,B,0.35750000000000004,0,3575
6958,A,0.89760000000000006,1,8976
6958,B,0.94730000000000003,1,9473
6959,A,1.3387,1,13387
6959,B,0.3105,0,3105
6960,A,0.59510000000000007,1,5951
6960,B,0.39250000000000002,0,3925
6961,A,0.6905,1,6905
6961,B,0.42910000000000004,0,4291
6962,A,0.6159,1,6159
6962,B,2.0563000000000002,1,20563
6963,A,0.40700000000000003,1,4070
6963,B,0.69590000000000007,0,6959
6964,A,0.94530000000000003,1,9453
6964,B,2.1271,0,21271
6965,A,0.52850000000000008,1,5285
6965,B,0.65580000000000005,0,6558
6966,A,1.0669,1,10669
6966,B,0.85999999999999999,0,8600
6967,A,0.65010000000000001,1,6501
6967,B,0.35189999999999999,0,3519
6968,A,1.0515000000000001,1,10515
6968,B,0.71520000000000006,0,7152
6969,A,1.4814000000000001,1,14814
6969,B,0.33250000000000002,0,3325
6970,A,1.0319,1,10319
6970,B,0.58700000000000008,0,5870
6971,A,1.0484,1,10484
6971,B,0.34340000000000004,0,3434
6972,A,1.4215,1,14215
6972,B,0.1467,0,1467
6973,A,0.56990000000000007,1,5699
6973,B,3.8226,1,38226
6974,A,0.69830000000000003,1,6983
6974,B,2.4554,0,24554
6975,A,0.81100000000000005,1,8110
6975,B,2.3279000000000001,1,23279
6976,A,1.7798,1,17798
6976,B,1.0373000000000001,0,10373
6977,A,0.3755,1,3755
6977,B,0.72970000000000002,1,7297
6978,A,0.54649999999999999,1,5465
6978,B,0.30160000000000003,0,3016
6979,A,0.70660000000000001,1,7066
6979,B,2.2068000000000003,0,22068
6980,A,0.76570000000000005,1,7657
6980,B,1.0351000000000001,0,10351
6981,A,0.73050000000000004,1,7305
6981,B,0.42650000000000005,0,4265
6982,A,0.2555,0,2555
6982,B,1.931,0,19310
6983,A,1.7297,1,17297
6983,B,1.0301,0,10301
6984,A,0.45990000000000003,1,4599
6984,B,4.4766000000000004,1,44766
6985,A,2.6941999999999999,1,26942
6985,B,0.57969999999999999,1,5797
6986,A,1.0083,1,10083
6986,B,0.97570000000000001,0,9757
6987,A,0.6421,1,6421
6987,B,0.50219999999999998,0,5022
6988,A,0.92870000000000008,1,9287
6988,B,0.89980000000000004,0,8998
6989,A,1.5199,1,15199
6989,B,2.0691000000000002,1,20691
6990,A,0.8983000000000001,1,8983
6990,B,0.41639999999999999,0,4164
6991,A,1.2581,1,12581
6991,B,1.3005,0,13005
6992,A,1.8864000000000001,1,18864
6992,B,0.4773,0,4773
6993,A,0.53570000000000007,1,5357
6993,B,3.6385000000000001,1,36385
6994,A,0.71530000000000005,1,7153
6994,B,0.95660000000000001,0,9566
6995,A,0.88640000000000008,1,8864
6995,B,1.0090000000000001,0,10090
6996,A,0.54700000000000004,1,5470
6996,B,1.3170000000000002,0,13170
6997,A,0.56950000000000001,0,5695
6997,B,0.80770000000000008,1,8077
6998,A,0.37390000000000001,1,3739
6998,B,1.8274000000000001,0,18274
6999,A,1.0108000000000001,1,10108
6999,B,0.48710000000000003,0,4871
7000,A,0.84090000000000009,1,8409
7000,B,0.72070000000000001,0,7207
7001,A,0.54510000000000003,1,5451
7001,B,0.81759999999999999,0,8176
7002,A,0.95830000000000004,1,9583
7002,B,1.7924,1,17924
7003,A,0.49710000000000004,1,4971
7003,B,0.41620000000000001,0,4162
7004,A,0.68459999999999999,1,6846
7004,B,1.1305000000000001,0,11305
7005,A,0.33550000000000002,1,3355
7005,B,5.6553000000000004,1,56553
7006,A,0.65290000000000004,1,6529
7006,B,0.27829999999999999,0,2783
7007,A,0.58520000000000005,1,5852
7007,B,0.47240000000000004,0,4724
7008,A,0.40379999999999999,1,4038
7008,B,0.37730000000000002,0,3773
7009,A,0.4748,1,4748
7009,B,1.7414000000000001,0,17414
7010,A,0.32830000000000004,1,3283
7010,B,0.53790000000000004,0,5379
7011,A,0.622,1,6220
7011,B,0.4778,0,4778
7012,A,1.0155000000000001,1,10155
7012,B,0.53980000000000006,1,5398
7013,A,0.80600000000000005,1,8060
7013,B,1.0982000000000001,0,10982
7014,A,0.66210000000000002,1,6621
7014,B,1.1109,0,11109
7015,A,0.46810000000000002,1,4681
7015,B,2.4523999999999999,1,24524
7016,A,0.7913,1,7913
7016,B,0.24430000000000002,0,2443
7017,A,0.58090000000000008,1,5809
7017,B,2.0283000000000002,0,20283
7018,A,0.5302,1,5302
7018,B,1.5782,0,15782
7019,A,1.2493000000000001,1,12493
7019,B,1.3828,1,13828
7020,A,0.41910000000000003,1,4191
7020,B,0.40400000000000003,0,4040
7021,A,0.90600000000000003,1,9060
7021,B,0.54370000000000007,1,5437
7022,A,0.67690000000000006,1,6769
7022,B,1.5854000000000001,1,15854
7023,A,1.0598000000000001,1,10598
7023,B,0.1472,0,1472
7024,A,0.4703,1,4703
7024,B,0.88370000000000004,0,8837
7025,A,1.1058000000000001,1,11058
7025,B,3.0881000000000003,0,30881
7026,A,0.57700000000000007,1,5770
7026,B,2.4645999999999999,1,24646
7027,A,0.48410000000000003,1,4841
7027,B,0.44010000000000005,0,4401
7028,A,1.0882000000000001,1,10882
7028,B,1.2891000000000001,0,12891
7029,A,1.4670000000000001,1,14670
7029,B,1.9496,0,19496
7030,A,0.2114,0,2114
7030,B,0.83040000000000003,0,8304
7031,A,0.56830000000000003,1,5683
7031,B,1.1711,0,11711
7032,A,1.5638000000000001,1,15638
7032,B,1.4921,0,14921
7033,A,1.6691,1,16691
7033,B,0.7248,1,7248
7034,A,0.3679,1,3679
7034,B,0.2157,0,2157
7035,A,1.7160000000000002,1,17160
7035,B,0.7661,0,7661
7036,A,0.88230000000000008,1,8823
7036,B,0.9597,0,9597
7037,A,0.46580000000000005,1,4658
7037,B,2.5374000000000003,0,25374
7038,A,0.88650000000000007,1,8865
7038,B,0.4844,0,4844
7039,A,0.62119999999999997,1,6212
7039,B,1.3985000000000001,0,13985
7040,A,0.35450000000000004,1,3545
7040,B,0.28390000000000004,0,2839
7041,A,0.72950000000000004,1,7295
7041,B,0.74070000000000003,1,7407
7042,A,0.44030000000000002,1,4403
7042,B,0.56559999999999999,1,5656
7043,A,0.64219999999999999,1,6422
7043,B,0.37310000000000004,0,3731
7044,A,1.0315000000000001,1,10315
7044,B,0.62919999999999998,0,6292
7045,A,0.71400000000000008,1,7140
7045,B,0.96400000000000008,1,9640
7046,A,1.1892,1,11892
7046,B,0.89080000000000004,0,8908
7047,A,1.1950000000000001,1,11950
7047,B,1.2755000000000001,0,12755
7048,A,0.76640000000000008,1,7664
7048,B,2.0218000000000003,1,20218
7049,A,0.9719000000000001,1,9719
7049,B,2.9677000000000002,0,29677
7050,A,0.35039999999999999,1,3504
7050,B,0.28260000000000002,0,2826
7051,A,0.6139,1,6139
7051,B,0.62670000000000003,0,6267
7052,A,0.44140000000000001,1,4414
7052,B,0.621,0,6210
7053,A,0.34240000000000004,1,3424
7053,B,2.7253000000000003,1,27253
7054,A,0.73630000000000007,1,7363
7054,B,1.2116,0,12116
7055,A,1.4294,1,14294
7055,B,0.51929999999999998,0,5193
7056,A,0.73240000000000005,1,7324
7056,B,0.77429999999999999,0,7743
7057,A,0.33729999999999999,1,3373
7057,B,1.6071,1,16071
7058,A,0.60699999999999998,1,6070
7058,B,0.90800000000000003,1,9080
7059,A,0.74380000000000002,1,7438
7059,B,1.0496000000000001,0,10496
7060,A,0.65229999999999999,1,6523
7060,B,1.8309000000000002,0,18309
7061,A,0.95000000000000007,1,9500
7061,B,0.41450000000000004,0,4145
7062,A,0.44600000000000001,1,4460
7062,B,0.2843,0,2843
7063,A,1.0505,1,10505
7063,B,1.0803,1,10803
7064,A,1.2355,1,12355
7064,B,0.21860000000000002,0,2186
7065,A,0.33680000000000004,1,3368
7065,B,1.4426000000000001,0,14426
7066,A,1.2926,1,12926
7066,B,0.57920000000000005,0,5792
7067,A,0.91600000000000004,1,9160
7067,B,0.4733,0,4733
7068,A,0.42860000000000004,0,4286
7068,B,2.3083,1,23083
7069,A,1.1755,1,11755
7069,B,0.44340000000000002,0,4434
7070,A,0.67780000000000007,1,6778
7070,B,2.0161000000000002,0,20161
7071,A,0.57720000000000005,1,5772
7071,B,0.23190000000000002,0,2319
7072,A,0.78220000000000001,1,7822
7072,B,0.65629999999999999,0,6563
7073,A,1.1606000000000001,1,11606
7073,B,0.2467,0,2467
7074,A,1.1167,1,11167
7074,B,1.1824000000000001,0,11824
7075,A,0.45440000000000003,1,4544
7075,B,1.6136000000000001,0,16136
7076,A,0.92600000000000005,1,9260
7076,B,0.45570000000000005,1,4557
7077,A,1.8596000000000001,1,18596
7077,B,0.57390000000000008,0,5739
7078,A,0.72400000000000009,1,7240
7078,B,3.8300000000000001,1,38300
7079,A,0.65339999999999998,1,6534
7079,B,0.71700000000000008,1,7170
7080,A,1.4522000000000002,1,14522
7080,B,0.64810000000000001,0,6481
7081,A,0.69620000000000004,1,6962
7081,B,1.1454,0,11454
7082,A,0.77200000000000002,1,7720
7082,B,3.4350000000000001,1,34350
7083,A,1.0394000000000001,1,10394
7083,B,0.58079999999999998,0,5808
7084,A,0.93370000000000009,1,9337
7084,B,0.41670000000000001,0,4167
7085,A,0.48410000000000003,1,4841
7085,B,0.20100000000000001,0,2010
7086,A,0.46330000000000005,1,4633
7086,B,0.44440000000000002,0,4444
7087,A,0.26940000000000003,0,2694
7087,B,1.2014,0,12014
7088,A,0.58140000000000003,1,5814
7088,B,1.7578,0,17578
7089,A,0.84720000000000006,1,8472
7089,B,1.4471000000000001,1,14471
7090,A,1.2574000000000001,1,12574
7090,B,0.55070000000000008,0,5507
7091,A,0.78510000000000002,1,7851
7091,B,0.78770000000000007,0,7877
7092,A,0.60040000000000004,1,6004
7092,B,1.351,0,13510
7093,A,0.7833,1,7833
7093,B,1.4430000000000001,0,14430
7094,A,1.7208000000000001,1,17208
7094,B,0.45700000000000002,0,4570
7095,A,0.33590000000000003,1,3359
7095,B,0.9588000000000001,1,9588
7096,A,1.0379,1,10379
7096,B,1.5152000000000001,0,15152
7097,A,0.72220000000000006,1,7222
7097,B,0.36860000000000004,0,3686
7098,A,0.79849999999999999,1,7985
7098,B,1.1329,0,11329
7099,A,0.53890000000000005,1,5389
7099,B,1.395,1,13950
7100,A,0.58000000000000007,1,5800
7100,B,0.74690000000000001,0,7469
7101,A,0.4078,1,4078
7101,B,1.5839000000000001,0,15839
7102,A,1.6038000000000001,1,16038
7102,B,1.3521000000000001,1,13521
7103,A,0.74340000000000006,1,7434
7103,B,1.3845000000000001,0,13845
7104,A,1.4184000000000001,1,14184
7104,B,2.4308000000000001,1,24308
7105,A,0.54280000000000006,1,5428
7105,B,0.96960000000000002,1,9696
7106,A,0.62409999999999999,1,6241
7106,B,0.66680000000000006,0,6668
7107,A,0.52860000000000007,1,5286
7107,B,0.92510000000000003,0,9251
7108,A,0.45730000000000004,1,4573
7108,B,2.3248000000000002,1,23248
7109,A,0.77500000000000002,1,7750
7109,B,1.1566000000000001,1,11566
7110,A,1.4596,1,14596
7110,B,1.3286,0,13286
7111,A,0.8589,1,8589
7111,B,0.63270000000000004,0,6327
7112,A,0.87720000000000009,1,8772
7112,B,0.5796,0,5796
7113,A,0.87230000000000008,1,8723
7113,B,2.8631000000000002,0,28631
7114,A,0.4587,1,4587
7114,B,0.51250000000000007,0,5125
7115,A,0.55020000000000002,1,5502
7115,B,0.66100000000000003,0,6610
7116,A,0.63580000000000003,1,6358
7116,B,0.32980000000000004,0,3298
7117,A,0.79870000000000008,1,7987
7117,B,0.98089999999999999,0,9809
7118,A,0.37690000000000001,1,3769
7118,B,0.59630000000000005,0,5963
7119,A,0.73140000000000005,1,7314
7119,B,0.54270000000000007,0,5427
7120,A,0.88919999999999999,1,8892
7120,B,0.78800000000000003,1,7880
7121,A,1.6557000000000002,1,16557
7121,B,0.84350000000000003,0,8435
7122,A,1.6357000000000002,1,16357
7122,B,1.2290000000000001,1,12290
7123,A,1.2104000000000001,0,12104
7123,B,0.43860000000000005,0,4386
7124,A,1.5364,1,15364
7124,B,0.61499999999999999,0,6150
7125,A,0.58179999999999998,0,5818
7125,B,0.77250000000000008,1,7725
7126,A,0.73360000000000003,1,7336
7126,B,0.65839999999999999,0,6584
7127,A,0.64440000000000008,1,6444
7127,B,0.54270000000000007,0,5427
7128,A,0.41720000000000002,1,4172
7128,B,0.18960000000000002,0,1896
7129,A,0.68010000000000004,1,6801
7129,B,1.0192000000000001,0,10192
7130,A,0.53549999999999998,1,5355
7130,B,4.7753000000000005,0,47753
7131,A,0.90250000000000008,1,9025
7131,B,4.9038000000000004,1,49038
7132,A,1.2175,1,12175
7132,B,1.4334,0,14334
7133,A,0.66039999999999999,1,6604
7133,B,0.58500000000000008,1,5850
7134,A,0.89360000000000006,1,8936
7134,B,0.47820000000000001,0,4782
7135,A,1.1347,1,11347
7135,B,1.9016000000000002,0,19016
7136,A,1.1451,1,11451
7136,B,1.4367000000000001,1,14367
7137,A,0.58950000000000002,1,5895
7137,B,1.1336000000000002,0,11336
7138,A,0.70230000000000004,1,7023
7138,B,1.7279,0,17279
7139,A,1.8615000000000002,1,18615
7139,B,1.1930000000000001,0,11930
7140,A,0.45470000000000005,1,4547
7140,B,3.7367000000000004,1,37367
7141,A,0.34700000000000003,1,3470
7141,B,3.5685000000000002,0,35685
7142,A,0.3579,1,3579
7142,B,0.307,0,3070
7143,A,0.55020000000000002,1,5502
7143,B,1.5058,0,15058
7144,A,1.4792000000000001,1,14792
7144,B,1.1129,0,11129
7145,A,0.44800000000000001,1,4480
7145,B,0.89270000000000005,0,8927
7146,A,1.5234000000000001,1,15234
7146,B,0.2848,0,2848
7147,A,0.64590000000000003,1,6459
7147,B,0.45480000000000004,0,4548
7148,A,0.40629999999999999,1,4063
7148,B,2.2011000000000003,0,22011
7149,A,1.1356000000000002,1,11356
7149,B,0.53939999999999999,0,5394
7150,A,0.67610000000000003,1,6761
7150,B,0.40640000000000004,0,4064
7151,A,0.82369999999999999,1,8237
7151,B,0.40760000000000002,0,4076
7152,A,0.49680000000000002,1,4968
7152,B,0.2263,0,2263
7153,A,0.54759999999999998,1,5476
7153,B,1.7342000000000002,0,17342
7154,A,0.67890000000000006,1,6789
7154,B,0.42080000000000001,1,4208
7155,A,0.66400000000000003,1,6640
7155,B,2.3300000000000001,1,23300
7156,A,0.47860000000000003,1,4786
7156,B,1.0201,0,10201
7157,A,1.0215000000000001,1,10215
7157,B,0.55830000000000002,1,5583
7158,A,1.7193000000000001,1,17193
7158,B,0.27529999999999999,0,2753
7159,A,0.42930000000000001,1,4293
7159,B,1.3525,0,13525
7160,A,0.90070000000000006,1,9007
7160,B,0.52329999999999999,0,5233
7161,A,0.56230000000000002,1,5623
7161,B,2.8807,0,28807
7162,A,1.5112000000000001,1,15112
7162,B,0.58700000000000008,0,5870
7163,A,0.85589999999999999,1,8559
7163,B,0.53200000000000003,0,5320
7164,A,0.52190000000000003,1,5219
7164,B,0.49150000000000005,0,4915
7165,A,0.31740000000000002,1,3174
7165,B,0.44120000000000004,1,4412
7166,A,1.9277000000000002,1,19277
7166,B,0.38100000000000001,0,3810
7167,A,0.8570000000000001,1,8570
7167,B,0.84370000000000001,0,8437
7168,A,0.7752,1,7752
7168,B,0.59520000000000006,0,5952
7169,A,0.66910000000000003,1,6691
7169,B,0.81670000000000009,0,8167
7170,A,0.82669999999999999,1,8267
7170,B,0.373,0,3730
7171,A,0.37690000000000001,1,3769
7171,B,0.31570000000000004,0,3157
7172,A,0.57990000000000008,1,5799
7172,B,0.4163,0,4163
7173,A,0.66839999999999999,1,6684
7173,B,1.3248,0,13248
7174,A,0.51419999999999999,1,5142
7174,B,0.25170000000000003,0,2517
7175,A,1.6958,1,16958
7175,B,0.28129999999999999,1,2813
7176,A,0.54790000000000005,1,5479
7176,B,0.80820000000000003,0,8082
7177,A,0.81310000000000004,1,8131
7177,B,0.2356,0,2356
7178,A,0.51150000000000007,1,5115
7178,B,1.3621000000000001,0,13621
7179,A,1.1628000000000001,1,11628
7179,B,2.2676000000000003,0,22676
7180,A,0.94910000000000005,1,9491
7180,B,2.1071,1,21071
7181,A,0.56850000000000001,1,5685
7181,B,1.3625,0,13625
7182,A,0.87250000000000005,1,8725
7182,B,1.5513000000000001,1,15513
7183,A,1.1505000000000001,1,11505
7183,B,0.499,0,4990
7184,A,1.0591000000000002,1,10591
7184,B,0.82840000000000003,0,8284
7185,A,1.0582,1,10582
7185,B,0.61120000000000008,1,6112
7186,A,0.49560000000000004,1,4956
7186,B,0.47600000000000003,0,4760
7187,A,0.67459999999999998,1,6746
7187,B,3.9358000000000004,1,39358
7188,A,1.3347,1,13347
7188,B,0.34900000000000003,0,3490
7189,A,0.43020000000000003,1,4302
7189,B,3.2478000000000002,1,32478
7190,A,0.85330000000000006,1,8533
7190,B,0.67930000000000001,1,6793
7191,A,0.57710000000000006,1,5771
7191,B,0.5333,0,5333
7192,A,0.61330000000000007,1,6133
7192,B,0.53960000000000008,0,5396
7193,A,0.52960000000000007,1,5296
7193,B,0.56630000000000003,0,5663
7194,A,1.0619000000000001,1,10619
7194,B,0.77950000000000008,0,7795
7195,A,0.80810000000000004,1,8081
7195,B,0.93210000000000004,1,9321
7196,A,0.70310000000000006,1,7031
7196,B,0.9012,0,9012
7197,A,0.57610000000000006,1,5761
7197,B,0.36330000000000001,1,3633
7198,A,0.96800000000000008,1,9680
7198,B,0.10890000000000001,0,1089
7199,A,0.43210000000000004,1,4321
7199,B,2.0714999999999999,0,20715
7200,A,1.0793000000000001,1,10793
7200,B,0.49690000000000001,1,4969
7201,A,0.84050000000000002,1,8405
7201,B,1.0744,0,10744
7202,A,0.51650000000000007,1,5165
7202,B,1.0007000000000001,0,10007
7203,A,1.6415000000000002,1,16415
7203,B,0.6179,0,6179
7204,A,0.87190000000000001,1,8719
7204,B,0.2452,0,2452
7205,A,0.63800000000000001,1,6380
7205,B,2.6254,1,26254
7206,A,1.5028000000000001,1,15028
7206,B,2.9243000000000001,0,29243
7207,A,1.4141000000000001,1,14141
7207,B,0.2974,0,2974
7208,A,0.56820000000000004,1,5682
7208,B,0.25670000000000004,0,2567
7209,A,0.3805,1,3805
7209,B,0.59460000000000002,0,5946
7210,A,0.89419999999999999,1,8942
7210,B,0.56790000000000007,0,5679
7211,A,0.53600000000000003,1,5360
7211,B,0.86880000000000002,1,8688
7212,A,1.3688,1,13688
7212,B,0.36510000000000004,0,3651
7213,A,1.9587000000000001,1,19587
7213,B,1.9686000000000001,0,19686
7214,A,1.6916,0,16916
7214,B,0.40540000000000004,0,4054
7215,A,0.49890000000000001,1,4989
7215,B,0.74070000000000003,1,7407
7216,A,0.90090000000000003,1,9009
7216,B,4.4243000000000006,1,44243
7217,A,1.4251,1,14251
7217,B,2.0113000000000003,0,20113
7218,A,0.83810000000000007,1,8381
7218,B,3.9144000000000001,1,39144
7219,A,0.71479999999999999,1,7148
7219,B,0.12870000000000001,0,1287
7220,A,0.65010000000000001,1,6501
7220,B,0.25109999999999999,0,2511
7221,A,0.80430000000000001,1,8043
7221,B,0.77490000000000003,1,7749
7222,A,1.3820000000000001,1,13820
7222,B,0.63519999999999999,0,6352
7223,A,0.81790000000000007,1,8179
7223,B,0.63600000000000001,1,6360
7224,A,0.39800000000000002,1,3980
7224,B,1.8382000000000001,1,18382
7225,A,1.089,1,10890
7225,B,2.2000000000000002,0,22000
7226,A,0.41820000000000002,1,4182
7226,B,0.18730000000000002,0,1873
7227,A,0.71330000000000005,1,7133
7227,B,1.1914,0,11914
7228,A,1.9193,1,19193
7228,B,0.099500000000000005,0,995
7229,A,0.82100000000000006,1,8210
7229,B,0.77260000000000006,0,7726
7230,A,2.073,1,20730
7230,B,1.3417000000000001,0,13417
7231,A,0.93149999999999999,1,9315
7231,B,2.9777,0,29777
7232,A,1.3611,1,13611
7232,B,3.9220000000000002,0,39220
7233,A,1.1739000000000002,1,11739
7233,B,1.0302,1,10302
7234,A,0.34129999999999999,1,3413
7234,B,0.74299999999999999,0,7430
7235,A,0.94950000000000001,1,9495
7235,B,0.64550000000000007,0,6455
7236,A,0.4304,1,4304
7236,B,0.54300000000000004,0,5430
7237,A,0.92420000000000002,1,9242
7237,B,0.76360000000000006,1,7636
7238,A,1.8231000000000002,1,18231
7238,B,0.66460000000000008,0,6646
7239,A,0.52490000000000003,1,5249
7239,B,0.11600000000000001,0,1160
7240,A,0.68690000000000007,1,6869
7240,B,4.6871,1,46871
7241,A,1.1838,1,11838
7241,B,0.60430000000000006,1,6043
7242,A,0.74709999999999999,1,7471
7242,B,0.26140000000000002,0,2614
7243,A,0.42870000000000003,1,4287
7243,B,1.3285,0,13285
7244,A,0.46910000000000002,1,4691
7244,B,0.44900000000000001,1,4490
7245,A,0.25880000000000003,1,2588
7245,B,2.3691,0,23691
7246,A,0.3044,1,3044
7246,B,2.5432000000000001,1,25432
7247,A,0.96800000000000008,1,9680
7247,B,2.3574999999999999,1,23575
7248,A,0.54920000000000002,1,5492
7248,B,0.1888,0,1888
7249,A,0.46280000000000004,1,4628
7249,B,0.61580000000000001,1,6158
7250,A,0.38080000000000003,1,3808
7250,B,0.82410000000000005,1,8241
7251,A,0.73199999999999998,1,7320
7251,B,1.1167,1,11167
7252,A,0.84290000000000009,1,8429
7252,B,2.8518000000000003,0,28518
7253,A,0.86960000000000004,1,8696
7253,B,0.33400000000000002,0,3340
7254,A,0.6643,1,6643
7254,B,1.1671,0,11671
7255,A,1.0471000000000001,1,10471
7255,B,0.68030000000000002,1,6803
7256,A,1.6329,1,16329
7256,B,1.9297000000000002,0,19297
7257,A,0.80900000000000005,1,8090
7257,B,0.62190000000000001,1,6219
7258,A,0.51319999999999999,1,5132
7258,B,0.34200000000000003,0,3420
7259,A,1.7002000000000002,1,17002
7259,B,0.1918,0,1918
7260,A,1.3304,1,13304
7260,B,0.69969999999999999,1,6997
7261,A,0.29600000000000004,1,2960
7261,B,3.3180000000000001,1,33180
7262,A,0.66460000000000008,1,6646
7262,B,0.75900000000000001,0,7590
7263,A,0.55869999999999997,1,5587
7263,B,0.41410000000000002,0,4141
7264,A,0.41900000000000004,1,4190
7264,B,2.6901000000000002,1,26901
7265,A,0.56690000000000007,1,5669
7265,B,1.8101,0,18101
7266,A,1.4626000000000001,1,14626
7266,B,2.1625000000000001,1,21625
7267,A,0.44350000000000001,1,4435
7267,B,1.1607000000000001,0,11607
7268,A,0.59460000000000002,1,5946
7268,B,1.0163,1,10163
7269,A,0.68590000000000007,1,6859
7269,B,1.1218000000000001,1,11218
7270,A,0.86950000000000005,1,8695
7270,B,0.55959999999999999,0,5596
7271,A,1.1984000000000001,1,11984
7271,B,0.86820000000000008,0,8682
7272,A,0.67830000000000001,1,6783
7272,B,1.7809000000000001,0,17809
7273,A,0.92270000000000008,1,9227
7273,B,3.2279,1,32279
7274,A,0.82000000000000006,1,8200
7274,B,2.3323,1,23323
7275,A,0.87570000000000003,1,8757
7275,B,0.60299999999999998,1,6030
7276,A,1.2327000000000001,1,12327
7276,B,0.52660000000000007,1,5266
7277,A,0.71560000000000001,1,7156
7277,B,1.7036,1,17036
7278,A,0.62890000000000001,0,6289
7278,B,4.6653000000000002,1,46653
7279,A,0.34429999999999999,0,3443
7279,B,0.80480000000000007,0,8048
7280,A,0.67920000000000003,0,6792
7280,B,1.2231000000000001,0,12231
7281,A,0.59040000000000004,1,5904
7281,B,2.9778000000000002,1,29778
7282,A,0.59620000000000006,1,5962
7282,B,3.2253000000000003,0,32253
7283,A,0.9294,1,9294
7283,B,0.17150000000000001,0,1715
7284,A,0.73150000000000004,1,7315
7284,B,2.1078999999999999,0,21079
7285,A,0.74009999999999998,1,7401
7285,B,0.3952,0,3952
7286,A,1.9337000000000002,1,19337
7286,B,1.4155,0,14155
7287,A,0.54449999999999998,1,5445
7287,B,0.40350000000000003,0,4035
7288,A,0.4027,1,4027
7288,B,1.0250000000000001,0,10250
7289,A,0.96540000000000004,1,9654
7289,B,1.1582000000000001,1,11582
7290,A,2.0627,1,20627
7290,B,0.32150000000000001,0,3215
7291,A,0.74980000000000002,1,7498
7291,B,0.47760000000000002,0,4776
7292,A,1.3878000000000001,1,13878
7292,B,0.79830000000000001,0,7983
7293,A,0.86820000000000008,1,8682
7293,B,1.3085,1,13085
7294,A,0.94550000000000001,1,9455
7294,B,0.74660000000000004,0,7466
7295,A,0.72840000000000005,1,7284
7295,B,0.23920000000000002,0,2392
7296,A,0.32640000000000002,1,3264
7296,B,0.40720000000000001,0,4072
7297,A,0.76929999999999998,1,7693
7297,B,0.97230000000000005,1,9723
7298,A,0.65800000000000003,1,6580
7298,B,3.0001000000000002,0,30001
7299,A,1.0974000000000002,1,10974
7299,B,0.98260000000000003,0,9826
7300,A,1.0203,1,10203
7300,B,3.3075000000000001,0,33075
7301,A,0.70279999999999998,1,7028
7301,B,0.39190000000000003,0,3919
7302,A,0.58679999999999999,1,5868
7302,B,0.20810000000000001,0,2081
7303,A,0.45020000000000004,1,4502
7303,B,1.5461,1,15461
7304,A,0.83140000000000003,1,8314
7304,B,0.22220000000000001,0,2222
7305,A,0.71050000000000002,1,7105
7305,B,0.55480000000000007,0,5548
7306,A,0.9467000000000001,1,9467
7306,B,2.9095,0,29095
7307,A,0.62250000000000005,1,6225
7307,B,0.2092,0,2092
7308,A,0.62830000000000008,1,6283
7308,B,1.6757000000000002,1,16757
7309,A,0.91870000000000007,1,9187
7309,B,2.6876000000000002,0,26876
7310,A,0.4461,1,4461
7310,B,1.1182000000000001,0,11182
7311,A,0.78129999999999999,1,7813
7311,B,0.75730000000000008,0,7573
7312,A,0.57220000000000004,1,5722
7312,B,0.54049999999999998,0,5405
7313,A,0.56490000000000007,1,5649
7313,B,1.6565000000000001,0,16565
7314,A,0.29000000000000004,1,2900
7314,B,0.58720000000000006,1,5872
7315,A,0.8054,1,8054
7315,B,0.99470000000000003,1,9947
7316,A,1.5292000000000001,1,15292
7316,B,1.4458,1,14458
7317,A,1.6835,1,16835
7317,B,1.1589,1,11589
7318,A,0.60140000000000005,1,6014
7318,B,3.9679000000000002,1,39679
7319,A,0.57220000000000004,0,5722
7319,B,0.84730000000000005,0,8473
7320,A,0.52539999999999998,1,5254
7320,B,0.35900000000000004,0,3590
7321,A,0.71160000000000001,1,7116
7321,B,1.0006000000000002,0,10006
7322,A,1.0539000000000001,1,10539
7322,B,1.2176,0,12176
7323,A,0.79310000000000003,1,7931
7323,B,0.66990000000000005,0,6699
7324,A,0.85850000000000004,1,8585
7324,B,1.1816,1,11816
7325,A,0.35750000000000004,1,3575
7325,B,0.47310000000000002,0,4731
7326,A,1.1540000000000001,1,11540
7326,B,0.2747,0,2747
7327,A,0.56100000000000005,1,5610
7327,B,0.33430000000000004,0,3343
7328,A,0.58279999999999998,1,5828
7328,B,1.4685000000000001,1,14685
7329,A,1.0279,1,10279
7329,B,0.8165,1,8165
7330,A,1.0712000000000002,1,10712
7330,B,1.2416,0,12416
7331,A,0.76290000000000002,1,7629
7331,B,0.754,0,7540
7332,A,0.5353,1,5353
7332,B,1.2374000000000001,0,12374
7333,A,0.32569999999999999,1,3257
7333,B,0.61840000000000006,0,6184
7334,A,0.97230000000000005,1,9723
7334,B,1.4317,1,14317
7335,A,0.34560000000000002,1,3456
7335,B,0.81370000000000009,0,8137
7336,A,0.54730000000000001,1,5473
7336,B,0.31900000000000001,0,3190
7337,A,0.49030000000000001,1,4903
7337,B,0.82120000000000004,0,8212
7338,A,0.95430000000000004,1,9543
7338,B,1.2144000000000001,0,12144
7339,A,1.0206999999999999,1,10207
7339,B,0.20910000000000001,0,2091
7340,A,2.8059000000000003,1,28059
7340,B,1.0863,0,10863
7341,A,0.7893,1,7893
7341,B,0.21450000000000002,0,2145
7342,A,0.34900000000000003,0,3490
7342,B,1.7689000000000001,0,17689
7343,A,0.58589999999999998,1,5859
7343,B,1.2468000000000001,0,12468
7344,A,0.63700000000000001,1,6370
7344,B,0.86780000000000002,0,8678
7345,A,1.0229000000000001,1,10229
7345,B,0.52910000000000001,0,5291
7346,A,0.78460000000000008,1,7846
7346,B,0.53900000000000003,0,5390
7347,A,0.99320000000000008,1,9932
7347,B,0.44870000000000004,0,4487
7348,A,1.9189000000000001,1,19189
7348,B,1.4681,0,14681
7349,A,0.58650000000000002,1,5865
7349,B,0.27690000000000003,0,2769
7350,A,0.38470000000000004,1,3847
7350,B,0.2661,0,2661
7351,A,1.1291,1,11291
7351,B,4.6728000000000005,1,46728
7352,A,0.39200000000000002,1,3920
7352,B,0.93859999999999999,0,9386
7353,A,1.0283,1,10283
7353,B,0.80870000000000009,1,8087
7354,A,0.78800000000000003,1,7880
7354,B,1.2773000000000001,1,12773
7355,A,0.62090000000000001,1,6209
7355,B,0.34820000000000001,0,3482
7356,A,1.2447000000000001,1,12447
7356,B,2.1236999999999999,0,21237
7357,A,0.42260000000000003,1,4226
7357,B,2.1063000000000001,0,21063
7358,A,0.45240000000000002,1,4524
7358,B,2.1689000000000003,1,21689
7359,A,0.27860000000000001,1,2786
7359,B,0.2117,0,2117
7360,A,0.53739999999999999,1,5374
7360,B,0.40429999999999999,0,4043
7361,A,0.33760000000000001,1,3376
7361,B,0.51290000000000002,0,5129
7362,A,0.84240000000000004,1,8424
7362,B,2.7137000000000002,1,27137
7363,A,0.77629999999999999,1,7763
7363,B,3.4594,1,34594
7364,A,1.0022,1,10022
7364,B,0.51850000000000007,0,5185
7365,A,0.55610000000000004,1,5561
7365,B,2.6769000000000003,1,26769
7366,A,1.2525000000000002,1,12525
7366,B,1.3944000000000001,1,13944
7367,A,0.53349999999999997,1,5335
7367,B,2.0327999999999999,0,20328
7368,A,1.2255,1,12255
7368,B,0.1585,0,1585
7369,A,1.2923,1,12923
7369,B,0.54280000000000006,0,5428
7370,A,0.81120000000000003,1,8112
7370,B,2.5922000000000001,0,25922
7371,A,0.60210000000000008,1,6021
7371,B,0.69490000000000007,0,6949
7372,A,0.62809999999999999,0,6281
7372,B,0.754,0,7540
7373,A,0.85000000000000009,1,8500
7373,B,0.25690000000000002,0,2569
7374,A,0.93780000000000008,1,9378
7374,B,0.55449999999999999,0,5545
7375,A,0.59130000000000005,1,5913
7375,B,0.94920000000000004,1,9492
7376,A,0.77010000000000001,1,7701
7376,B,3.3246000000000002,1,33246
7377,A,1.0891999999999999,1,10892
7377,B,6.4645999999999999,1,64646
7378,A,1.3412000000000002,1,13412
7378,B,0.59689999999999999,0,5969
7379,A,0.60640000000000005,1,6064
7379,B,0.56769999999999998,0,5677
7380,A,0.94030000000000002,1,9403
7380,B,2.0864000000000003,1,20864
7381,A,0.30430000000000001,1,3043
7381,B,2.2967,1,22967
7382,A,1.1492,1,11492
7382,B,1.2398,0,12398
7383,A,0.64119999999999999,0,6412
7383,B,0.97900000000000009,1,9790
7384,A,0.6099,1,6099
7384,B,1.464,1,14640
7385,A,0.4042,1,4042
7385,B,4.9918000000000005,1,49918
7386,A,0.97360000000000002,1,9736
7386,B,0.37290000000000001,0,3729
7387,A,0.93020000000000003,1,9302
7387,B,0.1905,0,1905
7388,A,1.6777000000000002,1,16777
7388,B,0.37380000000000002,0,3738
7389,A,0.98130000000000006,1,9813
7389,B,0.42020000000000002,0,4202
7390,A,0.34470000000000001,1,3447
7390,B,1.385,0,13850
7391,A,0.8832000000000001,1,8832
7391,B,1.3274000000000001,0,13274
7392,A,0.97500000000000009,1,9750
7392,B,0.7107,0,7107
7393,A,0.17150000000000001,0,1715
7393,B,1.8404,1,18404
7394,A,1.0071000000000001,1,10071
7394,B,0.70679999999999998,0,7068
7395,A,1.3723000000000001,1,13723
7395,B,1.0037,1,10037
7396,A,0.81730000000000003,1,8173
7396,B,1.0263,1,10263
7397,A,0.98170000000000002,1,9817
7397,B,1.2886,0,12886
7398,A,0.4007,1,4007
7398,B,1.4885000000000002,0,14885
7399,A,0.66900000000000004,1,6690
7399,B,1.2547000000000001,0,12547
7400,A,0.58230000000000004,1,5823
7400,B,0.54990000000000006,0,5499
7401,A,0.65529999999999999,1,6553
7401,B,2.5525000000000002,0,25525
7402,A,2.9906000000000001,1,29906
7402,B,0.75380000000000003,1,7538
7403,A,0.49530000000000002,1,4953
7403,B,1.2349000000000001,0,12349
7404,A,0.4269,1,4269
7404,B,1.0617000000000001,1,10617
7405,A,0.66349999999999998,1,6635
7405,B,1.1492,1,11492
7406,A,0.49690000000000001,1,4969
7406,B,0.77440000000000009,0,7744
7407,A,0.83200000000000007,1,8320
7407,B,1.1645000000000001,0,11645
7408,A,0.28700000000000003,1,2870
7408,B,0.63970000000000005,1,6397
7409,A,1.0607,1,10607
7409,B,0.39090000000000003,0,3909
7410,A,0.72789999999999999,1,7279
7410,B,1.1934,1,11934
7411,A,0.92310000000000003,1,9231
7411,B,2.3052000000000001,1,23052
7412,A,1.0364,1,10364
7412,B,1.2302,1,12302
7413,A,0.43060000000000004,1,4306
7413,B,0.77680000000000005,0,7768
7414,A,0.57520000000000004,1,5752
7414,B,0.44190000000000002,0,4419
7415,A,0.88370000000000004,1,8837
7415,B,0.60909999999999997,0,6091
7416,A,1.0424,1,10424
7416,B,2.0318000000000001,1,20318
7417,A,1.4200000000000002,1,14200
7417,B,0.57500000000000007,0,5750
7418,A,0.8498,1,8498
7418,B,1.2338,0,12338
7419,A,0.94930000000000003,1,9493
7419,B,0.24700000000000003,0,2470
7420,A,0.67020000000000002,1,6702
7420,B,1.5543,1,15543
7421,A,2.3424,1,23424
7421,B,1.3258000000000001,0,13258
7422,A,0.76250000000000007,1,7625
7422,B,1.2443,1,12443
7423,A,0.4899,1,4899
7423,B,0.84030000000000005,0,8403
7424,A,0.77470000000000006,1,7747
7424,B,2.0510999999999999,0,20511
7425,A,0.60150000000000003,1,6015
7425,B,0.92500000000000004,0,9250
7426,A,1.1899999999999999,1,11900
7426,B,1.5310000000000001,1,15310
7427,A,0.55549999999999999,1,5555
7427,B,0.5212,0,5212
7428,A,0.66439999999999999,1,6644
7428,B,0.3574,0,3574
7429,A,1.0746,1,10746
7429,B,0.65720000000000001,0,6572
7430,A,0.75700000000000001,1,7570
7430,B,1.4493,1,14493
7431,A,1.1485000000000001,1,11485
7431,B,1.1271,0,11271
7432,A,0.79239999999999999,1,7924
7432,B,0.57450000000000001,0,5745
7433,A,0.67100000000000004,1,6710
7433,B,0.80490000000000006,0,8049
7434,A,0.68049999999999999,1,6805
7434,B,0.24050000000000002,0,2405
7435,A,1.1215000000000002,1,11215
7435,B,3.9486000000000003,1,39486
7436,A,1.1453,1,11453
7436,B,1.0904,0,10904
7437,A,1.3460000000000001,1,13460
7437,B,0.67030000000000001,0,6703
7438,A,0.62360000000000004,1,6236
7438,B,0.61150000000000004,0,6115
7439,A,0.98730000000000007,1,9873
7439,B,1.8186,1,18186
7440,A,0.95630000000000004,1,9563
7440,B,1.8643000000000001,1,18643
7441,A,1.8865000000000001,1,18865
7441,B,1.6594,0,16594
7442,A,0.22990000000000002,1,2299
7442,B,3.8851,1,38851
7443,A,0.87950000000000006,1,8795
7443,B,0.25309999999999999,0,2531
7444,A,0.50700000000000001,1,5070
7444,B,0.52500000000000002,0,5250
7445,A,0.54610000000000003,1,5461
7445,B,0.43090000000000001,0,4309
7446,A,0.50270000000000004,1,5027
7446,B,0.40230000000000005,0,4023
7447,A,0.95220000000000005,1,9522
7447,B,0.35950000000000004,0,3595
7448,A,1.4381000000000002,1,14381
7448,B,1.6327,1,16327
7449,A,0.89490000000000003,1,8949
7449,B,2.4091,0,24091
7450,A,0.3261,1,3261
7450,B,1.1398000000000001,1,11398
7451,A,0.93540000000000001,1,9354
7451,B,0.72020000000000006,1,7202
7452,A,0.70200000000000007,1,7020
7452,B,0.35160000000000002,0,3516
7453,A,0.8589,1,8589
7453,B,1.5188000000000001,1,15188
7454,A,0.88480000000000003,1,8848
7454,B,0.27660000000000001,0,2766
7455,A,0.4476,0,4476
7455,B,2.3614000000000002,1,23614
7456,A,1.1162000000000001,1,11162
7456,B,8.2141999999999999,1,82142
7457,A,0.95790000000000008,1,9579
7457,B,0.3664,0,3664
7458,A,0.79349999999999998,1,7935
7458,B,0.40940000000000004,0,4094
7459,A,1.0595000000000001,1,10595
7459,B,0.69290000000000007,1,6929
7460,A,0.70740000000000003,1,7074
7460,B,0.82269999999999999,1,8227
7461,A,1.2697000000000001,1,12697
7461,B,2.3277000000000001,0,23277
7462,A,0.71150000000000002,1,7115
7462,B,1.0865,0,10865
7463,A,0.65270000000000006,1,6527
7463,B,0.29410000000000003,0,2941
7464,A,1.0376000000000001,1,10376
7464,B,0.71150000000000002,0,7115
7465,A,0.81630000000000003,0,8163
7465,B,0.52710000000000001,0,5271
7466,A,1.0137,1,10137
7466,B,0.9476,0,9476
7467,A,1.2772000000000001,1,12772
7467,B,0.60650000000000004,1,6065
7468,A,2.0192000000000001,1,20192
7468,B,0.50229999999999997,1,5023
7469,A,0.46430000000000005,1,4643
7469,B,2.6974,1,26974
7470,A,0.76180000000000003,1,7618
7470,B,0.64540000000000008,0,6454
7471,A,0.71810000000000007,1,7181
7471,B,0.86620000000000008,0,8662
7472,A,0.98570000000000002,1,9857
7472,B,3.8495000000000004,1,38495
7473,A,0.70479999999999998,1,7048
7473,B,0.4138,0,4138
7474,A,0.54349999999999998,1,5435
7474,B,1.0822000000000001,1,10822
7475,A,0.54970000000000008,1,5497
7475,B,0.77729999999999999,0,7773
7476,A,0.501,1,5010
7476,B,0.81190000000000007,0,8119
7477,A,0.52860000000000007,1,5286
7477,B,0.64219999999999999,0,6422
7478,A,0.60170000000000001,1,6017
7478,B,2.8099000000000003,0,28099
7479,A,0.65739999999999998,1,6574
7479,B,1.0584,1,10584
7480,A,0.88350000000000006,1,8835
7480,B,0.96760000000000002,0,9676
7481,A,0.55549999999999999,1,5555
7481,B,0.60909999999999997,0,6091
7482,A,0.69320000000000004,1,6932
7482,B,0.4037,0,4037
7483,A,0.68390000000000006,1,6839
7483,B,1.5583,1,15583
7484,A,0.9497000000000001,1,9497
7484,B,1.2752000000000001,1,12752
7485,A,1.7842,1,17842
7485,B,0.84379999999999999,0,8438
7486,A,0.50819999999999999,1,5082
7486,B,6.6739000000000006,1,66739
7487,A,0.58920000000000006,1,5892
7487,B,0.53239999999999998,0,5324
7488,A,0.57240000000000002,1,5724
7488,B,0.8639,0,8639
7489,A,0.8075,1,8075
7489,B,2.1819000000000002,1,21819
7490,A,1.0865,1,10865
7490,B,1.8523000000000001,0,18523
7491,A,2.5527000000000002,1,25527
7491,B,0.9728,1,9728
7492,A,2.1879,1,21879
7492,B,3.0005000000000002,0,30005
7493,A,0.63719999999999999,1,6372
7493,B,1.2273000000000001,1,12273
7494,A,0.77710000000000001,1,7771
7494,B,0.84800000000000009,0,8480
7495,A,0.3382,1,3382
7495,B,0.76419999999999999,0,7642
7496,A,0.48120000000000002,1,4812
7496,B,1.8825000000000001,1,18825
7497,A,0.58910000000000007,1,5891
7497,B,0.50190000000000001,1,5019
7498,A,0.7651,1,7651
7498,B,0.70520000000000005,1,7052
7499,A,1.0069000000000001,1,10069
7499,B,2.0628000000000002,1,20628
7500,A,2.8103000000000002,1,28103
7500,B,1.8738000000000001,1,18738
7501,A,0.53070000000000006,1,5307
7501,B,0.43080000000000002,1,4308
7502,A,0.85920000000000007,1,8592
7502,B,2.2653000000000003,1,22653
7503,A,0.87860000000000005,1,8786
7503,B,1.5803,0,15803
7504,A,0.9698,1,9698
7504,B,0.36420000000000002,0,3642
7505,A,0.88150000000000006,1,8815
7505,B,0.77360000000000007,0,7736
7506,A,0.26700000000000002,0,2670
7506,B,0.90820000000000001,1,9082
7507,A,1.2738,1,12738
7507,B,0.46090000000000003,1,4609
7508,A,1.0051000000000001,1,10051
7508,B,0.43230000000000002,0,4323
7509,A,0.43210000000000004,1,4321
7509,B,0.90970000000000006,0,9097
7510,A,0.81880000000000008,1,8188
7510,B,0.71930000000000005,1,7193
7511,A,1.4927000000000001,1,14927
7511,B,2.1739999999999999,0,21740
7512,A,1.7110000000000001,1,17110
7512,B,1.3251000000000002,1,13251
7513,A,0.5292,1,5292
7513,B,0.73140000000000005,0,7314
7514,A,0.57030000000000003,1,5703
7514,B,0.41550000000000004,0,4155
7515,A,0.9839,1,9839
7515,B,1.3467,1,13467
7516,A,0.56230000000000002,1,5623
7516,B,0.32340000000000002,0,3234
7517,A,0.39590000000000003,1,3959
7517,B,5.0579999999999998,1,50580
7518,A,1.1044,1,11044
7518,B,1.8700000000000001,1,18700
7519,A,0.51200000000000001,1,5120
7519,B,0.63330000000000009,1,6333
7520,A,1.0275000000000001,1,10275
7520,B,0.84220000000000006,1,8422
7521,A,1.2208000000000001,1,12208
7521,B,1.2893000000000001,1,12893
7522,A,0.30099999999999999,1,3010
7522,B,0.53339999999999999,0,5334
7523,A,0.58889999999999998,1,5889
7523,B,0.95020000000000004,0,9502
7524,A,0.39850000000000002,1,3985
7524,B,0.46960000000000002,0,4696
7525,A,1.2203000000000002,1,12203
7525,B,2.1312000000000002,0,21312
7526,A,0.41960000000000003,1,4196
7526,B,0.43070000000000003,0,4307
7527,A,0.96430000000000005,1,9643
7527,B,1.5283,1,15283
7528,A,0.36120000000000002,1,3612
7528,B,0.99340000000000006,0,9934
7529,A,0.91660000000000008,1,9166
7529,B,0.66790000000000005,0,6679
7530,A,0.43560000000000004,1,4356
7530,B,1.903,0,19030
7531,A,1.7056,1,17056
7531,B,0.43670000000000003,0,4367
7532,A,1.4459,1,14459
7532,B,2.7428000000000003,0,27428
7533,A,0.36660000000000004,1,3666
7533,B,1.758,1,17580
7534,A,0.75640000000000007,1,7564
7534,B,1.2384000000000002,0,12384
7535,A,0.28870000000000001,1,2887
7535,B,0.31490000000000001,0,3149
7536,A,1.0676000000000001,1,10676
7536,B,0.64700000000000002,0,6470
7537,A,0.57130000000000003,1,5713
7537,B,1.2564,0,12564
7538,A,0.60720000000000007,1,6072
7538,B,1.141,1,11410
7539,A,0.38840000000000002,1,3884
7539,B,0.85410000000000008,0,8541
7540,A,0.63540000000000008,1,6354
7540,B,1.6187,0,16187
7541,A,0.78990000000000005,1,7899
7541,B,0.90550000000000008,0,9055
7542,A,1.0194000000000001,1,10194
7542,B,2.7705000000000002,0,27705
7543,A,0.68969999999999998,1,6897
7543,B,2.3205,0,23205
7544,A,1.4120000000000001,1,14120
7544,B,0.50550000000000006,0,5055
7545,A,1.7709000000000001,1,17709
7545,B,1.1718,0,11718
7546,A,0.79080000000000006,1,7908
7546,B,2.6647000000000003,0,26647
7547,A,0.35570000000000002,0,3557
7547,B,1.8715000000000002,0,18715
7548,A,0.76840000000000008,1,7684
7548,B,2.0846,1,20846
7549,A,0.7611,0,7611
7549,B,0.57550000000000001,0,5755
7550,A,0.9022,1,9022
7550,B,2.7250000000000001,0,27250
7551,A,0.73999999999999999,1,7400
7551,B,1.7582,1,17582
7552,A,0.37340000000000001,1,3734
7552,B,0.19290000000000002,0,1929
7553,A,0.67910000000000004,1,6791
7553,B,0.25980000000000003,0,2598
7554,A,1.3502000000000001,1,13502
7554,B,0.54849999999999999,0,5485
7555,A,0.73810000000000009,1,7381
7555,B,2.0017,1,20017
7556,A,0.51219999999999999,1,5122
7556,B,1.6085,1,16085
7557,A,0.84179999999999999,0,8418
7557,B,0.3594,0,3594
7558,A,2.0176000000000003,1,20176
7558,B,2.2975000000000003,1,22975
7559,A,0.93190000000000006,1,9319
7559,B,1.1552,1,11552
7560,A,1.2139,1,12139
7560,B,1.8368,1,18368
7561,A,0.50309999999999999,1,5031
7561,B,0.43090000000000001,0,4309
7562,A,1.3272000000000002,1,13272
7562,B,1.9554,1,19554
7563,A,0.4123,1,4123
7563,B,0.23050000000000001,0,2305
7564,A,0.80430000000000001,1,8043
7564,B,0.77060000000000006,0,7706
7565,A,0.62560000000000004,1,6256
7565,B,0.7621,0,7621
7566,A,0.75790000000000002,1,7579
7566,B,0.71879999999999999,0,7188
7567,A,0.45190000000000002,1,4519
7567,B,0.45580000000000004,0,4558
7568,A,0.66110000000000002,1,6611
7568,B,0.20020000000000002,0,2002
7569,A,0.42360000000000003,1,4236
7569,B,0.97430000000000005,1,9743
7570,A,0.81120000000000003,1,8112
7570,B,3.8878000000000004,0,38878
7571,A,0.82080000000000009,1,8208
7571,B,1.0763,0,10763
7572,A,0.73310000000000008,1,7331
7572,B,1.1793,0,11793
7573,A,0.46550000000000002,1,4655
7573,B,0.5151,0,5151
7574,A,0.37909999999999999,1,3791
7574,B,0.53110000000000002,0,5311
7575,A,0.4703,1,4703
7575,B,0.29760000000000003,0,2976
7576,A,0.71870000000000001,1,7187
7576,B,0.72610000000000008,0,7261
7577,A,0.9274,1,9274
7577,B,0.2278,0,2278
7578,A,0.4955,1,4955
7578,B,0.38380000000000003,0,3838
7579,A,0.7238,1,7238
7579,B,0.64929999999999999,0,6493
7580,A,0.96400000000000008,1,9640
7580,B,1.7239,0,17239
7581,A,0.41340000000000005,1,4134
7581,B,0.85170000000000001,0,8517
7582,A,1.1540000000000001,1,11540
7582,B,2.1515,1,21515
7583,A,0.47920000000000001,1,4792
7583,B,1.2302,0,12302
7584,A,1.1333,1,11333
7584,B,0.48300000000000004,0,4830
7585,A,1.1959,1,11959
7585,B,2.0295000000000001,0,20295
7586,A,0.66539999999999999,1,6654
7586,B,0.47440000000000004,0,4744
7587,A,0.62460000000000004,0,6246
7587,B,0.83300000000000007,0,8330
7588,A,0.9698,1,9698
7588,B,5.5346000000000002,0,55346
7589,A,1.1574,1,11574
7589,B,3.3864000000000001,0,33864
7590,A,0.36510000000000004,1,3651
7590,B,0.25659999999999999,0,2566
7591,A,0.7964,1,7964
7591,B,0.56210000000000004,1,5621
7592,A,1.1447000000000001,1,11447
7592,B,0.12940000000000002,0,1294
7593,A,0.68470000000000009,1,6847
7593,B,1.1873,1,11873
7594,A,0.79020000000000001,1,7902
7594,B,0.28179999999999999,0,2818
7595,A,1.4436,1,14436
7595,B,1.629,0,16290
7596,A,0.68769999999999998,1,6877
7596,B,3.8103000000000002,1,38103
7597,A,0.79830000000000001,1,7983
7597,B,0.89510000000000001,1,8951
7598,A,0.58389999999999997,1,5839
7598,B,2.3686000000000003,1,23686
7599,A,0.6411,1,6411
7599,B,0.36399999999999999,0,3640
7600,A,0.57769999999999999,1,5777
7600,B,0.16160000000000002,0,1616
7601,A,1.2814000000000001,1,12814
7601,B,1.3765000000000001,1,13765
7602,A,0.59110000000000007,1,5911
7602,B,1.0004,0,10004
7603,A,0.44359999999999999,1,4436
7603,B,0.19820000000000002,0,1982
7604,A,1.1347,1,11347
7604,B,0.90390000000000004,1,9039
7605,A,1.1463000000000001,1,11463
7605,B,0.50650000000000006,1,5065
7606,A,1.7157,1,17157
7606,B,1.8127,1,18127
7607,A,1.4832000000000001,1,14832
7607,B,0.95080000000000009,0,9508
7608,A,0.53280000000000005,1,5328
7608,B,0.58679999999999999,0,5868
7609,A,0.55990000000000006,1,5599
7609,B,0.83820000000000006,0,8382
7610,A,1.2794000000000001,1,12794
7610,B,0.91650000000000009,0,9165
7611,A,0.77450000000000008,1,7745
7611,B,1.6309,0,16309
7612,A,0.84670000000000001,1,8467
7612,B,1.0062,1,10062
7613,A,0.59200000000000008,1,5920
7613,B,1.5847,0,15847
7614,A,1.214,1,12140
7614,B,3.2895000000000003,1,32895
7615,A,0.89100000000000001,1,8910
7615,B,3.5958000000000001,0,35958
7616,A,0.49630000000000002,1,4963
7616,B,2.8757000000000001,1,28757
7617,A,0.61030000000000006,0,6103
7617,B,0.9677,0,9677
7618,A,0.15620000000000001,0,1562
7618,B,1.6295000000000002,1,16295
7619,A,1.1534,1,11534
7619,B,0.25480000000000003,0,2548
7620,A,0.61570000000000003,1,6157
7620,B,1.4716,0,14716
7621,A,0.36230000000000001,1,3623
7621,B,1.9706000000000001,0,19706
7622,A,0.68140000000000001,1,6814
7622,B,0.94100000000000006,1,9410
7623,A,0.58010000000000006,1,5801
7623,B,0.49210000000000004,0,4921
7624,A,1.3405,1,13405
7624,B,0.93220000000000003,1,9322
7625,A,0.73650000000000004,1,7365
7625,B,0.78260000000000007,1,7826
7626,A,1.7764,1,17764
7626,B,1.2608000000000001,0,12608
7627,A,0.72370000000000001,1,7237
7627,B,0.99650000000000005,0,9965
7628,A,0.40450000000000003,1,4045
7628,B,0.66120000000000001,0,6612
7629,A,0.66560000000000008,1,6656
7629,B,0.53910000000000002,0,5391
7630,A,0.55669999999999997,1,5567
7630,B,2.0059,0,20059
7631,A,0.31809999999999999,1,3181
7631,B,1.0069000000000001,0,10069
7632,A,0.73040000000000005,1,7304
7632,B,0.78510000000000002,0,7851
7633,A,0.30149999999999999,1,3015
7633,B,2.2724000000000002,0,22724
7634,A,0.84190000000000009,1,8419
7634,B,1.6272,0,16272
7635,A,0.92960000000000009,1,9296
7635,B,0.43010000000000004,0,4301
7636,A,0.32519999999999999,1,3252
7636,B,0.4869,0,4869
7637,A,0.86380000000000001,1,8638
7637,B,0.14030000000000001,0,1403
7638,A,1.6394,1,16394
7638,B,0.84760000000000002,0,8476
7639,A,0.748,1,7480
7639,B,2.4446000000000003,1,24446
7640,A,0.73060000000000003,1,7306
7640,B,2.4097,0,24097
7641,A,0.57600000000000007,1,5760
7641,B,1.3732,0,13732
7642,A,0.47600000000000003,1,4760
7642,B,0.34320000000000001,0,3432
7643,A,2.0838000000000001,1,20838
7643,B,1.3926000000000001,1,13926
7644,A,1.3572,1,13572
7644,B,1.2727000000000002,0,12727
7645,A,0.98250000000000004,1,9825
7645,B,0.26740000000000003,0,2674
7646,A,0.38109999999999999,1,3811
7646,B,0.35460000000000003,0,3546
7647,A,1.0884,1,10884
7647,B,0.1867,0,1867
7648,A,0.89570000000000005,1,8957
7648,B,0.61630000000000007,0,6163
7649,A,0.56850000000000001,1,5685
7649,B,0.5968,0,5968
7650,A,0.50030000000000008,1,5003
7650,B,1.4672000000000001,0,14672
7651,A,0.61409999999999998,1,6141
7651,B,2.1935000000000002,0,21935
7652,A,0.8589,1,8589
7652,B,0.4577,0,4577
7653,A,0.99199999999999999,1,9920
7653,B,3.0789,0,30789
7654,A,0.37770000000000004,1,3777
7654,B,0.37590000000000001,0,3759
7655,A,0.75919999999999999,1,7592
7655,B,2.0425,1,20425
7656,A,1.3238000000000001,1,13238
7656,B,4.0352000000000006,1,40352
7657,A,0.64980000000000004,1,6498
7657,B,1.7089000000000001,0,17089
7658,A,0.7611,1,7611
7658,B,0.54390000000000005,0,5439
7659,A,1.1693,1,11693
7659,B,0.3034,0,3034
7660,A,0.90980000000000005,1,9098
7660,B,2.5420000000000003,0,25420
7661,A,1.0718000000000001,1,10718
7661,B,1.327,0,13270
7662,A,0.89690000000000003,1,8969
7662,B,5.9701000000000004,0,59701
7663,A,1.1653,1,11653
7663,B,3.4849000000000001,0,34849
7664,A,1.1901000000000002,1,11901
7664,B,1.0702,0,10702
7665,A,0.41789999999999999,1,4179
7665,B,0.43220000000000003,0,4322
7666,A,0.44640000000000002,1,4464
7666,B,2.9132000000000002,0,29132
7667,A,0.43620000000000003,1,4362
7667,B,0.34150000000000003,0,3415
7668,A,0.56390000000000007,1,5639
7668,B,2.5960000000000001,1,25960
7669,A,0.42660000000000003,1,4266
7669,B,2.5863,0,25863
7670,A,1.2663,1,12663
7670,B,0.36120000000000002,0,3612
7671,A,0.80410000000000004,1,8041
7671,B,0.85760000000000003,0,8576
7672,A,0.57110000000000005,1,5711
7672,B,1.6314000000000002,1,16314
7673,A,2.0035000000000003,1,20035
7673,B,0.3614,0,3614
7674,A,0.55080000000000007,1,5508
7674,B,0.96110000000000007,1,9611
7675,A,1.1946000000000001,1,11946
7675,B,0.75570000000000004,0,7557
7676,A,0.47150000000000003,1,4715
7676,B,3.2504,1,32504
7677,A,0.69200000000000006,1,6920
7677,B,0.9466,0,9466
7678,A,0.46250000000000002,1,4625
7678,B,0.60770000000000002,0,6077
7679,A,0.45340000000000003,1,4534
7679,B,0.96000000000000008,0,9600
7680,A,1.0992,1,10992
7680,B,0.25130000000000002,0,2513
7681,A,0.79780000000000006,1,7978
7681,B,0.64760000000000006,0,6476
7682,A,0.92580000000000007,1,9258
7682,B,0.54270000000000007,0,5427
7683,A,0.23000000000000001,0,2300
7683,B,1.9092,1,19092
7684,A,0.79480000000000006,1,7948
7684,B,2.4996,1,24996
7685,A,1.4569000000000001,1,14569
7685,B,3.1771000000000003,1,31771
7686,A,0.78029999999999999,1,7803
7686,B,0.49710000000000004,1,4971
7687,A,1.649,1,16490
7687,B,1.3544,1,13544
7688,A,1.1521000000000001,1,11521
7688,B,0.66539999999999999,1,6654
7689,A,0.33050000000000002,1,3305
7689,B,1.056,0,10560
7690,A,1.6837,1,16837
7690,B,1.631,1,16310
7691,A,1.5800000000000001,1,15800
7691,B,0.90480000000000005,0,9048
7692,A,0.80410000000000004,1,8041
7692,B,1.7078,1,17078
7693,A,0.34240000000000004,1,3424
7693,B,1.1223000000000001,1,11223
7694,A,0.53029999999999999,1,5303
7694,B,2.0263,1,20263
7695,A,0.64960000000000007,1,6496
7695,B,1.3914,0,13914
7696,A,1.1252,1,11252
7696,B,0.16690000000000002,0,1669
7697,A,0.8701000000000001,1,8701
7697,B,0.97360000000000002,1,9736
7698,A,0.68790000000000007,1,6879
7698,B,0.56420000000000003,1,5642
7699,A,0.42300000000000004,1,4230
7699,B,0.36670000000000003,0,3667
7700,A,0.33800000000000002,1,3380
7700,B,1.8359000000000001,0,18359
7701,A,0.49110000000000004,1,4911
7701,B,0.30170000000000002,0,3017
7702,A,0.64290000000000003,1,6429
7702,B,2.3120000000000003,1,23120
7703,A,0.36100000000000004,1,3610
7703,B,2.0108000000000001,0,20108
7704,A,1.0633000000000001,1,10633
7704,B,1.5862000000000001,0,15862
7705,A,0.2429,1,2429
7705,B,2.5070000000000001,0,25070
7706,A,0.65910000000000002,1,6591
7706,B,0.3115,0,3115
7707,A,0.37470000000000003,1,3747
7707,B,2.2345000000000002,1,22345
7708,A,0.36170000000000002,1,3617
7708,B,0.51400000000000001,1,5140
7709,A,0.6986,1,6986
7709,B,0.63080000000000003,0,6308
7710,A,1.1206,1,11206
7710,B,1.8168000000000002,1,18168
7711,A,1.0185,1,10185
7711,B,0.51460000000000006,0,5146
7712,A,0.3831,1,3831
7712,B,2.9686000000000003,1,29686
7713,A,0.82950000000000002,1,8295
7713,B,1.1293,1,11293
7714,A,0.52810000000000001,1,5281
7714,B,0.15110000000000001,0,1511
7715,A,1.3201000000000001,1,13201
7715,B,0.45940000000000003,0,4594
7716,A,0.75460000000000005,1,7546
7716,B,1.7068000000000001,0,17068
7717,A,0.61160000000000003,1,6116
7717,B,0.73920000000000008,1,7392
7718,A,0.76590000000000003,1,7659
7718,B,0.31580000000000003,0,3158
7719,A,1.6495000000000002,1,16495
7719,B,1.1201000000000001,1,11201
7720,A,1.2504,1,12504
7720,B,2.1474000000000002,0,21474
7721,A,0.67090000000000005,1,6709
7721,B,0.36830000000000002,0,3683
7722,A,0.8449000000000001,1,8449
7722,B,1.3856000000000002,1,13856
7723,A,0.73640000000000005,1,7364
7723,B,0.69730000000000003,0,6973
7724,A,0.72220000000000006,1,7222
7724,B,0.70100000000000007,1,7010
7725,A,1.5375000000000001,1,15375
7725,B,1.8926000000000001,1,18926
7726,A,0.29389999999999999,1,2939
7726,B,2.6811000000000003,0,26811
7727,A,0.29830000000000001,1,2983
7727,B,0.62020000000000008,0,6202
7728,A,0.94210000000000005,1,9421
7728,B,0.435,0,4350
7729,A,0.62170000000000003,1,6217
7729,B,0.66739999999999999,0,6674
7730,A,0.77750000000000008,1,7775
7730,B,0.34090000000000004,1,3409
7731,A,0.44160000000000005,1,4416
7731,B,1.7295,0,17295
7732,A,0.66420000000000001,1,6642
7732,B,1.6859000000000002,0,16859
7733,A,0.81600000000000006,1,8160
7733,B,1.4491000000000001,0,14491
7734,A,0.52160000000000006,1,5216
7734,B,1.4072,0,14072
7735,A,0.69869999999999999,1,6987
7735,B,0.68880000000000008,0,6888
7736,A,0.6694,1,6694
7736,B,3.1725000000000003,0,31725
7737,A,0.86810000000000009,1,8681
7737,B,0.31950000000000001,0,3195
7738,A,0.95950000000000002,1,9595
7738,B,0.4929,0,4929
7739,A,0.39240000000000003,1,3924
7739,B,1.0149000000000001,1,10149
7740,A,1.9165000000000001,1,19165
7740,B,0.76870000000000005,1,7687
7741,A,1.2890000000000001,1,12890
7741,B,0.67730000000000001,0,6773
7742,A,0.66830000000000001,1,6683
7742,B,0.36960000000000004,0,3696
7743,A,0.98000000000000009,1,9800
7743,B,0.53070000000000006,0,5307
7744,A,1.8709,1,18709
7744,B,0.41800000000000004,0,4180
7745,A,0.27779999999999999,1,2778
7745,B,3.2009000000000003,1,32009
7746,A,0.45570000000000005,1,4557
7746,B,2.9250000000000003,1,29250
7747,A,1.0264,1,10264
7747,B,1.7623,0,17623
7748,A,0.82969999999999999,1,8297
7748,B,0.31459999999999999,0,3146
7749,A,0.53810000000000002,1,5381
7749,B,2.5984000000000003,1,25984
7750,A,0.7268,1,7268
7750,B,1.1233,0,11233
7751,A,0.90190000000000003,1,9019
7751,B,0.57600000000000007,0,5760
7752,A,0.84290000000000009,1,8429
7752,B,2.3209,0,23209
7753,A,0.68730000000000002,0,6873
7753,B,1.5605,1,15605
7754,A,0.51529999999999998,1,5153
7754,B,1.2382,1,12382
7755,A,1.8737000000000001,1,18737
7755,B,0.49560000000000004,0,4956
7756,A,0.59820000000000007,1,5982
7756,B,0.95660000000000001,0,9566
7757,A,1.0162,1,10162
7757,B,0.81010000000000004,0,8101
7758,A,0.67749999999999999,1,6775
7758,B,0.50560000000000005,0,5056
7759,A,0.68759999999999999,1,6876
7759,B,1.6500000000000001,1,16500
7760,A,0.68790000000000007,1,6879
7760,B,1.4570000000000001,1,14570
7761,A,0.21400000000000002,0,2140
7761,B,1.1323000000000001,1,11323
7762,A,0.63140000000000007,1,6314
7762,B,0.31240000000000001,0,3124
7763,A,0.83500000000000008,1,8350
7763,B,0.2903,0,2903
7764,A,1.9458000000000002,1,19458
7764,B,0.74260000000000004,1,7426
7765,A,0.7873,1,7873
7765,B,2.4350000000000001,0,24350
7766,A,0.47260000000000002,1,4726
7766,B,1.7685000000000002,1,17685
7767,A,0.60350000000000004,1,6035
7767,B,1.4732000000000001,1,14732
7768,A,1.7512000000000001,1,17512
7768,B,0.58069999999999999,0,5807
7769,A,0.39069999999999999,1,3907
7769,B,0.30070000000000002,0,3007
7770,A,1.1133999999999999,1,11134
7770,B,6.5361000000000002,0,65361
7771,A,0.74830000000000008,1,7483
7771,B,0.43430000000000002,0,4343
7772,A,0.59040000000000004,1,5904
7772,B,1.3898000000000001,0,13898
7773,A,0.3382,1,3382
7773,B,1.0637000000000001,1,10637
7774,A,0.74109999999999998,1,7411
7774,B,0.15920000000000001,0,1592
7775,A,0.89270000000000005,1,8927
7775,B,1.2011000000000001,0,12011
7776,A,0.38620000000000004,1,3862
7776,B,0.23550000000000001,0,2355
7777,A,0.59720000000000006,1,5972
7777,B,0.26780000000000004,0,2678
7778,A,0.93930000000000002,1,9393
7778,B,4.2886000000000006,1,42886
7779,A,0.69290000000000007,1,6929
7779,B,0.9546,0,9546
7780,A,0.50600000000000001,1,5060
7780,B,0.26300000000000001,0,2630
7781,A,0.53349999999999997,1,5335
7781,B,0.7984,1,7984
7782,A,0.28960000000000002,1,2896
7782,B,1.5189000000000001,0,15189
7783,A,0.78000000000000003,1,7800
7783,B,1.4765000000000001,1,14765
7784,A,0.37730000000000002,1,3773
7784,B,4.8102999999999998,0,48103
7785,A,0.7157,1,7157
7785,B,1.2392000000000001,0,12392
7786,A,0.77640000000000009,1,7764
7786,B,0.64019999999999999,0,6402
7787,A,0.48850000000000005,1,4885
7787,B,1.3876000000000002,0,13876
7788,A,0.90980000000000005,1,9098
7788,B,0.59589999999999999,0,5959
7789,A,0.9133,1,9133
7789,B,0.13830000000000001,0,1383
7790,A,1.2075,1,12075
7790,B,0.31880000000000003,0,3188
7791,A,0.56600000000000006,1,5660
7791,B,0.51490000000000002,1,5149
7792,A,0.8468,1,8468
7792,B,1.4108000000000001,0,14108
7793,A,0.95960000000000001,1,9596
7793,B,0.19400000000000001,0,1940
7794,A,0.93470000000000009,1,9347
7794,B,0.27750000000000002,0,2775
7795,A,0.88150000000000006,1,8815
7795,B,0.39910000000000001,0,3991
7796,A,0.58560000000000001,0,5856
7796,B,0.82280000000000009,1,8228
7797,A,0.84720000000000006,1,8472
7797,B,0.57710000000000006,0,5771
7798,A,1.161,1,11610
7798,B,0.95500000000000007,0,9550
7799,A,0.47400000000000003,1,4740
7799,B,0.99540000000000006,1,9954
7800,A,0.21000000000000002,1,2100
7800,B,1.1765000000000001,1,11765
7801,A,0.25730000000000003,1,2573
7801,B,2.5484,0,25484
7802,A,0.4335,1,4335
7802,B,5.4622999999999999,0,54623
7803,A,0.73330000000000006,1,7333
7803,B,1.196,0,11960
7804,A,0.33360000000000001,1,3336
7804,B,0.33390000000000003,0,3339
7805,A,0.38009999999999999,1,3801
7805,B,1.5256000000000001,0,15256
7806,A,0.78120000000000001,1,7812
7806,B,2.1908000000000003,0,21908
7807,A,1.0276000000000001,1,10276
7807,B,0.46390000000000003,0,4639
7808,A,1.0609999999999999,1,10610
7808,B,0.25059999999999999,0,2506
7809,A,1.0659000000000001,1,10659
7809,B,0.71940000000000004,1,7194
7810,A,0.30049999999999999,0,3005
7810,B,1.8426,0,18426
7811,A,0.53070000000000006,1,5307
7811,B,0.1777,0,1777
7812,A,1.3097000000000001,1,13097
7812,B,1.1112,0,11112
7813,A,0.83520000000000005,1,8352
7813,B,1.1859,1,11859
7814,A,0.71920000000000006,1,7192
7814,B,1.462,1,14620
7815,A,0.5948,1,5948
7815,B,0.5161,0,5161
7816,A,1.2604,1,12604
7816,B,2.294,1,22940
7817,A,0.1741,1,1741
7817,B,1.5163,1,15163
7818,A,0.50970000000000004,1,5097
7818,B,4.0497000000000005,0,40497
7819,A,0.71230000000000004,1,7123
7819,B,1.4360000000000002,1,14360
7820,A,0.63070000000000004,1,6307
7820,B,0.2104,0,2104
7821,A,0.45330000000000004,1,4533
7821,B,1.8702000000000001,0,18702
7822,A,0.75319999999999998,1,7532
7822,B,0.25,0,2500
7823,A,0.70179999999999998,1,7018
7823,B,2.3257000000000003,0,23257
7824,A,0.51860000000000006,1,5186
7824,B,1.1172,0,11172
7825,A,0.81340000000000001,0,8134
7825,B,0.5383,0,5383
7826,A,0.88960000000000006,1,8896
7826,B,4.3205999999999998,1,43206
7827,A,1.1518000000000002,1,11518
7827,B,3.3642000000000003,0,33642
7828,A,2.3633999999999999,1,23634
7828,B,0.40960000000000002,0,4096
7829,A,0.40970000000000001,1,4097
7829,B,1.7262000000000002,0,17262
7830,A,0.4143,1,4143
7830,B,0.53920000000000001,1,5392
7831,A,0.53449999999999998,1,5345
7831,B,0.49070000000000003,0,4907
7832,A,1.3923000000000001,1,13923
7832,B,1.8285,1,18285
7833,A,0.47760000000000002,1,4776
7833,B,0.40660000000000002,0,4066
7834,A,0.77140000000000009,1,7714
7834,B,0.31680000000000003,0,3168
7835,A,0.73299999999999998,1,7330
7835,B,1.9862000000000002,0,19862
7836,A,0.84350000000000003,1,8435
7836,B,0.99390000000000001,1,9939
7837,A,0.98260000000000003,1,9826
7837,B,0.21740000000000001,0,2174
7838,A,1.4468000000000001,1,14468
7838,B,1.4261000000000001,0,14261
7839,A,0.66870000000000007,1,6687
7839,B,0.6492,1,6492
7840,A,0.89800000000000002,1,8980
7840,B,0.23480000000000001,0,2348
7841,A,0.68200000000000005,1,6820
7841,B,1.4528000000000001,1,14528
7842,A,1.5459000000000001,1,15459
7842,B,0.94090000000000007,0,9409
7843,A,1.6097000000000001,1,16097
7843,B,1.0833000000000002,1,10833
7844,A,0.9375,1,9375
7844,B,0.82540000000000002,0,8254
7845,A,0.63600000000000001,1,6360
7845,B,2.1457999999999999,0,21458
7846,A,0.50329999999999997,1,5033
7846,B,1.8021,0,18021
7847,A,0.94710000000000005,1,9471
7847,B,1.0634000000000001,0,10634
7848,A,0.4052,1,4052
7848,B,2.5737000000000001,0,25737
7849,A,0.37140000000000001,1,3714
7849,B,1.0893000000000002,0,10893
7850,A,0.29770000000000002,1,2977
7850,B,0.83640000000000003,0,8364
7851,A,0.83330000000000004,1,8333
7851,B,0.64280000000000004,0,6428
7852,A,0.90870000000000006,1,9087
7852,B,0.93210000000000004,1,9321
7853,A,0.49560000000000004,1,4956
7853,B,0.6361,0,6361
7854,A,0.45880000000000004,1,4588
7854,B,1.1395,0,11395
7855,A,0.39830000000000004,1,3983
7855,B,0.36260000000000003,0,3626
7856,A,1.1704000000000001,1,11704
7856,B,3.3774000000000002,0,33774
7857,A,1.1323000000000001,1,11323
7857,B,0.083299999999999999,0,833
7858,A,0.57900000000000007,1,5790
7858,B,3.2138,1,32138
7859,A,0.58230000000000004,1,5823
7859,B,0.3337,0,3337
7860,A,0.62040000000000006,1,6204
7860,B,0.4471,0,4471
7861,A,0.52160000000000006,1,5216
7861,B,2.4224000000000001,0,24224
7862,A,0.74380000000000002,1,7438
7862,B,0.28450000000000003,0,2845
7863,A,0.54749999999999999,1,5475
7863,B,1.2125000000000001,0,12125
7864,A,1.3002,1,13002
7864,B,0.2215,0,2215
7865,A,0.56620000000000004,1,5662
7865,B,0.84400000000000008,0,8440
7866,A,0.4516,1,4516
7866,B,2.4093,1,24093
7867,A,1.3726,1,13726
7867,B,0.74730000000000008,1,7473
7868,A,0.67030000000000001,1,6703
7868,B,1.2216,0,12216
7869,A,0.56869999999999998,1,5687
7869,B,1.2689000000000001,1,12689
7870,A,0.73460000000000003,1,7346
7870,B,1.5047000000000001,0,15047
7871,A,0.74609999999999999,1,7461
7871,B,2.0148999999999999,1,20149
7872,A,0.91439999999999999,1,9144
7872,B,1.0542,0,10542
7873,A,0.48120000000000002,1,4812
7873,B,1.3386,0,13386
7874,A,0.9022,1,9022
7874,B,0.57030000000000003,1,5703
7875,A,0.29200000000000004,1,2920
7875,B,0.46550000000000002,0,4655
7876,A,0.31010000000000004,1,3101
7876,B,0.64880000000000004,0,6488
7877,A,1.4976,1,14976
7877,B,0.62890000000000001,0,6289
7878,A,0.22970000000000002,0,2297
7878,B,0.48620000000000002,0,4862
7879,A,0.86770000000000003,1,8677
7879,B,4.0960000000000001,0,40960
7880,A,0.85510000000000008,1,8551
7880,B,0.29520000000000002,0,2952
7881,A,0.60999999999999999,1,6100
7881,B,0.9588000000000001,0,9588
7882,A,0.64540000000000008,1,6454
7882,B,0.34790000000000004,0,3479
7883,A,0.54410000000000003,1,5441
7883,B,0.64119999999999999,0,6412
7884,A,0.52310000000000001,1,5231
7884,B,1.1365000000000001,1,11365
7885,A,0.84789999999999999,1,8479
7885,B,0.19850000000000001,0,1985
7886,A,1.107,1,11070
7886,B,1.409,0,14090
7887,A,0.57779999999999998,1,5778
7887,B,0.26590000000000003,0,2659
7888,A,0.53980000000000006,1,5398
7888,B,1.4495,0,14495
7889,A,0.25919999999999999,1,2592
7889,B,0.88290000000000002,0,8829
7890,A,0.59310000000000007,1,5931
7890,B,2.3365,0,23365
7891,A,0.59130000000000005,0,5913
7891,B,0.85450000000000004,1,8545
7892,A,0.36599999999999999,1,3660
7892,B,1.651,1,16510
7893,A,0.432,1,4320
7893,B,2.1995,0,21995
7894,A,1.0917000000000001,1,10917
7894,B,0.94120000000000004,1,9412
7895,A,0.4375,1,4375
7895,B,0.89430000000000009,1,8943
7896,A,0.76150000000000007,1,7615
7896,B,3.6097000000000001,1,36097
7897,A,0.84700000000000009,1,8470
7897,B,0.17880000000000001,0,1788
7898,A,0.65720000000000001,1,6572
7898,B,0.42360000000000003,0,4236
7899,A,1.0911,1,10911
7899,B,1.5612000000000001,1,15612
7900,A,0.54910000000000003,1,5491
7900,B,0.69120000000000004,1,6912
7901,A,0.82310000000000005,1,8231
7901,B,0.23770000000000002,0,2377
7902,A,0.58020000000000005,1,5802
7902,B,1.0309000000000001,0,10309
7903,A,0.69340000000000002,1,6934
7903,B,1.0073000000000001,0,10073
7904,A,1.4684000000000001,1,14684
7904,B,1.742,1,17420
7905,A,0.22590000000000002,1,2259
7905,B,0.81910000000000005,0,8191
7906,A,0.33300000000000002,1,3330
7906,B,0.4617,0,4617
7907,A,0.73499999999999999,1,7350
7907,B,0.85240000000000005,0,8524
7908,A,0.33440000000000003,1,3344
7908,B,0.53460000000000008,0,5346
7909,A,0.90650000000000008,1,9065
7909,B,0.55810000000000004,0,5581
7910,A,0.67980000000000007,1,6798
7910,B,1.0374000000000001,1,10374
7911,A,0.56290000000000007,1,5629
7911,B,1.7793000000000001,0,17793
7912,A,0.71110000000000007,1,7111
7912,B,0.77470000000000006,0,7747
7913,A,0.66670000000000007,1,6667
7913,B,0.9447000000000001,0,9447
7914,A,1.1245000000000001,1,11245
7914,B,1.7155,0,17155
7915,A,0.55090000000000006,1,5509
7915,B,1.7631000000000001,0,17631
7916,A,0.6784,1,6784
7916,B,1.5031000000000001,1,15031
7917,A,0.5464,1,5464
7917,B,1.4589000000000001,1,14589
7918,A,1.1246,1,11246
7918,B,1.4241000000000001,1,14241
7919,A,1.1664000000000001,1,11664
7919,B,1.4816,0,14816
7920,A,1.1073,1,11073
7920,B,0.27629999999999999,0,2763
7921,A,0.88730000000000009,1,8873
7921,B,1.0745,0,10745
7922,A,0.67000000000000004,1,6700
7922,B,0.86130000000000007,0,8613
7923,A,0.75430000000000008,1,7543
7923,B,1.1805000000000001,1,11805
7924,A,0.62119999999999997,1,6212
7924,B,0.49080000000000001,0,4908
7925,A,0.47890000000000005,1,4789
7925,B,0.60089999999999999,1,6009
7926,A,1.2026000000000001,1,12026
7926,B,0.94630000000000003,1,9463
7927,A,1.2217,1,12217
7927,B,0.85540000000000005,1,8554
7928,A,0.54759999999999998,1,5476
7928,B,0.22320000000000001,0,2232
7929,A,0.5262,1,5262
7929,B,0.6784,1,6784
7930,A,0.63960000000000006,1,6396
7930,B,0.15290000000000001,0,1529
7931,A,1.0903,1,10903
7931,B,1.1348,1,11348
7932,A,0.38840000000000002,1,3884
7932,B,0.57900000000000007,0,5790
7933,A,1.1327,1,11327
7933,B,1.1363000000000001,0,11363
7934,A,0.58520000000000005,1,5852
7934,B,2.8633000000000002,0,28633
7935,A,0.37010000000000004,1,3701
7935,B,0.90910000000000002,0,9091
7936,A,0.2868,0,2868
7936,B,0.31580000000000003,0,3158
7937,A,1.548,1,15480
7937,B,0.46310000000000001,0,4631
7938,A,0.45430000000000004,1,4543
7938,B,1.1808000000000001,0,11808
7939,A,0.64219999999999999,1,6422
7939,B,4.0448000000000004,0,40448
7940,A,0.66380000000000006,1,6638
7940,B,1.4915,1,14915
7941,A,1.0497000000000001,1,10497
7941,B,0.5625,0,5625
7942,A,1.1848000000000001,1,11848
7942,B,1.0129000000000001,1,10129
7943,A,1.3320000000000001,1,13320
7943,B,1.6164000000000001,1,16164
7944,A,0.78280000000000005,1,7828
7944,B,0.46910000000000002,0,4691
7945,A,1.3716000000000002,1,13716
7945,B,1.1282000000000001,0,11282
7946,A,0.48200000000000004,1,4820
7946,B,1.3038000000000001,0,13038
7947,A,0.80149999999999999,1,8015
7947,B,0.86420000000000008,0,8642
7948,A,0.15579999999999999,0,1558
7948,B,0.85389999999999999,0,8539
7949,A,0.68500000000000005,1,6850
7949,B,3.9015,0,39015
7950,A,0.4738,1,4738
7950,B,0.61170000000000002,0,6117
7951,A,1.52,1,15200
7951,B,0.65810000000000002,1,6581
7952,A,0.1996,0,1996
7952,B,1.2958000000000001,0,12958
7953,A,0.77710000000000001,1,7771
7953,B,0.64860000000000007,0,6486
7954,A,0.67090000000000005,1,6709
7954,B,1.133,0,11330
7955,A,0.69790000000000008,1,6979
7955,B,0.48400000000000004,0,4840
7956,A,0.52539999999999998,1,5254
7956,B,0.38580000000000003,0,3858
7957,A,0.60299999999999998,0,6030
7957,B,0.30520000000000003,0,3052
7958,A,1.4511000000000001,1,14511
7958,B,1.3092000000000001,0,13092
7959,A,0.60160000000000002,1,6016
7959,B,1.4999,1,14999
7960,A,0.34540000000000004,1,3454
7960,B,0.37909999999999999,0,3791
7961,A,0.60960000000000003,1,6096
7961,B,0.96690000000000009,0,9669
7962,A,0.98320000000000007,1,9832
7962,B,1.2373000000000001,1,12373
7963,A,0.62870000000000004,1,6287
7963,B,0.3049,0,3049
7964,A,0.53290000000000004,1,5329
7964,B,0.94910000000000005,1,9491
7965,A,0.58340000000000003,1,5834
7965,B,0.50640000000000007,0,5064
7966,A,0.37040000000000001,1,3704
7966,B,1.3843000000000001,1,13843
7967,A,1.0531000000000001,1,10531
7967,B,0.5292,0,5292
7968,A,0.62430000000000008,1,6243
7968,B,0.41090000000000004,0,4109
7969,A,1.111,1,11110
7969,B,0.29860000000000003,0,2986
7970,A,0.33500000000000002,1,3350
7970,B,0.753,0,7530
7971,A,0.56430000000000002,1,5643
7971,B,1.0325,1,10325
7972,A,0.87250000000000005,1,8725
7972,B,1.9893000000000001,1,19893
7973,A,1.0908,1,10908
7973,B,0.874,0,8740
7974,A,0.47110000000000002,1,4711
7974,B,1.1546000000000001,0,11546
7975,A,0.42000000000000004,1,4200
7975,B,1.5939000000000001,1,15939
7976,A,0.56259999999999999,1,5626
7976,B,1.1514,0,11514
7977,A,0.92670000000000008,1,9267
7977,B,2.2193000000000001,0,22193
7978,A,2.2425000000000002,1,22425
7978,B,0.63940000000000008,1,6394
7979,A,0.47660000000000002,1,4766
7979,B,1.8663000000000001,0,18663
7980,A,0.60780000000000001,1,6078
7980,B,0.68080000000000007,1,6808
7981,A,0.4758,1,4758
7981,B,1.2150000000000001,1,12150
7982,A,0.62840000000000007,1,6284
7982,B,1.1937,1,11937
7983,A,1.4350000000000001,1,14350
7983,B,2.593,1,25930
7984,A,0.5111,1,5111
7984,B,1.1881000000000002,1,11881
7985,A,0.71200000000000008,1,7120
7985,B,0.84610000000000007,0,8461
7986,A,0.52150000000000007,1,5215
7986,B,3.5921000000000003,1,35921
7987,A,1.1362000000000001,1,11362
7987,B,0.7752,0,7752
7988,A,0.38290000000000002,1,3829
7988,B,1.7845,0,17845
7989,A,0.76280000000000003,1,7628
7989,B,2.4718,0,24718
7990,A,0.42550000000000004,1,4255
7990,B,1.3478000000000001,1,13478
7991,A,0.58910000000000007,0,5891
7991,B,1.6639000000000002,1,16639
7992,A,0.55580000000000007,1,5558
7992,B,1.3726,0,13726
7993,A,0.5796,1,5796
7993,B,0.70660000000000001,1,7066
7994,A,1.9222000000000001,1,19222
7994,B,0.4395,0,4395
7995,A,1.3115000000000001,1,13115
7995,B,1.4782000000000002,1,14782
7996,A,0.65460000000000007,1,6546
7996,B,0.36620000000000003,0,3662
7997,A,0.85420000000000007,1,8542
7997,B,1.7262000000000002,1,17262
7998,A,1.1433,1,11433
7998,B,0.2036,0,2036
7999,A,0.82390000000000008,1,8239
7999,B,0.47810000000000002,0,4781
8000,A,0.82730000000000004,1,8273
8000,B,0.1963,0,1963
8001,A,0.60040000000000004,1,6004
8001,B,0.2586,0,2586
8002,A,0.36970000000000003,1,3697
8002,B,0.9114000000000001,0,9114
8003,A,0.2666,1,2666
8003,B,1.8584000000000001,0,18584
8004,A,0.96520000000000006,1,9652
8004,B,1.0812000000000002,0,10812
8005,A,0.34160000000000001,1,3416
8005,B,1.4369000000000001,1,14369
8006,A,0.54749999999999999,1,5475
8006,B,3.1213000000000002,0,31213
8007,A,1.2748000000000002,1,12748
8007,B,0.60599999999999998,0,6060
8008,A,0.27590000000000003,1,2759
8008,B,0.73150000000000004,0,7315
8009,A,0.68459999999999999,1,6846
8009,B,1.4637,1,14637
8010,A,0.50690000000000002,1,5069
8010,B,2.5498000000000003,0,25498
8011,A,0.28250000000000003,1,2825
8011,B,0.30470000000000003,0,3047
8012,A,0.9929,1,9929
8012,B,4.5071000000000003,0,45071
8013,A,1.0188000000000001,1,10188
8013,B,1.8939000000000001,0,18939
8014,A,0.62909999999999999,1,6291
8014,B,1.0679000000000001,0,10679
8015,A,1.125,1,11250
8015,B,1.5940000000000001,0,15940
8016,A,0.51380000000000003,1,5138
8016,B,1.4020000000000001,0,14020
8017,A,1.4006000000000001,1,14006
8017,B,2.3378000000000001,1,23378
8018,A,1.0805,1,10805
8018,B,1.0058,0,10058
8019,A,1.3117000000000001,1,13117
8019,B,2.0979000000000001,0,20979
8020,A,0.71750000000000003,1,7175
8020,B,5.3279000000000005,1,53279
8021,A,2.0437000000000003,1,20437
8021,B,0.69010000000000005,0,6901
8022,A,1.1689000000000001,1,11689
8022,B,1.0219,1,10219
8023,A,0.58750000000000002,1,5875
8023,B,2.7337000000000002,0,27337
8024,A,0.8972,1,8972
8024,B,1.1109,0,11109
8025,A,0.51829999999999998,1,5183
8025,B,2.4955000000000003,0,24955
8026,A,0.4622,1,4622
8026,B,1.2078,0,12078
8027,A,0.9032,1,9032
8027,B,0.2417,0,2417
8028,A,0.5575,1,5575
8028,B,0.3952,0,3952
8029,A,0.52910000000000001,1,5291
8029,B,1.0272000000000001,0,10272
8030,A,0.78400000000000003,1,7840
8030,B,0.36280000000000001,0,3628
8031,A,1.8005,1,18005
8031,B,0.51229999999999998,0,5123
8032,A,0.42060000000000003,1,4206
8032,B,1.0283,1,10283
8033,A,0.43180000000000002,1,4318
8033,B,1.4495,0,14495
8034,A,0.70750000000000002,1,7075
8034,B,0.6573,0,6573
8035,A,0.67530000000000001,1,6753
8035,B,2.0989,0,20989
8036,A,0.81850000000000001,1,8185
8036,B,1.0124,0,10124
8037,A,0.82269999999999999,1,8227
8037,B,1.2671000000000001,1,12671
8038,A,0.85850000000000004,1,8585
8038,B,1.1849000000000001,0,11849
8039,A,0.19940000000000002,1,1994
8039,B,1.6593,0,16593
8040,A,1.5528000000000002,1,15528
8040,B,0.37909999999999999,0,3791
8041,A,1.3237000000000001,1,13237
8041,B,0.32469999999999999,0,3247
8042,A,0.92570000000000008,1,9257
8042,B,2.0068999999999999,1,20069
8043,A,1.0906,1,10906
8043,B,2.601,0,26010
8044,A,0.45880000000000004,0,4588
8044,B,1.1048,1,11048
8045,A,1.3840000000000001,1,13840
8045,B,1.0618000000000001,1,10618
8046,A,0.79260000000000008,1,7926
8046,B,2.4849000000000001,1,24849
8047,A,1.0639000000000001,1,10639
8047,B,0.40950000000000003,0,4095
8048,A,0.38790000000000002,1,3879
8048,B,1.7412000000000001,0,17412
8049,A,0.65380000000000005,1,6538
8049,B,0.28639999999999999,0,2864
8050,A,0.63009999999999999,1,6301
8050,B,1.3139000000000001,0,13139
8051,A,0.45950000000000002,1,4595
8051,B,1.4611000000000001,0,14611
8052,A,1.1756,1,11756
8052,B,2.1630000000000003,0,21630
8053,A,0.75870000000000004,1,7587
8053,B,2.6297000000000001,1,26297
8054,A,0.74099999999999999,1,7410
8054,B,3.2520000000000002,1,32520
8055,A,1.0427999999999999,1,10428
8055,B,0.26669999999999999,0,2667
8056,A,0.53939999999999999,1,5394
8056,B,0.40329999999999999,0,4033
8057,A,0.94600000000000006,1,9460
8057,B,1.3098000000000001,1,13098
8058,A,0.85150000000000003,1,8515
8058,B,5.6787000000000001,0,56787
8059,A,0.41190000000000004,1,4119
8059,B,0.90229999999999999,1,9023
8060,A,0.92880000000000007,1,9288
8060,B,0.52150000000000007,0,5215
8061,A,0.46110000000000001,1,4611
8061,B,1.0225,0,10225
8062,A,1.1847000000000001,1,11847
8062,B,1.2001000000000002,0,12001
8063,A,1.6480000000000001,1,16480
8063,B,2.4751000000000003,1,24751
8064,A,0.54400000000000004,1,5440
8064,B,0.84550000000000003,1,8455
8065,A,1.8731,1,18731
8065,B,0.90250000000000008,0,9025
8066,A,1.9618,1,19618
8066,B,0.85710000000000008,1,8571
8067,A,1.0665,1,10665
8067,B,1.6061000000000001,1,16061
8068,A,0.79080000000000006,1,7908
8068,B,0.59820000000000007,0,5982
8069,A,0.48350000000000004,1,4835
8069,B,1.1838,0,11838
8070,A,0.99210000000000009,1,9921
8070,B,0.66100000000000003,1,6610
8071,A,0.81540000000000001,1,8154
8071,B,2.6603000000000003,0,26603
8072,A,0.80670000000000008,1,8067
8072,B,1.5051000000000001,0,15051
8073,A,0.49720000000000003,1,4972
8073,B,1.6491,0,16491
8074,A,0.55869999999999997,1,5587
8074,B,0.52850000000000008,0,5285
8075,A,1.1585000000000001,1,11585
8075,B,1.4815,0,14815
8076,A,0.54480000000000006,1,5448
8076,B,3.2880000000000003,1,32880
8077,A,0.78039999999999998,1,7804
8077,B,1.1241000000000001,1,11241
8078,A,0.49790000000000001,1,4979
8078,B,0.51180000000000003,0,5118
8079,A,1.3904000000000001,1,13904
8079,B,2.1576,1,21576
8080,A,1.3415000000000001,1,13415
8080,B,0.82540000000000002,1,8254
8081,A,0.90560000000000007,1,9056
8081,B,0.60350000000000004,0,6035
8082,A,1.2896000000000001,1,12896
8082,B,1.9269000000000001,0,19269
8083,A,0.4506,1,4506
8083,B,0.75609999999999999,0,7561
8084,A,1.0533000000000001,1,10533
8084,B,3.3002000000000002,0,33002
8085,A,2.2046000000000001,1,22046
8085,B,0.93270000000000008,0,9327
8086,A,0.91839999999999999,1,9184
8086,B,2.2542,1,22542
8087,A,1.034,1,10340
8087,B,0.34900000000000003,0,3490
8088,A,0.28820000000000001,1,2882
8088,B,0.90260000000000007,0,9026
8089,A,0.52060000000000006,1,5206
8089,B,2.3046000000000002,0,23046
8090,A,0.92330000000000001,1,9233
8090,B,0.51860000000000006,0,5186
8091,A,0.4219,1,4219
8091,B,2.3079000000000001,1,23079
8092,A,0.38940000000000002,1,3894
8092,B,1.3148,1,13148
8093,A,0.433,1,4330
8093,B,0.27300000000000002,0,2730
8094,A,0.69030000000000002,1,6903
8094,B,1.1333,0,11333
8095,A,2.3568000000000002,1,23568
8095,B,1.0457000000000001,1,10457
8096,A,1.6622000000000001,1,16622
8096,B,2.8882000000000003,1,28882
8097,A,1.8177000000000001,1,18177
8097,B,0.72570000000000001,1,7257
8098,A,1.1527000000000001,1,11527
8098,B,0.86099999999999999,1,8610
8099,A,0.59330000000000005,1,5933
8099,B,1.9037000000000002,0,19037
8100,A,0.55720000000000003,1,5572
8100,B,5.3550000000000004,1,53550
8101,A,0.51450000000000007,1,5145
8101,B,1.6642000000000001,0,16642
8102,A,1.3129,1,13129
8102,B,0.96910000000000007,0,9691
8103,A,1.1873,1,11873
8103,B,4.3296999999999999,1,43297
8104,A,0.73070000000000002,1,7307
8104,B,3.1263000000000001,1,31263
8105,A,0.65560000000000007,1,6556
8105,B,0.2051,0,2051
8106,A,0.77540000000000009,1,7754
8106,B,1.2316,1,12316
8107,A,0.38070000000000004,1,3807
8107,B,1.3559000000000001,1,13559
8108,A,0.63750000000000007,1,6375
8108,B,1.8714000000000002,0,18714
8109,A,0.90360000000000007,1,9036
8109,B,0.65370000000000006,0,6537
8110,A,0.8518,1,8518
8110,B,1.2147000000000001,0,12147
8111,A,0.62070000000000003,1,6207
8111,B,1.6695,1,16695
8112,A,0.54400000000000004,1,5440
8112,B,0.97960000000000003,0,9796
8113,A,0.76750000000000007,1,7675
8113,B,0.40579999999999999,0,4058
8114,A,1.1783000000000001,1,11783
8114,B,0.74409999999999998,1,7441
8115,A,0.69390000000000007,1,6939
8115,B,1.8924000000000001,1,18924
8116,A,1.5908,1,15908
8116,B,0.66670000000000007,1,6667
8117,A,1.1286,1,11286
8117,B,1.9467000000000001,1,19467
8118,A,0.71350000000000002,0,7135
8118,B,1.7787000000000002,1,17787
8119,A,0.73380000000000001,1,7338
8119,B,0.35139999999999999,1,3514
8120,A,1.3404,1,13404
8120,B,0.50260000000000005,0,5026
8121,A,0.8639,1,8639
8121,B,0.78870000000000007,0,7887
8122,A,1.5199,1,15199
8122,B,0.18910000000000002,0,1891
8123,A,1.1409,1,11409
8123,B,0.43420000000000003,0,4342
8124,A,1.1136000000000001,1,11136
8124,B,1.0116000000000001,0,10116
8125,A,1.1008,1,11008
8125,B,0.79300000000000004,0,7930
8126,A,0.5726,1,5726
8126,B,1.7950000000000002,0,17950
8127,A,0.6512,1,6512
8127,B,0.61980000000000002,0,6198
8128,A,0.82090000000000007,1,8209
8128,B,1.4346000000000001,0,14346
8129,A,1.3974,1,13974
8129,B,0.51119999999999999,0,5112
8130,A,0.82530000000000003,1,8253
8130,B,0.22410000000000002,0,2241
8131,A,0.66710000000000003,1,6671
8131,B,0.4541,0,4541
8132,A,0.70230000000000004,1,7023
8132,B,0.93120000000000003,1,9312
8133,A,0.83840000000000003,1,8384
8133,B,1.2521,1,12521
8134,A,0.29880000000000001,1,2988
8134,B,0.20180000000000001,0,2018
8135,A,1.5293000000000001,1,15293
8135,B,0.83440000000000003,0,8344
8136,A,0.43070000000000003,1,4307
8136,B,0.3216,0,3216
8137,A,0.85389999999999999,1,8539
8137,B,0.8397,0,8397
8138,A,1.1748000000000001,1,11748
8138,B,2.3243,1,23243
8139,A,0.46150000000000002,1,4615
8139,B,1.7875000000000001,1,17875
8140,A,1.6303000000000001,1,16303
8140,B,0.47370000000000001,0,4737
8141,A,0.45760000000000001,1,4576
8141,B,1.4007000000000001,1,14007
8142,A,1.6139000000000001,1,16139
8142,B,1.21,1,12100
8143,A,0.71030000000000004,1,7103
8143,B,0.78139999999999998,0,7814
8144,A,0.4148,1,4148
8144,B,1.0304,0,10304
8145,A,0.89860000000000007,1,8986
8145,B,0.21580000000000002,0,2158
8146,A,0.66300000000000003,1,6630
8146,B,1.4186000000000001,0,14186
8147,A,1.5858000000000001,1,15858
8147,B,3.1356000000000002,0,31356
8148,A,0.63800000000000001,1,6380
8148,B,1.7491000000000001,0,17491
8149,A,0.61880000000000002,1,6188
8149,B,0.90629999999999999,0,9063
8150,A,0.98330000000000006,1,9833
8150,B,1.5662,0,15662
8151,A,2.5075000000000003,1,25075
8151,B,2.9331,0,29331
8152,A,1.2109000000000001,1,12109
8152,B,1.4222000000000001,1,14222
8153,A,0.71479999999999999,1,7148
8153,B,1.8376000000000001,1,18376
8154,A,0.90000000000000002,1,9000
8154,B,1.5459000000000001,1,15459
8155,A,1.0224,1,10224
8155,B,4.6381000000000006,0,46381
8156,A,0.77940000000000009,1,7794
8156,B,1.6214000000000002,1,16214
8157,A,0.98250000000000004,1,9825
8157,B,1.8372000000000002,0,18372
8158,A,0.57500000000000007,1,5750
8158,B,1.0636000000000001,0,10636
8159,A,0.61940000000000006,1,6194
8159,B,0.83560000000000001,1,8356
8160,A,0.60120000000000007,1,6012
8160,B,1.7618,1,17618
8161,A,0.60420000000000007,1,6042
8161,B,0.47610000000000002,0,4761
8162,A,0.80020000000000002,1,8002
8162,B,3.9400000000000004,0,39400
8163,A,0.56690000000000007,1,5669
8163,B,0.88120000000000009,0,8812
8164,A,0.2054,1,2054
8164,B,0.2742,0,2742
8165,A,0.73120000000000007,1,7312
8165,B,0.63940000000000008,0,6394
8166,A,0.48880000000000001,1,4888
8166,B,0.53320000000000001,0,5332
8167,A,0.73920000000000008,1,7392
8167,B,2.0305,1,20305
8168,A,1.2756000000000001,1,12756
8168,B,0.23870000000000002,0,2387
8169,A,0.71030000000000004,1,7103
8169,B,0.44120000000000004,0,4412
8170,A,0.80770000000000008,1,8077
8170,B,0.34390000000000004,0,3439
8171,A,0.50740000000000007,1,5074
8171,B,0.65739999999999998,0,6574
8172,A,0.67490000000000006,1,6749
8172,B,0.48320000000000002,0,4832
8173,A,1.1240000000000001,1,11240
8173,B,0.91830000000000001,0,9183
8174,A,0.4839,1,4839
8174,B,0.40400000000000003,0,4040
8175,A,0.71150000000000002,1,7115
8175,B,0.57490000000000008,0,5749
8176,A,0.67949999999999999,1,6795
8176,B,6.6783999999999999,1,66784
8177,A,0.40770000000000001,1,4077
8177,B,1.8237000000000001,1,18237
8178,A,0.64890000000000003,1,6489
8178,B,0.16040000000000001,0,1604
8179,A,0.40679999999999999,1,4068
8179,B,0.73670000000000002,0,7367
8180,A,0.4728,1,4728
8180,B,1.3108,0,13108
8181,A,0.94730000000000003,1,9473
8181,B,0.41500000000000004,0,4150
8182,A,0.58960000000000001,1,5896
8182,B,0.28150000000000003,0,2815
8183,A,1.0562,1,10562
8183,B,0.88100000000000001,1,8810
8184,A,0.47500000000000003,1,4750
8184,B,3.9938000000000002,1,39938
8185,A,0.54480000000000006,1,5448
8185,B,0.4052,0,4052
8186,A,0.93910000000000005,1,9391
8186,B,0.69169999999999998,0,6917
8187,A,1.5406,1,15406
8187,B,1.0341,0,10341
8188,A,0.51619999999999999,1,5162
8188,B,0.58450000000000002,0,5845
8189,A,0.3619,1,3619
8189,B,0.63850000000000007,0,6385
8190,A,0.46590000000000004,1,4659
8190,B,0.3987,0,3987
8191,A,0.3327,1,3327
8191,B,0.42930000000000001,0,4293
8192,A,1.4047000000000001,1,14047
8192,B,0.49100000000000005,0,4910
8193,A,0.36990000000000001,1,3699
8193,B,0.4803,0,4803
8194,A,0.35310000000000002,0,3531
8194,B,0.26319999999999999,0,2632
8195,A,0.63870000000000005,1,6387
8195,B,0.9113,1,9113
8196,A,0.80410000000000004,1,8041
8196,B,0.69580000000000009,0,6958
8197,A,0.71810000000000007,1,7181
8197,B,0.51670000000000005,0,5167
8198,A,0.71090000000000009,1,7109
8198,B,0.45520000000000005,0,4552
8199,A,0.3619,0,3619
8199,B,1.2783,1,12783
8200,A,1.2431000000000001,1,12431
8200,B,0.43340000000000001,0,4334
8201,A,0.66090000000000004,1,6609
8201,B,0.43070000000000003,0,4307
8202,A,1.3600000000000001,1,13600
8202,B,0.9587,0,9587
8203,A,0.62980000000000003,1,6298
8203,B,1.6935,0,16935
8204,A,1.4438,1,14438
8204,B,1.0879000000000001,1,10879
8205,A,0.45390000000000003,1,4539
8205,B,2.1106000000000003,1,21106
8206,A,1.2747000000000002,1,12747
8206,B,0.4965,1,4965
8207,A,0.89970000000000006,1,8997
8207,B,2.0464000000000002,0,20464
8208,A,0.59940000000000004,1,5994
8208,B,0.80580000000000007,1,8058
8209,A,0.2883,1,2883
8209,B,0.33030000000000004,0,3303
8210,A,1.0714000000000001,0,10714
8210,B,0.56310000000000004,0,5631
8211,A,0.68070000000000008,1,6807
8211,B,0.99680000000000002,0,9968
8212,A,0.64690000000000003,1,6469
8212,B,0.69359999999999999,0,6936
8213,A,0.40080000000000005,1,4008
8213,B,0.78120000000000001,1,7812
8214,A,0.43340000000000001,1,4334
8214,B,1.3671,1,13671
8215,A,0.72330000000000005,1,7233
8215,B,3.1444000000000001,1,31444
8216,A,0.65570000000000006,1,6557
8216,B,0.85360000000000003,0,8536
8217,A,0.54570000000000007,1,5457
8217,B,1.1929000000000001,1,11929
8218,A,0.8246,1,8246
8218,B,1.4463000000000001,0,14463
8219,A,0.53480000000000005,1,5348
8219,B,2.3451,0,23451
8220,A,0.59730000000000005,1,5973
8220,B,1.0030000000000001,1,10030
8221,A,0.4496,1,4496
8221,B,0.30830000000000002,0,3083
8222,A,0.37560000000000004,1,3756
8222,B,0.2097,0,2097
8223,A,0.54049999999999998,1,5405
8223,B,0.2084,0,2084
8224,A,0.50290000000000001,1,5029
8224,B,0.54470000000000007,0,5447
8225,A,1.1705000000000001,1,11705
8225,B,1.1008,0,11008
8226,A,0.317,1,3170
8226,B,1.482,1,14820
8227,A,0.3115,1,3115
8227,B,0.44650000000000001,0,4465
8228,A,0.63219999999999998,1,6322
8228,B,2.4986000000000002,1,24986
8229,A,0.79260000000000008,1,7926
8229,B,0.72260000000000002,0,7226
8230,A,0.46630000000000005,1,4663
8230,B,0.36399999999999999,0,3640
8231,A,0.44800000000000001,1,4480
8231,B,0.18920000000000001,0,1892
8232,A,0.56600000000000006,1,5660
8232,B,1.5782,1,15782
8233,A,0.7631,1,7631
8233,B,0.76619999999999999,0,7662
8234,A,0.83390000000000009,1,8339
8234,B,0.67580000000000007,0,6758
8235,A,1.5536000000000001,1,15536
8235,B,0.1542,0,1542
8236,A,0.9840000000000001,1,9840
8236,B,2.5420000000000003,0,25420
8237,A,1.8627,1,18627
8237,B,1.3441000000000001,1,13441
8238,A,0.79770000000000008,1,7977
8238,B,0.50309999999999999,0,5031
8239,A,0.83579999999999999,1,8358
8239,B,0.43390000000000001,0,4339
8240,A,1.5839000000000001,1,15839
8240,B,1.9300000000000002,0,19300
8241,A,0.91930000000000001,1,9193
8241,B,0.4914,0,4914
8242,A,1.7084000000000001,1,17084
8242,B,1.2339,0,12339
8243,A,0.70920000000000005,1,7092
8243,B,1.9712000000000001,0,19712
8244,A,0.42110000000000003,1,4211
8244,B,2.1034000000000002,0,21034
8245,A,1.2767000000000002,1,12767
8245,B,2.3555000000000001,1,23555
8246,A,0.73880000000000001,1,7388
8246,B,0.2555,0,2555
8247,A,1.5487,1,15487
8247,B,0.39910000000000001,0,3991
8248,A,0.60520000000000007,1,6052
8248,B,0.39330000000000004,0,3933
8249,A,0.74360000000000004,1,7436
8249,B,3.8217000000000003,0,38217
8250,A,0.90970000000000006,1,9097
8250,B,2.2996000000000003,0,22996
8251,A,1.1172,1,11172
8251,B,2.2928000000000002,0,22928
8252,A,0.8105,1,8105
8252,B,0.69140000000000001,1,6914
8253,A,0.3448,1,3448
8253,B,0.47900000000000004,0,4790
8254,A,0.32070000000000004,1,3207
8254,B,2.4814000000000003,0,24814
8255,A,1.2454000000000001,1,12454
8255,B,0.35770000000000002,1,3577
8256,A,1.4325000000000001,1,14325
8256,B,1.8185,0,18185
8257,A,0.83020000000000005,1,8302
8257,B,0.74950000000000006,1,7495
8258,A,0.96879999999999999,1,9688
8258,B,1.6391,1,16391
8259,A,0.379,1,3790
8259,B,0.55810000000000004,1,5581
8260,A,0.34320000000000001,1,3432
8260,B,1.8877000000000002,0,18877
8261,A,0.73870000000000002,1,7387
8261,B,3.3325,1,33325
8262,A,0.61109999999999998,1,6111
8262,B,1.0364,0,10364
8263,A,1.4015,1,14015
8263,B,0.87330000000000008,0,8733
8264,A,1.0155000000000001,1,10155
8264,B,2.4002000000000003,1,24002
8265,A,0.88870000000000005,1,8887
8265,B,0.36720000000000003,0,3672
8266,A,0.84330000000000005,1,8433
8266,B,0.189,0,1890
8267,A,0.44290000000000002,1,4429
8267,B,0.41140000000000004,0,4114
8268,A,0.67090000000000005,1,6709
8268,B,0.4602,0,4602
8269,A,0.71810000000000007,0,7181
8269,B,0.68710000000000004,1,6871
8270,A,0.82890000000000008,1,8289
8270,B,1.4668000000000001,0,14668
8271,A,0.64590000000000003,1,6459
8271,B,0.65670000000000006,1,6567
8272,A,1.4409000000000001,1,14409
8272,B,3.4578000000000002,0,34578
8273,A,1.0434000000000001,1,10434
8273,B,6.8578999999999999,0,68579
8274,A,0.70179999999999998,1,7018
8274,B,1.5625,1,15625
8275,A,0.48950000000000005,1,4895
8275,B,1.4401000000000002,0,14401
8276,A,0.44340000000000002,1,4434
8276,B,0.23390000000000002,0,2339
8277,A,0.58040000000000003,1,5804
8277,B,2.0904000000000003,0,20904
8278,A,0.44600000000000001,1,4460
8278,B,1.6628000000000001,1,16628
8279,A,0.50229999999999997,1,5023
8279,B,1.1573,0,11573
8280,A,0.71230000000000004,1,7123
8280,B,1.3074000000000001,0,13074
8281,A,0.46250000000000002,1,4625
8281,B,0.15540000000000001,0,1554
8282,A,0.78210000000000002,1,7821
8282,B,2.0456000000000003,1,20456
8283,A,1.0070000000000001,1,10070
8283,B,0.5746,0,5746
8284,A,0.37360000000000004,1,3736
8284,B,1.3713,0,13713
8285,A,0.79620000000000002,1,7962
8285,B,0.95210000000000006,0,9521
8286,A,0.71700000000000008,1,7170
8286,B,0.55940000000000001,0,5594
8287,A,0.98650000000000004,1,9865
8287,B,2.6890000000000001,1,26890
8288,A,1.5612000000000001,1,15612
8288,B,0.58160000000000001,0,5816
8289,A,0.65539999999999998,1,6554
8289,B,0.38990000000000002,0,3899
8290,A,0.66390000000000005,1,6639
8290,B,1.4416,0,14416
8291,A,0.70169999999999999,1,7017
8291,B,0.60950000000000004,0,6095
8292,A,0.34370000000000001,1,3437
8292,B,4.6103000000000005,1,46103
8293,A,0.57169999999999999,1,5717
8293,B,0.3962,0,3962
8294,A,0.22760000000000002,1,2276
8294,B,1.1600000000000001,1,11600
8295,A,1.0098,1,10098
8295,B,1.2278,0,12278
8296,A,0.39430000000000004,1,3943
8296,B,0.48970000000000002,1,4897
8297,A,0.71730000000000005,1,7173
8297,B,0.24260000000000001,0,2426
8298,A,0.51480000000000004,1,5148
8298,B,1.2643,0,12643
8299,A,0.37380000000000002,1,3738
8299,B,3.125,0,31250
8300,A,0.80990000000000006,1,8099
8300,B,4.5463000000000005,0,45463
8301,A,0.42430000000000001,1,4243
8301,B,1.1372,0,11372
8302,A,0.65510000000000002,1,6551
8302,B,3.6306000000000003,0,36306
8303,A,0.44680000000000003,0,4468
8303,B,2.9336000000000002,1,29336
8304,A,0.85450000000000004,1,8545
8304,B,0.33530000000000004,0,3353
8305,A,0.44520000000000004,1,4452
8305,B,0.49180000000000001,0,4918
8306,A,0.60840000000000005,1,6084
8306,B,0.31490000000000001,0,3149
8307,A,0.75800000000000001,1,7580
8307,B,1.5481,1,15481
8308,A,0.48930000000000001,1,4893
8308,B,0.42700000000000005,0,4270
8309,A,0.67430000000000001,1,6743
8309,B,0.30499999999999999,0,3050
8310,A,0.83230000000000004,0,8323
8310,B,0.95840000000000003,1,9584
8311,A,0.22840000000000002,1,2284
8311,B,0.78910000000000002,1,7891
8312,A,0.44040000000000001,1,4404
8312,B,0.34100000000000003,0,3410
8313,A,0.63360000000000005,1,6336
8313,B,0.4108,0,4108
8314,A,0.25440000000000002,1,2544
8314,B,0.52960000000000007,0,5296
8315,A,0.49260000000000004,1,4926
8315,B,0.50750000000000006,1,5075
8316,A,0.42410000000000003,1,4241
8316,B,0.84379999999999999,0,8438
8317,A,0.70879999999999999,1,7088
8317,B,0.74330000000000007,0,7433
8318,A,0.67880000000000007,1,6788
8318,B,2.0043000000000002,0,20043
8319,A,0.8921,1,8921
8319,B,0.75990000000000002,1,7599
8320,A,0.27460000000000001,1,2746
8320,B,0.60070000000000001,0,6007
8321,A,0.7833,1,7833
8321,B,0.71360000000000001,0,7136
8322,A,1.7674000000000001,1,17674
8322,B,0.68990000000000007,0,6899
8323,A,0.623,1,6230
8323,B,5.6131000000000002,0,56131
8324,A,0.70700000000000007,1,7070
8324,B,1.1019000000000001,1,11019
8325,A,0.53080000000000005,1,5308
8325,B,0.69080000000000008,1,6908
8326,A,0.60470000000000002,1,6047
8326,B,0.53290000000000004,0,5329
8327,A,0.7349,1,7349
8327,B,1.3878000000000001,0,13878
8328,A,1.9328000000000001,1,19328
8328,B,1.0792000000000002,1,10792
8329,A,0.71620000000000006,1,7162
8329,B,1.0705,0,10705
8330,A,1.1989000000000001,1,11989
8330,B,0.85589999999999999,0,8559
8331,A,0.52750000000000008,1,5275
8331,B,0.19540000000000002,0,1954
8332,A,1.4905000000000002,1,14905
8332,B,1.9783000000000002,0,19783
8333,A,0.63250000000000006,1,6325
8333,B,1.9079000000000002,1,19079
8334,A,0.4521,1,4521
8334,B,1.9575,0,19575
8335,A,0.96830000000000005,1,9683
8335,B,0.87020000000000008,1,8702
8336,A,0.66870000000000007,1,6687
8336,B,0.92860000000000009,0,9286
8337,A,1.8546,1,18546
8337,B,2.1011000000000002,1,21011
8338,A,0.46890000000000004,1,4689
8338,B,1.1144000000000001,0,11144
8339,A,0.65080000000000005,1,6508
8339,B,0.35610000000000003,0,3561
8340,A,0.43140000000000001,1,4314
8340,B,0.26530000000000004,0,2653
8341,A,0.5111,1,5111
8341,B,0.45140000000000002,1,4514
8342,A,0.376,1,3760
8342,B,2.7131000000000003,1,27131
8343,A,0.59540000000000004,1,5954
8343,B,2.0382000000000002,0,20382
8344,A,0.82530000000000003,1,8253
8344,B,0.57740000000000002,0,5774
8345,A,1.2024000000000001,1,12024
8345,B,0.85750000000000004,1,8575
8346,A,0.78190000000000004,1,7819
8346,B,0.1827,0,1827
8347,A,0.73260000000000003,1,7326
8347,B,0.69600000000000006,0,6960
8348,A,0.84440000000000004,1,8444
8348,B,0.31530000000000002,0,3153
8349,A,0.38270000000000004,1,3827
8349,B,0.63590000000000002,0,6359
8350,A,0.62650000000000006,1,6265
8350,B,0.59499999999999997,0,5950
8351,A,0.49870000000000003,1,4987
8351,B,0.96950000000000003,1,9695
8352,A,0.5444,1,5444
8352,B,0.3095,0,3095
8353,A,1.6715,1,16715
8353,B,1.875,1,18750
8354,A,0.66349999999999998,1,6635
8354,B,2.3572000000000002,0,23572
8355,A,0.89640000000000009,1,8964
8355,B,1.1220000000000001,0,11220
8356,A,0.49790000000000001,1,4979
8356,B,2.8446000000000002,0,28446
8357,A,0.81180000000000008,1,8118
8357,B,1.5124,0,15124
8358,A,0.94500000000000006,1,9450
8358,B,1.6088,1,16088
8359,A,0.78360000000000007,1,7836
8359,B,1.4908000000000001,0,14908
8360,A,0.74630000000000007,1,7463
8360,B,1.7362000000000002,1,17362
8361,A,1.2169000000000001,1,12169
8361,B,0.54480000000000006,1,5448
8362,A,0.16390000000000002,0,1639
8362,B,2.2262,1,22262
8363,A,0.6512,1,6512
8363,B,1.3142,0,13142
8364,A,0.8832000000000001,1,8832
8364,B,3.3921000000000001,0,33921
8365,A,0.88080000000000003,1,8808
8365,B,2.2361,1,22361
8366,A,1.2845,1,12845
8366,B,0.33910000000000001,0,3391
8367,A,1.0042,1,10042
8367,B,1.6377000000000002,0,16377
8368,A,1.6973,1,16973
8368,B,0.47640000000000005,0,4764
8369,A,0.70079999999999998,1,7008
8369,B,0.39530000000000004,1,3953
8370,A,0.71900000000000008,1,7190
8370,B,1.2726,0,12726
8371,A,0.94159999999999999,1,9416
8371,B,1.244,0,12440
8372,A,0.81940000000000002,1,8194
8372,B,0.2137,0,2137
8373,A,0.33610000000000001,1,3361
8373,B,0.69140000000000001,0,6914
8374,A,0.85650000000000004,1,8565
8374,B,0.6603,0,6603
8375,A,0.96950000000000003,1,9695
8375,B,1.2052,1,12052
8376,A,0.5323,1,5323
8376,B,1.6651,0,16651
8377,A,1.3042,1,13042
8377,B,0.8963000000000001,1,8963
8378,A,0.86820000000000008,1,8682
8378,B,0.8417,0,8417
8379,A,0.7087,1,7087
8379,B,0.38500000000000001,0,3850
8380,A,0.3599,1,3599
8380,B,1.0306999999999999,0,10307
8381,A,0.32050000000000001,1,3205
8381,B,2.0704000000000002,1,20704
8382,A,1.2728000000000002,1,12728
8382,B,1.3718000000000001,1,13718
8383,A,0.39500000000000002,1,3950
8383,B,1.1480000000000001,0,11480
8384,A,0.42630000000000001,1,4263
8384,B,0.80130000000000001,0,8013
8385,A,0.7036,0,7036
8385,B,0.45170000000000005,0,4517
8386,A,0.3377,1,3377
8386,B,0.91690000000000005,1,9169
8387,A,0.40390000000000004,1,4039
8387,B,0.52400000000000002,0,5240
8388,A,0.95280000000000009,1,9528
8388,B,0.36320000000000002,0,3632
8389,A,0.7379,1,7379
8389,B,0.65750000000000008,0,6575
8390,A,0.73630000000000007,1,7363
8390,B,0.1673,0,1673
8391,A,0.8983000000000001,1,8983
8391,B,0.92590000000000006,0,9259
8392,A,1.3562000000000001,1,13562
8392,B,0.64360000000000006,1,6436
8393,A,0.69500000000000006,1,6950
8393,B,2.1030000000000002,0,21030
8394,A,2.0666000000000002,1,20666
8394,B,1.2568000000000001,1,12568
8395,A,0.28939999999999999,1,2894
8395,B,0.87330000000000008,1,8733
8396,A,0.59289999999999998,1,5929
8396,B,1.5077,1,15077
8397,A,0.68780000000000008,1,6878
8397,B,1.3417000000000001,0,13417
8398,A,1.0195000000000001,1,10195
8398,B,0.83879999999999999,1,8388
8399,A,0.87609999999999999,1,8761
8399,B,1.1121000000000001,0,11121
8400,A,0.70960000000000001,1,7096
8400,B,0.68780000000000008,1,6878
8401,A,0.72200000000000009,1,7220
8401,B,2.4361999999999999,0,24362
8402,A,0.45910000000000001,1,4591
8402,B,3.2009000000000003,1,32009
8403,A,1.0745,1,10745
8403,B,0.1711,0,1711
8404,A,0.75509999999999999,1,7551
8404,B,1.2432000000000001,0,12432
8405,A,0.6109,1,6109
8405,B,2.5720000000000001,1,25720
8406,A,0.79880000000000007,1,7988
8406,B,0.81230000000000002,0,8123
8407,A,0.58900000000000008,1,5890
8407,B,1.3427,1,13427
8408,A,0.84440000000000004,1,8444
8408,B,1.1291,0,11291
8409,A,0.44600000000000001,1,4460
8409,B,0.3644,1,3644
8410,A,0.50190000000000001,1,5019
8410,B,2.0714000000000001,0,20714
8411,A,0.43520000000000003,1,4352
8411,B,2.4278,1,24278
8412,A,0.82040000000000002,1,8204
8412,B,2.1792000000000002,0,21792
8413,A,1.2342,1,12342
8413,B,0.59150000000000003,0,5915
8414,A,0.93370000000000009,1,9337
8414,B,0.72360000000000002,0,7236
8415,A,1.0007000000000001,1,10007
8415,B,0.55830000000000002,0,5583
8416,A,0.49330000000000002,1,4933
8416,B,2.3930000000000002,1,23930
8417,A,0.3695,1,3695
8417,B,1.7743,0,17743
8418,A,0.49810000000000004,1,4981
8418,B,0.9951000000000001,0,9951
8419,A,0.52170000000000005,1,5217
8419,B,0.49620000000000003,0,4962
8420,A,2.4984000000000002,1,24984
8420,B,1.3255000000000001,1,13255
8421,A,0.5867,1,5867
8421,B,0.59120000000000006,0,5912
8422,A,0.83710000000000007,1,8371
8422,B,1.3219000000000001,0,13219
8423,A,1.2757000000000001,1,12757
8423,B,1.3321000000000001,0,13321
8424,A,0.5181,0,5181
8424,B,0.26330000000000003,0,2633
8425,A,0.37,1,3700
8425,B,1.8851,0,18851
8426,A,0.67930000000000001,1,6793
8426,B,0.2495,0,2495
8427,A,0.46540000000000004,1,4654
8427,B,1.587,1,15870
8428,A,0.53700000000000003,1,5370
8428,B,0.66220000000000001,1,6622
8429,A,0.51140000000000008,1,5114
8429,B,0.3342,0,3342
8430,A,0.67620000000000002,1,6762
8430,B,0.33280000000000004,0,3328
8431,A,1.1177000000000001,1,11177
8431,B,2.4962,0,24962
8432,A,1.1749000000000001,1,11749
8432,B,1.9342000000000001,1,19342
8433,A,0.56369999999999998,1,5637
8433,B,1.3571,1,13571
8434,A,0.87150000000000005,0,8715
8434,B,1.131,1,11310
8435,A,0.87280000000000002,1,8728
8435,B,0.27500000000000002,0,2750
8436,A,1.6901000000000002,1,16901
8436,B,0.52939999999999998,0,5294
8437,A,0.88490000000000002,1,8849
8437,B,0.81780000000000008,1,8178
8438,A,0.4884,1,4884
8438,B,1.2230000000000001,1,12230
8439,A,0.59740000000000004,1,5974
8439,B,6.3120000000000003,0,63120
8440,A,1.8030000000000002,1,18030
8440,B,0.89500000000000002,1,8950
8441,A,0.67810000000000004,1,6781
8441,B,1.1891,0,11891
8442,A,0.7712,1,7712
8442,B,1.2625,0,12625
8443,A,0.81020000000000003,1,8102
8443,B,1.7351000000000001,1,17351
8444,A,0.54590000000000005,1,5459
8444,B,2.2701000000000002,0,22701
8445,A,1.0931999999999999,1,10932
8445,B,3.7217000000000002,1,37217
8446,A,0.46100000000000002,1,4610
8446,B,0.70669999999999999,1,7067
8447,A,0.6361,1,6361
8447,B,2.4900000000000002,1,24900
8448,A,0.98330000000000006,1,9833
8448,B,3.4502000000000002,1,34502
8449,A,0.9375,1,9375
8449,B,0.20040000000000002,0,2004
8450,A,1.0513000000000001,1,10513
8450,B,0.3266,0,3266
8451,A,0.5282,1,5282
8451,B,0.96400000000000008,1,9640
8452,A,0.39930000000000004,1,3993
8452,B,2.0914999999999999,1,20915
8453,A,0.61460000000000004,1,6146
8453,B,1.2641,1,12641
8454,A,1.1192,1,11192
8454,B,0.55859999999999999,0,5586
8455,A,0.42650000000000005,1,4265
8455,B,0.3629,0,3629
8456,A,0.78590000000000004,1,7859
8456,B,0.76460000000000006,0,7646
8457,A,1.2937000000000001,1,12937
8457,B,0.93370000000000009,0,9337
8458,A,1.8518000000000001,1,18518
8458,B,0.5161,0,5161
8459,A,0.96320000000000006,1,9632
8459,B,0.70800000000000007,0,7080
8460,A,0.70220000000000005,1,7022
8460,B,1.0708,0,10708
8461,A,0.44630000000000003,1,4463
8461,B,1.6123000000000001,0,16123
8462,A,0.31140000000000001,0,3114
8462,B,0.61360000000000003,0,6136
8463,A,1.1648000000000001,1,11648
8463,B,1.2692000000000001,1,12692
8464,A,0.68920000000000003,1,6892
8464,B,0.46530000000000005,0,4653
8465,A,1.0377000000000001,1,10377
8465,B,1.3431,0,13431
8466,A,1.1896,1,11896
8466,B,1.4304000000000001,0,14304
8467,A,0.84910000000000008,1,8491
8467,B,2.0119000000000002,0,20119
8468,A,0.74030000000000007,1,7403
8468,B,2.4212000000000002,0,24212
8469,A,0.42960000000000004,1,4296
8469,B,0.52739999999999998,0,5274
8470,A,0.75980000000000003,1,7598
8470,B,0.31010000000000004,0,3101
8471,A,0.84610000000000007,1,8461
8471,B,0.26500000000000001,0,2650
8472,A,0.9244,1,9244
8472,B,0.81759999999999999,1,8176
8473,A,1.232,1,12320
8473,B,0.40710000000000002,0,4071
8474,A,1.0637000000000001,1,10637
8474,B,0.90129999999999999,1,9013
8475,A,0.53349999999999997,1,5335
8475,B,1.1189,0,11189
8476,A,0.75150000000000006,1,7515
8476,B,1.4976,1,14976
8477,A,0.56680000000000008,1,5668
8477,B,0.57510000000000006,0,5751
8478,A,0.4894,1,4894
8478,B,3.1393,1,31393
8479,A,0.57710000000000006,1,5771
8479,B,0.46230000000000004,0,4623
8480,A,0.4672,1,4672
8480,B,0.3483,0,3483
8481,A,0.87450000000000006,1,8745
8481,B,1.8805000000000001,0,18805
8482,A,0.80320000000000003,1,8032
8482,B,0.90980000000000005,0,9098
8483,A,0.45500000000000002,0,4550
8483,B,0.3614,0,3614
8484,A,0.42680000000000001,1,4268
8484,B,1.0938000000000001,0,10938
8485,A,0.51790000000000003,1,5179
8485,B,1.3329,0,13329
8486,A,0.45240000000000002,1,4524
8486,B,0.39290000000000003,0,3929
8487,A,0.28820000000000001,1,2882
8487,B,0.1913,0,1913
8488,A,0.69240000000000002,1,6924
8488,B,0.9032,1,9032
8489,A,1.2003000000000001,1,12003
8489,B,0.33160000000000001,0,3316
8490,A,0.56950000000000001,1,5695
8490,B,1.0809,0,10809
8491,A,0.98000000000000009,1,9800
8491,B,2.1638000000000002,1,21638
8492,A,0.94850000000000001,1,9485
8492,B,0.66080000000000005,0,6608
8493,A,0.5837,1,5837
8493,B,0.55690000000000006,0,5569
8494,A,0.50080000000000002,1,5008
8494,B,0.2326,0,2326
8495,A,0.52810000000000001,1,5281
8495,B,1.1217000000000001,0,11217
8496,A,2.3547000000000002,1,23547
8496,B,1.0444,0,10444
8497,A,0.46920000000000001,1,4692
8497,B,0.67959999999999998,0,6796
8498,A,0.31620000000000004,1,3162
8498,B,3.4458000000000002,0,34458
8499,A,0.60499999999999998,1,6050
8499,B,1.0216000000000001,1,10216
8500,A,0.29650000000000004,1,2965
8500,B,1.1978,0,11978
8501,A,0.36399999999999999,1,3640
8501,B,0.74870000000000003,0,7487
8502,A,0.99470000000000003,1,9947
8502,B,1.9311,0,19311
8503,A,0.97900000000000009,1,9790
8503,B,2.6505000000000001,0,26505
8504,A,0.62509999999999999,1,6251
8504,B,0.67130000000000001,0,6713
8505,A,0.78039999999999998,1,7804
8505,B,2.4801000000000002,1,24801
8506,A,0.57830000000000004,0,5783
8506,B,2.6622000000000003,0,26622
8507,A,0.3301,1,3301
8507,B,0.71130000000000004,0,7113
8508,A,0.52780000000000005,1,5278
8508,B,0.88700000000000001,1,8870
8509,A,1.3575000000000002,1,13575
8509,B,0.34490000000000004,0,3449
8510,A,1.1340000000000001,1,11340
8510,B,1.494,1,14940
8511,A,0.74850000000000005,1,7485
8511,B,1.2970000000000002,0,12970
8512,A,0.3821,1,3821
8512,B,0.60350000000000004,0,6035
8513,A,1.3351,1,13351
8513,B,0.61680000000000001,0,6168
8514,A,0.47060000000000002,1,4706
8514,B,2.2353000000000001,1,22353
8515,A,0.48350000000000004,1,4835
8515,B,0.27310000000000001,0,2731
8516,A,0.91050000000000009,1,9105
8516,B,1.2366000000000001,1,12366
8517,A,0.65800000000000003,1,6580
8517,B,1.8604000000000001,0,18604
8518,A,0.52239999999999998,1,5224
8518,B,0.94080000000000008,1,9408
8519,A,1.0074000000000001,1,10074
8519,B,0.47420000000000001,1,4742
8520,A,0.80320000000000003,1,8032
8520,B,0.87220000000000009,1,8722
8521,A,0.43220000000000003,1,4322
8521,B,0.7732,1,7732
8522,A,1.0409000000000002,1,10409
8522,B,2.3372999999999999,1,23373
8523,A,1.258,1,12580
8523,B,0.98960000000000004,0,9896
8524,A,0.72240000000000004,1,7224
8524,B,0.64729999999999999,0,6473
8525,A,0.88390000000000002,1,8839
8525,B,0.4481,1,4481
8526,A,0.70850000000000002,1,7085
8526,B,1.4239000000000002,1,14239
8527,A,0.32040000000000002,1,3204
8527,B,0.82840000000000003,0,8284
8528,A,0.66080000000000005,1,6608
8528,B,0.58630000000000004,1,5863
8529,A,0.44070000000000004,1,4407
8529,B,0.22620000000000001,0,2262
8530,A,0.77340000000000009,1,7734
8530,B,0.80830000000000002,0,8083
8531,A,0.75819999999999999,1,7582
8531,B,3.7775000000000003,0,37775
8532,A,1.4154,1,14154
8532,B,3.4243000000000001,0,34243
8533,A,1.0818000000000001,1,10818
8533,B,0.60640000000000005,0,6064
8534,A,0.50280000000000002,1,5028
8534,B,1.7538,1,17538
8535,A,0.79710000000000003,1,7971
8535,B,0.45570000000000005,0,4557
8536,A,0.60189999999999999,1,6019
8536,B,0.88719999999999999,0,8872
8537,A,0.49330000000000002,1,4933
8537,B,0.28310000000000002,0,2831
8538,A,0.79100000000000004,1,7910
8538,B,2.2648000000000001,0,22648
8539,A,1.0036,1,10036
8539,B,1.9322000000000001,0,19322
8540,A,0.42780000000000001,1,4278
8540,B,1.5372000000000001,0,15372
8541,A,1.5112000000000001,1,15112
8541,B,1.5187000000000002,1,15187
8542,A,0.36780000000000002,1,3678
8542,B,0.70879999999999999,1,7088
8543,A,1.0003,1,10003
8543,B,0.83830000000000005,1,8383
8544,A,1.3886000000000001,1,13886
8544,B,2.6830000000000003,1,26830
8545,A,0.51770000000000005,1,5177
8545,B,1.5313000000000001,0,15313
8546,A,0.47320000000000001,1,4732
8546,B,1.113,0,11130
8547,A,0.97230000000000005,1,9723
8547,B,1.5501,0,15501
8548,A,1.2282,1,12282
8548,B,2.2068000000000003,0,22068
8549,A,0.89130000000000009,0,8913
8549,B,1.4721,0,14721
8550,A,0.31270000000000003,0,3127
8550,B,0.99940000000000007,1,9994
8551,A,0.4073,1,4073
8551,B,1.4687000000000001,1,14687
8552,A,0.66739999999999999,1,6674
8552,B,1.8140000000000001,1,18140
8553,A,0.90110000000000001,1,9011
8553,B,1.0144,0,10144
8554,A,0.77300000000000002,1,7730
8554,B,0.48250000000000004,0,4825
8555,A,1.1893,1,11893
8555,B,0.78820000000000001,0,7882
8556,A,0.68240000000000001,1,6824
8556,B,0.1615,0,1615
8557,A,1.0251000000000001,1,10251
8557,B,1.5886,1,15886
8558,A,0.71779999999999999,1,7178
8558,B,3.0152000000000001,0,30152
8559,A,0.48150000000000004,1,4815
8559,B,1.1067,0,11067
8560,A,0.77300000000000002,1,7730
8560,B,1.9289000000000001,1,19289
8561,A,0.34029999999999999,1,3403
8561,B,1.7732000000000001,0,17732
8562,A,0.3306,1,3306
8562,B,1.2467000000000001,0,12467
8563,A,0.52610000000000001,1,5261
8563,B,0.91830000000000001,1,9183
8564,A,0.67759999999999998,1,6776
8564,B,3.1419000000000001,1,31419
8565,A,1.3328,1,13328
8565,B,0.82569999999999999,0,8257
8566,A,0.8296,1,8296
8566,B,1.0306999999999999,1,10307
8567,A,1.0740000000000001,1,10740
8567,B,0.63650000000000007,0,6365
8568,A,0.58750000000000002,1,5875
8568,B,0.87270000000000003,0,8727
8569,A,1.1121000000000001,1,11121
8569,B,1.6637000000000002,1,16637
8570,A,0.27290000000000003,1,2729
8570,B,0.21440000000000001,0,2144
8571,A,0.67170000000000007,1,6717
8571,B,1.3971,0,13971
8572,A,0.44340000000000002,1,4434
8572,B,3.8070000000000004,1,38070
8573,A,0.91510000000000002,1,9151
8573,B,0.38320000000000004,0,3832
8574,A,0.3009,1,3009
8574,B,0.33310000000000001,0,3331
8575,A,1.2366000000000001,1,12366
8575,B,0.38840000000000002,0,3884
8576,A,0.88150000000000006,1,8815
8576,B,0.76860000000000006,0,7686
8577,A,0.4788,1,4788
8577,B,2.1003000000000003,1,21003
8578,A,1.3597000000000001,1,13597
8578,B,2.7547000000000001,1,27547
8579,A,0.29260000000000003,1,2926
8579,B,6.8460000000000001,0,68460
8580,A,1.2676000000000001,1,12676
8580,B,3.9766000000000004,0,39766
8581,A,2.1804000000000001,1,21804
8581,B,0.37,1,3700
8582,A,0.78080000000000005,1,7808
8582,B,0.85550000000000004,1,8555
8583,A,0.84860000000000002,1,8486
8583,B,0.52500000000000002,1,5250
8584,A,0.32150000000000001,1,3215
8584,B,1.2949000000000002,1,12949
8585,A,0.50209999999999999,1,5021
8585,B,1.9066000000000001,0,19066
8586,A,1.7141000000000002,1,17141
8586,B,0.72360000000000002,1,7236
8587,A,1.2332000000000001,1,12332
8587,B,0.44720000000000004,0,4472
8588,A,0.86399999999999999,1,8640
8588,B,0.23250000000000001,0,2325
8589,A,1.3795000000000002,1,13795
8589,B,0.3201,0,3201
8590,A,1.274,1,12740
8590,B,0.1226,0,1226
8591,A,0.7671,1,7671
8591,B,0.20770000000000002,0,2077
8592,A,1.0451000000000001,1,10451
8592,B,1.6439000000000001,1,16439
8593,A,0.94990000000000008,1,9499
8593,B,0.1754,0,1754
8594,A,1.2799,1,12799
8594,B,0.30620000000000003,0,3062
8595,A,0.66690000000000005,1,6669
8595,B,1.7299,1,17299
8596,A,0.83440000000000003,1,8344
8596,B,0.9335,1,9335
8597,A,0.41830000000000001,1,4183
8597,B,1.1494,0,11494
8598,A,0.75360000000000005,1,7536
8598,B,2.1043000000000003,1,21043
8599,A,0.76690000000000003,1,7669
8599,B,0.63680000000000003,1,6368
8600,A,0.48480000000000001,1,4848
8600,B,2.2362000000000002,1,22362
8601,A,0.76530000000000009,1,7653
8601,B,1.3297000000000001,0,13297
8602,A,0.60010000000000008,1,6001
8602,B,0.48300000000000004,0,4830
8603,A,0.31709999999999999,1,3171
8603,B,0.3458,0,3458
8604,A,0.307,1,3070
8604,B,3.0266000000000002,0,30266
8605,A,1.0517000000000001,1,10517
8605,B,1.1854,1,11854
8606,A,0.74109999999999998,1,7411
8606,B,0.30740000000000001,0,3074
8607,A,1.0096000000000001,1,10096
8607,B,1.5195000000000001,1,15195
8608,A,0.4783,1,4783
8608,B,0.75460000000000005,0,7546
8609,A,0.50390000000000001,1,5039
8609,B,0.81470000000000009,0,8147
8610,A,1.1052999999999999,1,11053
8610,B,2.8551000000000002,1,28551
8611,A,0.59910000000000008,1,5991
8611,B,0.69890000000000008,1,6989
8612,A,1.2551000000000001,1,12551
8612,B,0.95640000000000003,1,9564
8613,A,0.70310000000000006,1,7031
8613,B,0.45700000000000002,0,4570
8614,A,1.2417,1,12417
8614,B,1.1055000000000001,1,11055
8615,A,0.7369,1,7369
8615,B,3.9159000000000002,0,39159
8616,A,1.4769000000000001,1,14769
8616,B,0.81510000000000005,0,8151
8617,A,1.2973000000000001,1,12973
8617,B,0.23000000000000001,0,2300
8618,A,0.38970000000000005,1,3897
8618,B,1.9263000000000001,1,19263
8619,A,1.9908000000000001,1,19908
8619,B,4.423,1,44230
8620,A,1.0929,1,10929
8620,B,1.5053000000000001,1,15053
8621,A,0.60860000000000003,1,6086
8621,B,0.7984,0,7984
8622,A,0.60999999999999999,1,6100
8622,B,0.62490000000000001,0,6249
8623,A,0.43930000000000002,1,4393
8623,B,0.36130000000000001,0,3613
8624,A,0.54559999999999997,1,5456
8624,B,0.68380000000000007,0,6838
8625,A,2.0021,1,20021
8625,B,1.7464000000000002,0,17464
8626,A,1.3426,1,13426
8626,B,1.8476000000000001,0,18476
8627,A,1.4769000000000001,1,14769
8627,B,0.67959999999999998,1,6796
8628,A,0.62760000000000005,1,6276
8628,B,0.44790000000000002,0,4479
8629,A,0.46060000000000001,1,4606
8629,B,0.36849999999999999,0,3685
8630,A,0.53580000000000005,1,5358
8630,B,2.3848000000000003,0,23848
8631,A,0.29350000000000004,1,2935
8631,B,1.9624000000000001,0,19624
8632,A,1.087,1,10870
8632,B,0.4667,0,4667
8633,A,0.91110000000000002,1,9111
8633,B,0.37320000000000003,0,3732
8634,A,0.61599999999999999,1,6160
8634,B,0.56600000000000006,1,5660
8635,A,1.7329000000000001,1,17329
8635,B,0.86360000000000003,0,8636
8636,A,1.8682000000000001,1,18682
8636,B,1.6345000000000001,1,16345
8637,A,0.79520000000000002,1,7952
8637,B,2.7383000000000002,0,27383
8638,A,1.6831,1,16831
8638,B,2.9297,0,29297
8639,A,0.98080000000000001,1,9808
8639,B,0.74399999999999999,0,7440
8640,A,1.8055000000000001,1,18055
8640,B,0.94880000000000009,1,9488
8641,A,0.33850000000000002,1,3385
8641,B,0.70500000000000007,0,7050
8642,A,0.42380000000000001,1,4238
8642,B,1.7330000000000001,0,17330
8643,A,0.91200000000000003,0,9120
8643,B,0.45810000000000001,1,4581
8644,A,1.6701000000000001,1,16701
8644,B,2.6945000000000001,0,26945
8645,A,0.70340000000000003,1,7034
8645,B,0.85060000000000002,0,8506
8646,A,0.65280000000000005,1,6528
8646,B,0.56990000000000007,0,5699
8647,A,0.79500000000000004,1,7950
8647,B,0.80020000000000002,0,8002
8648,A,0.73470000000000002,1,7347
8648,B,2.1506000000000003,0,21506
8649,A,1.0358000000000001,1,10358
8649,B,3.1695000000000002,1,31695
8650,A,1.0639000000000001,1,10639
8650,B,0.72320000000000007,1,7232
8651,A,0.60120000000000007,1,6012
8651,B,1.9673,1,19673
8652,A,0.4123,1,4123
8652,B,0.82000000000000006,0,8200
8653,A,1.5491000000000001,1,15491
8653,B,0.2069,0,2069
8654,A,0.49440000000000001,1,4944
8654,B,0.78439999999999999,0,7844
8655,A,0.55390000000000006,1,5539
8655,B,0.32240000000000002,0,3224
8656,A,1.4037000000000002,1,14037
8656,B,1.1020000000000001,0,11020
8657,A,0.97910000000000008,1,9791
8657,B,0.79320000000000002,1,7932
8658,A,0.47040000000000004,1,4704
8658,B,0.45910000000000001,0,4591
8659,A,0.60820000000000007,1,6082
8659,B,0.4703,0,4703
8660,A,1.7435,1,17435
8660,B,2.1762999999999999,0,21763
8661,A,0.63300000000000001,1,6330
8661,B,0.53139999999999998,0,5314
8662,A,0.73340000000000005,1,7334
8662,B,0.31870000000000004,0,3187
8663,A,0.47750000000000004,1,4775
8663,B,2.8513999999999999,1,28514
8664,A,1.2446000000000002,1,12446
8664,B,6.4736000000000002,1,64736
8665,A,1.3619000000000001,1,13619
8665,B,0.18990000000000001,0,1899
8666,A,0.57569999999999999,1,5757
8666,B,1.6452,1,16452
8667,A,0.61550000000000005,1,6155
8667,B,0.49720000000000003,0,4972
8668,A,0.65760000000000007,1,6576
8668,B,2.0827,0,20827
8669,A,2.0413999999999999,1,20414
8669,B,0.25020000000000003,0,2502
8670,A,0.34570000000000001,1,3457
8670,B,0.65560000000000007,1,6556
8671,A,0.19400000000000001,1,1940
8671,B,3.8021000000000003,0,38021
8672,A,0.71810000000000007,1,7181
8672,B,1.46,0,14600
8673,A,0.9618000000000001,1,9618
8673,B,0.92000000000000004,1,9200
8674,A,0.3322,1,3322
8674,B,1.8075000000000001,1,18075
8675,A,0.46790000000000004,1,4679
8675,B,1.1057000000000001,1,11057
8676,A,1.1435,1,11435
8676,B,0.43920000000000003,0,4392
8677,A,0.73030000000000006,1,7303
8677,B,0.22320000000000001,0,2232
8678,A,0.73550000000000004,1,7355
8678,B,1.8920000000000001,1,18920
8679,A,0.3674,1,3674
8679,B,0.4375,0,4375
8680,A,1.3083,1,13083
8680,B,1.1686000000000001,1,11686
8681,A,0.72799999999999998,1,7280
8681,B,0.63760000000000006,0,6376
8682,A,0.78000000000000003,1,7800
8682,B,0.97700000000000009,1,9770
8683,A,0.65850000000000009,1,6585
8683,B,0.2291,0,2291
8684,A,1.3684000000000001,1,13684
8684,B,0.96050000000000002,0,9605
8685,A,0.58679999999999999,1,5868
8685,B,1.5406,0,15406
8686,A,0.49260000000000004,1,4926
8686,B,4.8825000000000003,1,48825
8687,A,1.4122000000000001,1,14122
8687,B,0.42100000000000004,0,4210
8688,A,0.26090000000000002,1,2609
8688,B,1.7000000000000002,0,17000
8689,A,0.41620000000000001,1,4162
8689,B,2.2195,0,22195
8690,A,0.90400000000000003,1,9040
8690,B,1.3561000000000001,1,13561
8691,A,2.3138000000000001,1,23138
8691,B,0.43990000000000001,0,4399
8692,A,0.37,1,3700
8692,B,0.65450000000000008,0,6545
8693,A,0.44490000000000002,1,4449
8693,B,0.28260000000000002,0,2826
8694,A,0.96030000000000004,1,9603
8694,B,0.8407,1,8407
8695,A,0.50650000000000006,1,5065
8695,B,2.0158,0,20158
8696,A,0.79050000000000009,1,7905
8696,B,1.2374000000000001,0,12374
8697,A,1.0696000000000001,1,10696
8697,B,1.9694,1,19694
8698,A,0.75630000000000008,1,7563
8698,B,0.28250000000000003,0,2825
8699,A,0.4642,1,4642
8699,B,2.4075000000000002,1,24075
8700,A,0.48250000000000004,1,4825
8700,B,0.43440000000000001,0,4344
8701,A,0.22770000000000001,1,2277
8701,B,0.35630000000000001,0,3563
8702,A,0.52639999999999998,1,5264
8702,B,0.30110000000000003,0,3011
8703,A,1.0430000000000001,1,10430
8703,B,2.1937000000000002,1,21937
8704,A,0.52050000000000007,1,5205
8704,B,1.4670000000000001,0,14670
8705,A,1.6215000000000002,1,16215
8705,B,0.88270000000000004,0,8827
8706,A,0.67590000000000006,1,6759
8706,B,1.3091000000000002,0,13091
8707,A,0.54749999999999999,1,5475
8707,B,1.7730000000000001,1,17730
8708,A,0.66210000000000002,1,6621
8708,B,2.5482,1,25482
8709,A,1.1434,1,11434
8709,B,0.48170000000000002,0,4817
8710,A,0.45810000000000001,1,4581
8710,B,5.1466000000000003,1,51466
8711,A,1.4856,1,14856
8711,B,1.7745000000000002,0,17745
8712,A,1.8014000000000001,0,18014
8712,B,0.62490000000000001,0,6249
8713,A,1.5469000000000002,1,15469
8713,B,0.87209999999999999,1,8721
8714,A,0.81620000000000004,1,8162
8714,B,1.0145,0,10145
8715,A,0.77660000000000007,1,7766
8715,B,0.52310000000000001,1,5231
8716,A,0.23230000000000001,1,2323
8716,B,0.61440000000000006,0,6144
8717,A,0.81110000000000004,1,8111
8717,B,1.8093000000000001,1,18093
8718,A,0.46310000000000001,1,4631
8718,B,1.7754000000000001,1,17754
8719,A,0.53649999999999998,1,5365
8719,B,1.8868,1,18868
8720,A,0.60589999999999999,1,6059
8720,B,0.54400000000000004,0,5440
8721,A,0.48700000000000004,1,4870
8721,B,0.45090000000000002,0,4509
8722,A,0.52339999999999998,1,5234
8722,B,1.1303000000000001,1,11303
8723,A,0.17650000000000002,1,1765
8723,B,1.3493000000000002,1,13493
8724,A,0.76300000000000001,1,7630
8724,B,0.73970000000000002,1,7397
8725,A,1.1611,1,11611
8725,B,1.4372,0,14372
8726,A,0.94750000000000001,1,9475
8726,B,2.1872000000000003,1,21872
8727,A,1.4395,1,14395
8727,B,2.6636000000000002,1,26636
8728,A,1.1196000000000002,1,11196
8728,B,3.4235000000000002,1,34235
8729,A,0.61560000000000004,1,6156
8729,B,0.81570000000000009,0,8157
8730,A,0.29320000000000002,1,2932
8730,B,0.84240000000000004,0,8424
8731,A,2.1128,1,21128
8731,B,1.2281,0,12281
8732,A,0.47860000000000003,1,4786
8732,B,0.57179999999999997,0,5718
8733,A,0.47190000000000004,1,4719
8733,B,0.3745,0,3745
8734,A,1.8489,1,18489
8734,B,2.6929000000000003,1,26929
8735,A,1.1661000000000001,1,11661
8735,B,0.52970000000000006,0,5297
8736,A,1.0027000000000001,1,10027
8736,B,0.079899999999999999,0,799
8737,A,1.1234999999999999,1,11235
8737,B,1.5385,1,15385
8738,A,0.6925,1,6925
8738,B,2.0811000000000002,1,20811
8739,A,0.54549999999999998,1,5455
8739,B,1.0854000000000001,0,10854
8740,A,0.82590000000000008,1,8259
8740,B,1.3301000000000001,0,13301
8741,A,1.8332000000000002,1,18332
8741,B,1.0373000000000001,0,10373
8742,A,0.57550000000000001,1,5755
8742,B,0.3896,0,3896
8743,A,0.36080000000000001,1,3608
8743,B,2.5292000000000003,0,25292
8744,A,0.84190000000000009,1,8419
8744,B,3.5802,1,35802
8745,A,1.3600000000000001,1,13600
8745,B,1.6463000000000001,0,16463
8746,A,0.8570000000000001,1,8570
8746,B,0.26790000000000003,0,2679
8747,A,0.8196,1,8196
8747,B,3.1869000000000001,1,31869
8748,A,1.0968,1,10968
8748,B,0.35050000000000003,0,3505
8749,A,0.73310000000000008,1,7331
8749,B,1.0434000000000001,0,10434
8750,A,0.57640000000000002,1,5764
8750,B,0.22520000000000001,0,2252
8751,A,0.72089999999999999,1,7209
8751,B,0.86840000000000006,1,8684
8752,A,0.97989999999999999,1,9799
8752,B,1.0319,0,10319
8753,A,0.29700000000000004,1,2970
8753,B,1.6952,0,16952
8754,A,0.31940000000000002,1,3194
8754,B,1.2003000000000001,0,12003
8755,A,0.81690000000000007,1,8169
8755,B,0.60510000000000008,0,6051
8756,A,0.8832000000000001,1,8832
8756,B,0.65639999999999998,0,6564
8757,A,0.63300000000000001,1,6330
8757,B,0.69540000000000002,0,6954
8758,A,0.3916,1,3916
8758,B,0.27350000000000002,0,2735
8759,A,0.83069999999999999,1,8307
8759,B,0.2366,0,2366
8760,A,0.46890000000000004,1,4689
8760,B,2.1513,0,21513
8761,A,0.58879999999999999,1,5888
8761,B,2.2970000000000002,1,22970
8762,A,1.6748000000000001,1,16748
8762,B,0.55410000000000004,0,5541
8763,A,0.74409999999999998,1,7441
8763,B,2.6058000000000003,0,26058
8764,A,0.64219999999999999,1,6422
8764,B,0.71950000000000003,0,7195
8765,A,2.0806,1,20806
8765,B,0.41910000000000003,0,4191
8766,A,0.86560000000000004,1,8656
8766,B,0.3916,0,3916
8767,A,0.79410000000000003,1,7941
8767,B,0.54990000000000006,0,5499
8768,A,1.0349000000000002,1,10349
8768,B,0.51319999999999999,0,5132
8769,A,0.54190000000000005,1,5419
8769,B,1.421,0,14210
8770,A,1.6966000000000001,1,16966
8770,B,0.49300000000000005,0,4930
8771,A,1.0256000000000001,1,10256
8771,B,0.64510000000000001,1,6451
8772,A,0.67070000000000007,1,6707
8772,B,1.5148000000000001,1,15148
8773,A,0.65310000000000001,1,6531
8773,B,2.3370000000000002,0,23370
8774,A,0.53739999999999999,1,5374
8774,B,0.50890000000000002,0,5089
8775,A,0.65290000000000004,1,6529
8775,B,1.2569000000000001,0,12569
8776,A,0.42780000000000001,1,4278
8776,B,2.7151000000000001,0,27151
8777,A,0.5917,1,5917
8777,B,3.5827,1,35827
8778,A,0.70190000000000008,1,7019
8778,B,1.4325000000000001,1,14325
8779,A,0.44750000000000001,1,4475
8779,B,0.90650000000000008,0,9065
8780,A,0.49520000000000003,1,4952
8780,B,0.36890000000000001,0,3689
8781,A,0.92400000000000004,1,9240
8781,B,0.42850000000000005,0,4285
8782,A,1.1503000000000001,1,11503
8782,B,1.2517,1,12517
8783,A,0.92260000000000009,1,9226
8783,B,2.4056999999999999,0,24057
8784,A,1.994,1,19940
8784,B,1.8576000000000001,1,18576
8785,A,0.9667,1,9667
8785,B,0.77440000000000009,0,7744
8786,A,0.73670000000000002,1,7367
8786,B,0.84730000000000005,0,8473
8787,A,0.94310000000000005,1,9431
8787,B,0.65280000000000005,0,6528
8788,A,0.61080000000000001,1,6108
8788,B,1.8678000000000001,0,18678
8789,A,0.67360000000000009,1,6736
8789,B,1.6221000000000001,0,16221
8790,A,1.4146000000000001,1,14146
8790,B,0.67270000000000008,1,6727
8791,A,0.7389,1,7389
8791,B,4.3990999999999998,1,43991
8792,A,1.5738000000000001,1,15738
8792,B,0.24260000000000001,0,2426
8793,A,1.2570000000000001,1,12570
8793,B,0.30760000000000004,0,3076
8794,A,0.59860000000000002,1,5986
8794,B,1.9085000000000001,0,19085
8795,A,0.82750000000000001,1,8275
8795,B,0.82120000000000004,1,8212
8796,A,0.79480000000000006,1,7948
8796,B,1.7913000000000001,1,17913
8797,A,0.36060000000000003,1,3606
8797,B,1.1206,1,11206
8798,A,0.84160000000000001,1,8416
8798,B,0.9123,0,9123
8799,A,0.73420000000000007,1,7342
8799,B,2.8985000000000003,1,28985
8800,A,0.55310000000000004,1,5531
8800,B,1.0029000000000001,0,10029
8801,A,1.2538,1,12538
8801,B,0.84320000000000006,0,8432
8802,A,0.69710000000000005,1,6971
8802,B,0.38470000000000004,0,3847
8803,A,0.61940000000000006,1,6194
8803,B,1.8674000000000002,0,18674
8804,A,0.58820000000000006,1,5882
8804,B,0.43810000000000004,1,4381
8805,A,0.32890000000000003,1,3289
8805,B,0.8488,0,8488
8806,A,1.0299,1,10299
8806,B,0.52650000000000008,1,5265
8807,A,0.85150000000000003,1,8515
8807,B,0.40600000000000003,0,4060
8808,A,0.75990000000000002,1,7599
8808,B,2.5909,0,25909
8809,A,0.73720000000000008,1,7372
8809,B,1.0329000000000002,1,10329
8810,A,0.65390000000000004,1,6539
8810,B,0.99110000000000009,1,9911
8811,A,0.745,1,7450
8811,B,1.9038000000000002,1,19038
8812,A,0.3695,1,3695
8812,B,1.2635000000000001,1,12635
8813,A,1.2552000000000001,1,12552
8813,B,0.79630000000000001,0,7963
8814,A,0.9084000000000001,1,9084
8814,B,0.35580000000000001,0,3558
8815,A,0.34370000000000001,1,3437
8815,B,0.31850000000000001,0,3185
8816,A,0.67900000000000005,1,6790
8816,B,0.42280000000000001,0,4228
8817,A,0.77890000000000004,1,7789
8817,B,1.6922000000000001,1,16922
8818,A,0.2147,1,2147
8818,B,0.71889999999999998,0,7189
8819,A,0.8831,1,8831
8819,B,0.77910000000000001,1,7791
8820,A,0.59520000000000006,1,5952
8820,B,0.68010000000000004,0,6801
8821,A,0.71260000000000001,1,7126
8821,B,4.9321999999999999,0,49322
8822,A,0.85330000000000006,1,8533
8822,B,1.2203000000000002,1,12203
8823,A,1.4844000000000002,1,14844
8823,B,0.61299999999999999,0,6130
8824,A,0.37809999999999999,1,3781
8824,B,1.1884000000000001,1,11884
8825,A,1.2890000000000001,1,12890
8825,B,0.498,0,4980
8826,A,1.6298000000000001,1,16298
8826,B,1.0464,0,10464
8827,A,0.33250000000000002,0,3325
8827,B,1.0468999999999999,0,10469
8828,A,0.63590000000000002,1,6359
8828,B,0.3468,0,3468
8829,A,0.52460000000000007,1,5246
8829,B,0.93940000000000001,0,9394
8830,A,1.6027,1,16027
8830,B,0.9487000000000001,0,9487
8831,A,0.55470000000000008,1,5547
8831,B,0.85520000000000007,0,8552
8832,A,1.3638000000000001,1,13638
8832,B,0.57040000000000002,0,5704
8833,A,1.0873000000000002,1,10873
8833,B,0.48370000000000002,0,4837
8834,A,0.97440000000000004,1,9744
8834,B,0.89650000000000007,0,8965
8835,A,0.38570000000000004,1,3857
8835,B,0.67070000000000007,0,6707
8836,A,1.2571000000000001,1,12571
8836,B,0.45690000000000003,0,4569
8837,A,0.85320000000000007,1,8532
8837,B,0.36460000000000004,0,3646
8838,A,1.0563,1,10563
8838,B,1.1464000000000001,1,11464
8839,A,0.73770000000000002,1,7377
8839,B,0.55710000000000004,1,5571
8840,A,0.88670000000000004,1,8867
8840,B,1.5523,1,15523
8841,A,1.1874,1,11874
8841,B,0.72930000000000006,0,7293
8842,A,1.1165,1,11165
8842,B,1.0192000000000001,0,10192
8843,A,0.76829999999999998,1,7683
8843,B,1.0895000000000001,1,10895
8844,A,0.24150000000000002,0,2415
8844,B,0.88480000000000003,1,8848
8845,A,0.26930000000000004,1,2693
8845,B,0.45880000000000004,1,4588
8846,A,0.95230000000000004,1,9523
8846,B,0.39540000000000003,0,3954
8847,A,0.43710000000000004,1,4371
8847,B,0.11840000000000001,0,1184
8848,A,0.60920000000000007,1,6092
8848,B,0.6774,0,6774
8849,A,0.33879999999999999,1,3388
8849,B,0.2029,0,2029
8850,A,0.62140000000000006,1,6214
8850,B,1.0691000000000002,0,10691
8851,A,1.0916000000000001,1,10916
8851,B,0.33280000000000004,0,3328
8852,A,0.56110000000000004,1,5611
8852,B,3.6361000000000003,0,36361
8853,A,0.65629999999999999,1,6563
8853,B,2.2877000000000001,1,22877
8854,A,0.54510000000000003,1,5451
8854,B,1.0627,1,10627
8855,A,0.74160000000000004,1,7416
8855,B,0.84130000000000005,0,8413
8856,A,0.3463,1,3463
8856,B,1.2305000000000001,1,12305
8857,A,0.4108,1,4108
8857,B,1.6278000000000001,1,16278
8858,A,0.51270000000000004,1,5127
8858,B,1.1085,1,11085
8859,A,1.0273000000000001,1,10273
8859,B,2.4333,1,24333
8860,A,1.1644000000000001,1,11644
8860,B,0.30499999999999999,0,3050
8861,A,1.8053000000000001,1,18053
8861,B,0.52770000000000006,0,5277
8862,A,0.33779999999999999,1,3378
8862,B,1.2911000000000001,1,12911
8863,A,0.69440000000000002,1,6944
8863,B,0.78570000000000007,0,7857
8864,A,0.72420000000000007,1,7242
8864,B,2.4197000000000002,0,24197
8865,A,0.77090000000000003,1,7709
8865,B,0.58860000000000001,0,5886
8866,A,0.72450000000000003,1,7245
8866,B,0.9123,1,9123
8867,A,0.73370000000000002,1,7337
8867,B,1.0885,0,10885
8868,A,1.2490000000000001,1,12490
8868,B,0.28460000000000002,0,2846
8869,A,0.36120000000000002,1,3612
8869,B,1.1319000000000001,0,11319
8870,A,0.74320000000000008,1,7432
8870,B,0.70479999999999998,0,7048
8871,A,0.38680000000000003,1,3868
8871,B,0.78039999999999998,0,7804
8872,A,0.87940000000000007,1,8794
8872,B,1.0217000000000001,0,10217
8873,A,0.37670000000000003,1,3767
8873,B,0.48280000000000001,0,4828
8874,A,0.47170000000000001,1,4717
8874,B,0.17810000000000001,0,1781
8875,A,0.60220000000000007,1,6022
8875,B,0.54180000000000006,0,5418
8876,A,0.27550000000000002,1,2755
8876,B,0.45750000000000002,0,4575
8877,A,0.46380000000000005,1,4638
8877,B,0.31120000000000003,0,3112
8878,A,0.6089,1,6089
8878,B,2.2852000000000001,0,22852
8879,A,0.47600000000000003,0,4760
8879,B,1.8167,1,18167
8880,A,1.6965000000000001,1,16965
8880,B,0.77640000000000009,0,7764
8881,A,1.177,1,11770
8881,B,1.6835,1,16835
8882,A,1.0614000000000001,1,10614
8882,B,2.0981000000000001,0,20981
8883,A,0.43680000000000002,1,4368
8883,B,2.4412000000000003,1,24412
8884,A,1.012,1,10120
8884,B,0.26490000000000002,0,2649
8885,A,0.28470000000000001,1,2847
8885,B,0.5262,0,5262
8886,A,0.94320000000000004,1,9432
8886,B,3.1110000000000002,0,31110
8887,A,0.67000000000000004,1,6700
8887,B,1.3834,1,13834
8888,A,0.61199999999999999,1,6120
8888,B,0.82810000000000006,0,8281
8889,A,1.0796000000000001,1,10796
8889,B,0.60430000000000006,0,6043
8890,A,0.8851,1,8851
8890,B,0.5474,1,5474
8891,A,0.51980000000000004,1,5198
8891,B,0.82050000000000001,0,8205
8892,A,0.37020000000000003,1,3702
8892,B,0.79820000000000002,1,7982
8893,A,0.51829999999999998,1,5183
8893,B,1.2531000000000001,0,12531
8894,A,0.61720000000000008,1,6172
8894,B,0.70320000000000005,0,7032
8895,A,0.80290000000000006,1,8029
8895,B,2.0072000000000001,0,20072
8896,A,0.81170000000000009,1,8117
8896,B,1.3351,1,13351
8897,A,0.44440000000000002,1,4444
8897,B,2.0030999999999999,1,20031
8898,A,1.4698,1,14698
8898,B,3.0625,0,30625
8899,A,0.40160000000000001,1,4016
8899,B,0.53180000000000005,1,5318
8900,A,0.50340000000000007,1,5034
8900,B,0.84320000000000006,0,8432
8901,A,0.66560000000000008,1,6656
8901,B,2.488,0,24880
8902,A,2.3567,1,23567
8902,B,6.4292000000000007,0,64292
8903,A,0.48160000000000003,1,4816
8903,B,0.74870000000000003,0,7487
8904,A,0.72620000000000007,1,7262
8904,B,0.52090000000000003,0,5209
8905,A,0.76900000000000002,1,7690
8905,B,0.85750000000000004,1,8575
8906,A,0.5867,1,5867
8906,B,0.62170000000000003,0,6217
8907,A,1.4296,1,14296
8907,B,2.9610000000000003,1,29610
8908,A,1.3636000000000001,1,13636
8908,B,0.37759999999999999,0,3776
8909,A,0.63300000000000001,1,6330
8909,B,1.7218,0,17218
8910,A,0.70379999999999998,1,7038
8910,B,0.75570000000000004,0,7557
8911,A,0.78110000000000002,1,7811
8911,B,0.7077,0,7077
8912,A,0.60770000000000002,1,6077
8912,B,2.0498000000000003,1,20498
8913,A,0.437,1,4370
8913,B,0.5363,1,5363
8914,A,0.66649999999999998,1,6665
8914,B,2.367,0,23670
8915,A,0.2472,0,2472
8915,B,0.19360000000000002,0,1936
8916,A,1.1372,1,11372
8916,B,0.42430000000000001,0,4243
8917,A,0.91900000000000004,1,9190
8917,B,2.3245,0,23245
8918,A,2.1505000000000001,1,21505
8918,B,0.27929999999999999,0,2793
8919,A,0.91420000000000001,1,9142
8919,B,1.5603,0,15603
8920,A,1.2639,1,12639
8920,B,0.41660000000000003,0,4166
8921,A,0.4128,1,4128
8921,B,0.45800000000000002,1,4580
8922,A,0.221,1,2210
8922,B,0.53549999999999998,0,5355
8923,A,0.72320000000000007,1,7232
8923,B,1.6766000000000001,1,16766
8924,A,0.93230000000000002,1,9323
8924,B,0.88480000000000003,0,8848
8925,A,0.87809999999999999,1,8781
8925,B,1.8885000000000001,1,18885
8926,A,1.1294999999999999,1,11295
8926,B,1.3656000000000001,0,13656
8927,A,0.62250000000000005,0,6225
8927,B,0.91120000000000001,0,9112
8928,A,0.89690000000000003,1,8969
8928,B,1.4517,0,14517
8929,A,0.69790000000000008,1,6979
8929,B,0.24840000000000001,0,2484
8930,A,1.1162000000000001,1,11162
8930,B,1.7349000000000001,0,17349
8931,A,0.43970000000000004,1,4397
8931,B,0.1144,0,1144
8932,A,1.1659000000000002,1,11659
8932,B,0.71440000000000003,0,7144
8933,A,0.66410000000000002,1,6641
8933,B,0.25790000000000002,0,2579
8934,A,0.50880000000000003,1,5088
8934,B,0.73699999999999999,0,7370
8935,A,1.0498000000000001,1,10498
8935,B,1.0543,0,10543
8936,A,0.43880000000000002,1,4388
8936,B,0.44280000000000003,0,4428
8937,A,0.71789999999999998,1,7179
8937,B,0.1479,0,1479
8938,A,0.38100000000000001,1,3810
8938,B,2.2779000000000003,1,22779
8939,A,0.35300000000000004,0,3530
8939,B,0.3382,0,3382
8940,A,1.1019000000000001,1,11019
8940,B,0.70250000000000001,0,7025
8941,A,1.0988,1,10988
8941,B,0.14130000000000001,0,1413
8942,A,0.62640000000000007,1,6264
8942,B,0.52339999999999998,0,5234
8943,A,1.0691000000000002,1,10691
8943,B,1.1753,0,11753
8944,A,1.8961000000000001,1,18961
8944,B,0.7218,0,7218
8945,A,0.53170000000000006,1,5317
8945,B,2.1064000000000003,1,21064
8946,A,0.43190000000000001,1,4319
8946,B,3.2187000000000001,1,32187
8947,A,0.6421,1,6421
8947,B,2.5457000000000001,0,25457
8948,A,0.7581,1,7581
8948,B,0.71689999999999998,0,7169
8949,A,0.6996,1,6996
8949,B,0.99540000000000006,1,9954
8950,A,0.59599999999999997,1,5960
8950,B,0.32340000000000002,0,3234
8951,A,0.84910000000000008,1,8491
8951,B,2.3408000000000002,0,23408
8952,A,0.65550000000000008,1,6555
8952,B,1.1825000000000001,0,11825
8953,A,0.55080000000000007,0,5508
8953,B,0.4647,1,4647
8954,A,0.77340000000000009,1,7734
8954,B,2.0777000000000001,1,20777
8955,A,0.3876,1,3876
8955,B,0.4834,0,4834
8956,A,0.37730000000000002,1,3773
8956,B,1.7015,0,17015
8957,A,0.50030000000000008,1,5003
8957,B,1.0091000000000001,0,10091
8958,A,0.64380000000000004,1,6438
8958,B,1.034,0,10340
8959,A,0.73040000000000005,1,7304
8959,B,0.23980000000000001,0,2398
8960,A,0.56110000000000004,1,5611
8960,B,5.1353,0,51353
8961,A,1.7696000000000001,1,17696
8961,B,0.45100000000000001,0,4510
8962,A,0.66570000000000007,1,6657
8962,B,1.1588000000000001,0,11588
8963,A,0.52460000000000007,1,5246
8963,B,0.25509999999999999,0,2551
8964,A,0.71950000000000003,1,7195
8964,B,0.4698,0,4698
8965,A,0.53000000000000003,1,5300
8965,B,0.55030000000000001,0,5503
8966,A,1.0152000000000001,1,10152
8966,B,0.72770000000000001,1,7277
8967,A,0.68500000000000005,0,6850
8967,B,1.1855,1,11855
8968,A,0.49490000000000001,1,4949
8968,B,0.60699999999999998,1,6070
8969,A,0.98520000000000008,1,9852
8969,B,1.7060000000000002,1,17060
8970,A,1.774,1,17740
8970,B,1.7203000000000002,0,17203
8971,A,0.1598,1,1598
8971,B,1.8262,0,18262
8972,A,0.61940000000000006,1,6194
8972,B,1.3514000000000002,0,13514
8973,A,0.55000000000000004,1,5500
8973,B,0.4294,1,4294
8974,A,0.59560000000000002,1,5956
8974,B,0.27040000000000003,0,2704
8975,A,0.4224,1,4224
8975,B,0.47310000000000002,1,4731
8976,A,0.62109999999999999,1,6211
8976,B,0.2046,0,2046
8977,A,0.50019999999999998,1,5002
8977,B,3.1040000000000001,0,31040
8978,A,1.1405000000000001,1,11405
8978,B,1.4396,0,14396
8979,A,0.75900000000000001,1,7590
8979,B,1.4910000000000001,0,14910
8980,A,0.63870000000000005,1,6387
8980,B,0.77970000000000006,0,7797
8981,A,0.45730000000000004,1,4573
8981,B,1.6548,0,16548
8982,A,0.64800000000000002,1,6480
8982,B,2.1630000000000003,0,21630
8983,A,0.4723,1,4723
8983,B,5.0733000000000006,0,50733
8984,A,1.1115000000000002,1,11115
8984,B,3.3210000000000002,0,33210
8985,A,1.6389,1,16389
8985,B,1,0,10000
8986,A,0.35700000000000004,1,3570
8986,B,0.28170000000000001,1,2817
8987,A,0.62919999999999998,1,6292
8987,B,2.1899000000000002,1,21899
8988,A,1.2665,1,12665
8988,B,2.1108000000000002,0,21108
8989,A,0.63140000000000007,1,6314
8989,B,0.29320000000000002,0,2932
8990,A,0.93870000000000009,1,9387
8990,B,0.26530000000000004,0,2653
8991,A,0.46450000000000002,1,4645
8991,B,0.42110000000000003,0,4211
8992,A,0.77250000000000008,1,7725
8992,B,0.77850000000000008,0,7785
8993,A,1.117,1,11170
8993,B,0.50290000000000001,0,5029
8994,A,0.53880000000000006,1,5388
8994,B,2.1415999999999999,0,21416
8995,A,0.24260000000000001,1,2426
8995,B,0.498,0,4980
8996,A,0.34350000000000003,1,3435
8996,B,0.41270000000000001,0,4127
8997,A,0.38030000000000003,1,3803
8997,B,1.5452000000000001,1,15452
8998,A,2.1043000000000003,1,21043
8998,B,0.3458,0,3458
8999,A,1.2253000000000001,1,12253
8999,B,0.3024,0,3024
9000,A,0.45740000000000003,1,4574
9000,B,1.9575,1,19575
9001,A,1.2888000000000002,1,12888
9001,B,0.30690000000000001,1,3069
9002,A,0.71620000000000006,1,7162
9002,B,1.3276000000000001,0,13276
9003,A,1.2682,1,12682
9003,B,0.38820000000000005,0,3882
9004,A,0.54280000000000006,1,5428
9004,B,1.2494000000000001,0,12494
9005,A,0.98240000000000005,1,9824
9005,B,1.7619,0,17619
9006,A,0.69390000000000007,1,6939
9006,B,0.1782,0,1782
9007,A,0.62419999999999998,1,6242
9007,B,1.4156,0,14156
9008,A,0.35070000000000001,1,3507
9008,B,1.462,0,14620
9009,A,0.83510000000000006,1,8351
9009,B,3.6660000000000004,1,36660
9010,A,0.32919999999999999,1,3292
9010,B,0.27700000000000002,0,2770
9011,A,0.43620000000000003,1,4362
9011,B,0.87830000000000008,1,8783
9012,A,1.2036,1,12036
9012,B,1.0456000000000001,0,10456
9013,A,0.70710000000000006,1,7071
9013,B,0.56259999999999999,1,5626
9014,A,0.47700000000000004,1,4770
9014,B,2.0150999999999999,0,20151
9015,A,0.62919999999999998,1,6292
9015,B,1.01,1,10100
9016,A,1.1225000000000001,0,11225
9016,B,0.60499999999999998,0,6050
9017,A,0.88550000000000006,1,8855
9017,B,0.52590000000000003,0,5259
9018,A,1.7243000000000002,1,17243
9018,B,1.3340000000000001,0,13340
9019,A,0.21560000000000001,0,2156
9019,B,0.34610000000000002,0,3461
9020,A,1.2630000000000001,1,12630
9020,B,0.44270000000000004,0,4427
9021,A,0.59040000000000004,1,5904
9021,B,0.4703,0,4703
9022,A,1.163,1,11630
9022,B,0.26000000000000001,0,2600
9023,A,0.5131,1,5131
9023,B,2.3925000000000001,0,23925
9024,A,1.2857000000000001,1,12857
9024,B,0.3921,0,3921
9025,A,2.0843000000000003,1,20843
9025,B,2.2749999999999999,1,22750
9026,A,0.64980000000000004,1,6498
9026,B,0.52010000000000001,0,5201
9027,A,0.95110000000000006,1,9511
9027,B,0.59200000000000008,0,5920
9028,A,0.57710000000000006,1,5771
9028,B,5.9272,1,59272
9029,A,2.1366000000000001,1,21366
9029,B,0.9375,0,9375
9030,A,1.1383000000000001,1,11383
9030,B,0.22290000000000001,0,2229
9031,A,0.95850000000000002,1,9585
9031,B,0.55110000000000003,0,5511
9032,A,0.85320000000000007,1,8532
9032,B,1.2638,0,12638
9033,A,1.0857000000000001,1,10857
9033,B,1.4515,1,14515
9034,A,0.6018,1,6018
9034,B,0.1681,0,1681
9035,A,0.83190000000000008,1,8319
9035,B,0.16820000000000002,0,1682
9036,A,1.1308,1,11308
9036,B,1.504,1,15040
9037,A,1.079,1,10790
9037,B,0.13440000000000002,0,1344
9038,A,0.81310000000000004,1,8131
9038,B,0.88060000000000005,1,8806
9039,A,1.1883000000000001,1,11883
9039,B,0.76450000000000007,1,7645
9040,A,0.87830000000000008,1,8783
9040,B,1.1801000000000001,0,11801
9041,A,0.5635,1,5635
9041,B,1.7337,0,17337
9042,A,0.9839,1,9839
9042,B,0.69650000000000001,0,6965
9043,A,0.66270000000000007,1,6627
9043,B,1.1649,0,11649
9044,A,0.89500000000000002,1,8950
9044,B,1.4583000000000002,0,14583
9045,A,1.5779000000000001,1,15779
9045,B,0.27590000000000003,0,2759
9046,A,0.77760000000000007,1,7776
9046,B,0.59420000000000006,0,5942
9047,A,0.43180000000000002,0,4318
9047,B,1.8566,0,18566
9048,A,1.014,1,10140
9048,B,0.91260000000000008,0,9126
9049,A,0.40160000000000001,1,4016
9049,B,4.4244000000000003,0,44244
9050,A,1.3698000000000001,1,13698
9050,B,0.41360000000000002,0,4136
9051,A,0.31109999999999999,1,3111
9051,B,0.99330000000000007,0,9933
9052,A,0.30590000000000001,1,3059
9052,B,0.59230000000000005,0,5923
9053,A,0.73330000000000006,1,7333
9053,B,0.88430000000000009,0,8843
9054,A,0.25440000000000002,0,2544
9054,B,2.1584000000000003,0,21584
9055,A,0.44359999999999999,1,4436
9055,B,1.9601000000000002,0,19601
9056,A,0.86970000000000003,1,8697
9056,B,1.0407,0,10407
9057,A,0.93060000000000009,1,9306
9057,B,0.6139,1,6139
9058,A,0.3533,1,3533
9058,B,0.748,1,7480
9059,A,0.72250000000000003,1,7225
9059,B,0.37180000000000002,0,3718
9060,A,0.60610000000000008,1,6061
9060,B,1.3857000000000002,0,13857
9061,A,0.77480000000000004,1,7748
9061,B,1.3293000000000001,0,13293
9062,A,0.34590000000000004,1,3459
9062,B,4.4790999999999999,1,44791
9063,A,1.3032000000000001,1,13032
9063,B,3.1636000000000002,1,31636
9064,A,2.4258999999999999,1,24259
9064,B,0.4274,0,4274
9065,A,0.67230000000000001,1,6723
9065,B,1.8022,1,18022
9066,A,0.31900000000000001,1,3190
9066,B,1.1789000000000001,1,11789
9067,A,1.0256000000000001,1,10256
9067,B,0.19740000000000002,0,1974
9068,A,0.77729999999999999,1,7773
9068,B,1.3240000000000001,0,13240
9069,A,0.85160000000000002,1,8516
9069,B,0.84230000000000005,1,8423
9070,A,1.0152000000000001,1,10152
9070,B,0.28310000000000002,0,2831
9071,A,0.42550000000000004,1,4255
9071,B,1.8238000000000001,1,18238
9072,A,1.1298000000000001,1,11298
9072,B,1.0150000000000001,1,10150
9073,A,0.80130000000000001,1,8013
9073,B,0.27979999999999999,0,2798
9074,A,0.68759999999999999,1,6876
9074,B,1.5469000000000002,0,15469
9075,A,1.5507,1,15507
9075,B,0.3019,0,3019
9076,A,1.4726000000000001,1,14726
9076,B,0.64590000000000003,0,6459
9077,A,0.48580000000000001,1,4858
9077,B,0.48120000000000002,0,4812
9078,A,0.56120000000000003,1,5612
9078,B,0.57320000000000004,0,5732
9079,A,0.31940000000000002,1,3194
9079,B,0.59120000000000006,0,5912
9080,A,1.1579000000000002,1,11579
9080,B,0.44340000000000002,0,4434
9081,A,0.85850000000000004,1,8585
9081,B,2.9205000000000001,1,29205
9082,A,0.43930000000000002,1,4393
9082,B,1.6665000000000001,1,16665
9083,A,0.60120000000000007,1,6012
9083,B,0.70540000000000003,0,7054
9084,A,0.29910000000000003,1,2991
9084,B,3.3157000000000001,1,33157
9085,A,0.5393,1,5393
9085,B,0.2172,0,2172
9086,A,0.621,1,6210
9086,B,1.3767,1,13767
9087,A,1.7359,1,17359
9087,B,3.21,1,32100
9088,A,1.0057,1,10057
9088,B,0.6915,0,6915
9089,A,0.23390000000000002,1,2339
9089,B,1.3493000000000002,0,13493
9090,A,0.32850000000000001,1,3285
9090,B,0.45000000000000001,0,4500
9091,A,0.68259999999999998,1,6826
9091,B,0.51390000000000002,0,5139
9092,A,0.48670000000000002,1,4867
9092,B,0.3574,0,3574
9093,A,1.2610000000000001,1,12610
9093,B,2.0155000000000003,1,20155
9094,A,1.0297000000000001,1,10297
9094,B,1.6850000000000001,0,16850
9095,A,1.1540000000000001,1,11540
9095,B,0.1646,0,1646
9096,A,2.0522,1,20522
9096,B,0.21540000000000001,0,2154
9097,A,0.6472,1,6472
9097,B,2.2524999999999999,1,22525
9098,A,0.79349999999999998,1,7935
9098,B,0.27210000000000001,0,2721
9099,A,0.91800000000000004,1,9180
9099,B,0.67800000000000005,0,6780
9100,A,1.0713000000000001,1,10713
9100,B,0.53190000000000004,0,5319
9101,A,0.42730000000000001,1,4273
9101,B,2.1851000000000003,1,21851
9102,A,0.56020000000000003,1,5602
9102,B,0.40440000000000004,0,4044
9103,A,0.56620000000000004,1,5662
9103,B,1.4407000000000001,1,14407
9104,A,2.0972,1,20972
9104,B,2.0806,0,20806
9105,A,1.1867000000000001,1,11867
9105,B,0.94410000000000005,0,9441
9106,A,0.56480000000000008,1,5648
9106,B,0.68580000000000008,1,6858
9107,A,0.79480000000000006,1,7948
9107,B,0.61450000000000005,0,6145
9108,A,0.64040000000000008,1,6404
9108,B,0.44690000000000002,0,4469
9109,A,0.95960000000000001,1,9596
9109,B,0.22120000000000001,0,2212
9110,A,0.31220000000000003,1,3122
9110,B,0.67780000000000007,0,6778
9111,A,0.4859,1,4859
9111,B,3.3694999999999999,1,33695
9112,A,0.45930000000000004,1,4593
9112,B,0.32940000000000003,0,3294
9113,A,1.8365,1,18365
9113,B,0.43160000000000004,0,4316
9114,A,1.1941000000000002,1,11941
9114,B,0.74409999999999998,1,7441
9115,A,0.46810000000000002,1,4681
9115,B,2.7128000000000001,1,27128
9116,A,0.5897,1,5897
9116,B,0.98510000000000009,0,9851
9117,A,0.35489999999999999,1,3549
9117,B,1.2457,1,12457
9118,A,0.59650000000000003,1,5965
9118,B,0.63519999999999999,1,6352
9119,A,0.70669999999999999,1,7067
9119,B,0.69159999999999999,0,6916
9120,A,0.95030000000000003,1,9503
9120,B,0.55000000000000004,0,5500
9121,A,2.1241000000000003,1,21241
9121,B,0.73150000000000004,0,7315
9122,A,0.96140000000000003,1,9614
9122,B,1.7663,1,17663
9123,A,0.56850000000000001,1,5685
9123,B,0.89230000000000009,0,8923
9124,A,0.62670000000000003,1,6267
9124,B,1.4164000000000001,1,14164
9125,A,1.4489000000000001,1,14489
9125,B,6.5020000000000007,1,65020
9126,A,1.6466000000000001,1,16466
9126,B,1.5512000000000001,0,15512
9127,A,0.37130000000000002,1,3713
9127,B,2.0546000000000002,1,20546
9128,A,0.98260000000000003,1,9826
9128,B,1.4452,1,14452
9129,A,0.70400000000000007,1,7040
9129,B,2.1263000000000001,1,21263
9130,A,0.62680000000000002,1,6268
9130,B,0.76300000000000001,0,7630
9131,A,1.8469,1,18469
9131,B,5.9119000000000002,1,59119
9132,A,0.77490000000000003,1,7749
9132,B,0.15160000000000001,0,1516
9133,A,0.5484,1,5484
9133,B,1.7561,1,17561
9134,A,1.4974000000000001,1,14974
9134,B,0.30670000000000003,1,3067
9135,A,0.43830000000000002,1,4383
9135,B,2.3580000000000001,0,23580
9136,A,0.39650000000000002,1,3965
9136,B,0.39660000000000001,0,3966
9137,A,2.2730000000000001,1,22730
9137,B,0.29700000000000004,0,2970
9138,A,0.70269999999999999,1,7027
9138,B,0.81900000000000006,0,8190
9139,A,1.3254000000000001,1,13254
9139,B,0.80080000000000007,0,8008
9140,A,0.70490000000000008,1,7049
9140,B,3.4291,1,34291
9141,A,0.94330000000000003,1,9433
9141,B,0.85410000000000008,0,8541
9142,A,0.74670000000000003,1,7467
9142,B,0.41410000000000002,0,4141
9143,A,1.0530000000000002,1,10530
9143,B,0.66920000000000002,0,6692
9144,A,0.65290000000000004,1,6529
9144,B,0.19120000000000001,0,1912
9145,A,1.4079000000000002,0,14079
9145,B,1.2365000000000002,0,12365
9146,A,0.9728,1,9728
9146,B,1.1172,0,11172
9147,A,1.3713,1,13713
9147,B,0.27479999999999999,0,2748
9148,A,0.89370000000000005,1,8937
9148,B,0.45230000000000004,0,4523
9149,A,0.40800000000000003,1,4080
9149,B,0.3004,1,3004
9150,A,1.2846,0,12846
9150,B,2.1715,0,21715
9151,A,0.93520000000000003,1,9352
9151,B,3.6837,1,36837
9152,A,0.71389999999999998,1,7139
9152,B,0.39660000000000001,0,3966
9153,A,0.57010000000000005,0,5701
9153,B,0.28439999999999999,0,2844
9154,A,0.45530000000000004,1,4553
9154,B,0.35400000000000004,0,3540
9155,A,1.4482000000000002,0,14482
9155,B,0.31059999999999999,0,3106
9156,A,0.58510000000000006,1,5851
9156,B,0.31970000000000004,0,3197
9157,A,1.0528999999999999,1,10529
9157,B,2.2956000000000003,0,22956
9158,A,0.65600000000000003,1,6560
9158,B,0.29930000000000001,0,2993
9159,A,1.3243,1,13243
9159,B,0.41470000000000001,0,4147
9160,A,1.0238,1,10238
9160,B,2.5726,0,25726
9161,A,0.57050000000000001,1,5705
9161,B,0.34370000000000001,0,3437
9162,A,1.3402000000000001,1,13402
9162,B,0.24000000000000002,0,2400
9163,A,1.0487,1,10487
9163,B,2.1644000000000001,1,21644
9164,A,0.76540000000000008,1,7654
9164,B,1.1453,1,11453
9165,A,0.77970000000000006,1,7797
9165,B,0.67280000000000006,0,6728
9166,A,0.55830000000000002,1,5583
9166,B,0.96970000000000001,0,9697
9167,A,0.69680000000000009,1,6968
9167,B,4.0465999999999998,0,40466
9168,A,0.60430000000000006,1,6043
9168,B,1.056,0,10560
9169,A,0.48470000000000002,1,4847
9169,B,1.0177,1,10177
9170,A,1.4718,1,14718
9170,B,0.4481,0,4481
9171,A,0.54670000000000007,1,5467
9171,B,0.3664,0,3664
9172,A,0.93390000000000006,1,9339
9172,B,1.0423,1,10423
9173,A,0.69340000000000002,1,6934
9173,B,1.7547000000000001,1,17547
9174,A,0.57110000000000005,1,5711
9174,B,0.46730000000000005,0,4673
9175,A,0.53510000000000002,1,5351
9175,B,0.53210000000000002,1,5321
9176,A,1.1492,1,11492
9176,B,2.3406000000000002,0,23406
9177,A,1.149,1,11490
9177,B,0.8377,0,8377
9178,A,0.80590000000000006,1,8059
9178,B,0.96560000000000001,0,9656
9179,A,0.80700000000000005,1,8070
9179,B,0.7873,1,7873
9180,A,0.82830000000000004,1,8283
9180,B,0.20090000000000002,0,2009
9181,A,0.61399999999999999,1,6140
9181,B,0.93140000000000001,0,9314
9182,A,1.1564000000000001,1,11564
9182,B,1.6827000000000001,0,16827
9183,A,0.58650000000000002,1,5865
9183,B,0.43340000000000001,0,4334
9184,A,0.35100000000000003,1,3510
9184,B,0.94320000000000004,1,9432
9185,A,0.5645,1,5645
9185,B,1.1594,1,11594
9186,A,0.8226,1,8226
9186,B,0.88380000000000003,0,8838
9187,A,0.37490000000000001,1,3749
9187,B,0.65620000000000001,1,6562
9188,A,0.90080000000000005,1,9008
9188,B,1.5090000000000001,1,15090
9189,A,0.5706,1,5706
9189,B,0.77010000000000001,1,7701
9190,A,0.88950000000000007,1,8895
9190,B,0.64970000000000006,0,6497
9191,A,0.92710000000000004,1,9271
9191,B,0.66890000000000005,0,6689
9192,A,1.9308000000000001,1,19308
9192,B,0.35489999999999999,0,3549
9193,A,1.0797000000000001,1,10797
9193,B,0.80020000000000002,0,8002
9194,A,0.69130000000000003,1,6913
9194,B,0.55270000000000008,0,5527
9195,A,0.76950000000000007,1,7695
9195,B,1.2765,0,12765
9196,A,0.45040000000000002,1,4504
9196,B,1.0586,0,10586
9197,A,1.2905,1,12905
9197,B,1.0532000000000001,0,10532
9198,A,0.3831,1,3831
9198,B,0.97900000000000009,0,9790
9199,A,0.87440000000000007,1,8744
9199,B,1.3955,1,13955
9200,A,1.0602,1,10602
9200,B,0.74309999999999998,1,7431
9201,A,0.86250000000000004,1,8625
9201,B,2.0613000000000001,0,20613
9202,A,1.2056,1,12056
9202,B,1.2904,1,12904
9203,A,0.67410000000000003,1,6741
9203,B,2.6190000000000002,1,26190
9204,A,0.38109999999999999,1,3811
9204,B,0.79370000000000007,0,7937
9205,A,0.47660000000000002,1,4766
9205,B,0.48560000000000003,0,4856
9206,A,0.20250000000000001,1,2025
9206,B,2.0923000000000003,1,20923
9207,A,0.56610000000000005,1,5661
9207,B,0.74390000000000001,0,7439
9208,A,0.70879999999999999,1,7088
9208,B,0.30580000000000002,0,3058
9209,A,0.40500000000000003,1,4050
9209,B,0.50850000000000006,0,5085
9210,A,1.5717000000000001,1,15717
9210,B,0.22820000000000001,0,2282
9211,A,0.81340000000000001,1,8134
9211,B,0.97850000000000004,0,9785
9212,A,0.59930000000000005,1,5993
9212,B,0.50140000000000007,0,5014
9213,A,1.0982000000000001,1,10982
9213,B,3.4516,1,34516
9214,A,0.93140000000000001,1,9314
9214,B,0.17430000000000001,0,1743
9215,A,0.64270000000000005,1,6427
9215,B,1.3651,1,13651
9216,A,0.44180000000000003,1,4418
9216,B,0.88730000000000009,0,8873
9217,A,1.1479000000000001,1,11479
9217,B,1.5518000000000001,1,15518
9218,A,0.79660000000000009,1,7966
9218,B,0.55300000000000005,0,5530
9219,A,0.83169999999999999,1,8317
9219,B,1.6696,0,16696
9220,A,1.2487000000000001,1,12487
9220,B,1.0063,0,10063
9221,A,0.62020000000000008,1,6202
9221,B,0.30030000000000001,0,3003
9222,A,0.65870000000000006,0,6587
9222,B,2.8439000000000001,1,28439
9223,A,0.50370000000000004,1,5037
9223,B,0.74660000000000004,0,7466
9224,A,1.2342,0,12342
9224,B,0.40640000000000004,0,4064
9225,A,0.51329999999999998,1,5133
9225,B,0.46960000000000002,0,4696
9226,A,0.44880000000000003,1,4488
9226,B,0.3609,0,3609
9227,A,1.3511,1,13511
9227,B,0.98220000000000007,1,9822
9228,A,0.38700000000000001,1,3870
9228,B,1.5533000000000001,0,15533
9229,A,0.74770000000000003,1,7477
9229,B,1.2025000000000001,1,12025
9230,A,0.89810000000000001,1,8981
9230,B,0.99960000000000004,0,9996
9231,A,0.85210000000000008,1,8521
9231,B,0.47970000000000002,0,4797
9232,A,0.73060000000000003,1,7306
9232,B,0.74120000000000008,0,7412
9233,A,0.78500000000000003,1,7850
9233,B,4.1737000000000002,1,41737
9234,A,1.5579000000000001,1,15579
9234,B,1.1527000000000001,0,11527
9235,A,1.196,1,11960
9235,B,0.1825,0,1825
9236,A,0.78000000000000003,1,7800
9236,B,0.69369999999999998,0,6937
9237,A,0.51380000000000003,1,5138
9237,B,1.2245000000000001,1,12245
9238,A,1.8813000000000002,1,18813
9238,B,2.9471000000000003,1,29471
9239,A,0.53210000000000002,1,5321
9239,B,0.26080000000000003,0,2608
9240,A,1.0591000000000002,1,10591
9240,B,2.8277000000000001,1,28277
9241,A,1.0446,1,10446
9241,B,0.86840000000000006,0,8684
9242,A,1.1021000000000001,1,11021
9242,B,4.2498000000000005,1,42498
9243,A,0.78900000000000003,1,7890
9243,B,1.7451000000000001,1,17451
9244,A,0.51719999999999999,1,5172
9244,B,1.1083000000000001,0,11083
9245,A,0.4541,1,4541
9245,B,2.2111000000000001,1,22111
9246,A,0.88280000000000003,1,8828
9246,B,0.80070000000000008,0,8007
9247,A,0.79190000000000005,1,7919
9247,B,1.0943000000000001,1,10943
9248,A,0.99040000000000006,1,9904
9248,B,1.7304000000000002,0,17304
9249,A,0.50390000000000001,1,5039
9249,B,1.6897,1,16897
9250,A,0.51290000000000002,1,5129
9250,B,0.52150000000000007,0,5215
9251,A,0.62209999999999999,1,6221
9251,B,0.48960000000000004,0,4896
9252,A,0.87509999999999999,1,8751
9252,B,1.3432000000000002,0,13432
9253,A,0.60570000000000002,1,6057
9253,B,1.1882000000000001,1,11882
9254,A,1.1863000000000001,1,11863
9254,B,0.73150000000000004,0,7315
9255,A,0.59050000000000002,1,5905
9255,B,0.49320000000000003,0,4932
9256,A,1.3705000000000001,1,13705
9256,B,1.9238000000000002,1,19238
9257,A,1.2057,1,12057
9257,B,0.29970000000000002,0,2997
9258,A,0.85310000000000008,1,8531
9258,B,1.0352000000000001,1,10352
9259,A,0.53200000000000003,1,5320
9259,B,0.30510000000000004,0,3051
9260,A,0.45220000000000005,1,4522
9260,B,0.44070000000000004,1,4407
9261,A,0.9143,1,9143
9261,B,1.3189,0,13189
9262,A,1.1784000000000001,1,11784
9262,B,0.30840000000000001,0,3084
9263,A,0.78000000000000003,1,7800
9263,B,0.97830000000000006,1,9783
9264,A,0.65550000000000008,1,6555
9264,B,0.66010000000000002,1,6601
9265,A,0.86080000000000001,1,8608
9265,B,0.47470000000000001,0,4747
9266,A,0.41639999999999999,1,4164
9266,B,0.44580000000000003,1,4458
9267,A,0.39540000000000003,1,3954
9267,B,0.53249999999999997,1,5325
9268,A,0.42300000000000004,1,4230
9268,B,1.1401000000000001,0,11401
9269,A,1.2992000000000001,1,12992
9269,B,1.9678,1,19678
9270,A,0.46480000000000005,0,4648
9270,B,2.2091000000000003,0,22091
9271,A,0.79160000000000008,1,7916
9271,B,1.1177000000000001,0,11177
9272,A,1.1032,1,11032
9272,B,0.40700000000000003,0,4070
9273,A,2.7764000000000002,1,27764
9273,B,0.34640000000000004,0,3464
9274,A,0.51770000000000005,1,5177
9274,B,1.2615000000000001,0,12615
9275,A,0.51490000000000002,1,5149
9275,B,0.73670000000000002,0,7367
9276,A,0.34770000000000001,1,3477
9276,B,0.68600000000000005,0,6860
9277,A,1.2390000000000001,1,12390
9277,B,1.3137000000000001,1,13137
9278,A,0.48580000000000001,1,4858
9278,B,0.95520000000000005,0,9552
9279,A,1.1489,1,11489
9279,B,0.62680000000000002,1,6268
9280,A,0.76670000000000005,1,7667
9280,B,0.96890000000000009,0,9689
9281,A,1.2005000000000001,1,12005
9281,B,0.75109999999999999,0,7511
9282,A,0.51970000000000005,1,5197
9282,B,1.6629,0,16629
9283,A,0.6583,1,6583
9283,B,0.64380000000000004,1,6438
9284,A,0.2606,1,2606
9284,B,0.59360000000000002,0,5936
9285,A,0.34379999999999999,1,3438
9285,B,0.57310000000000005,0,5731
9286,A,0.87120000000000009,1,8712
9286,B,0.3503,1,3503
9287,A,0.94120000000000004,1,9412
9287,B,0.50940000000000007,0,5094
9288,A,0.80090000000000006,1,8009
9288,B,0.2676,0,2676
9289,A,0.4798,1,4798
9289,B,1.3987000000000001,1,13987
9290,A,0.97960000000000003,1,9796
9290,B,1.3960000000000001,0,13960
9291,A,0.51770000000000005,1,5177
9291,B,0.40900000000000003,0,4090
9292,A,0.55580000000000007,1,5558
9292,B,0.36160000000000003,0,3616
9293,A,0.66700000000000004,1,6670
9293,B,1.2594000000000001,0,12594
9294,A,1.5757000000000001,1,15757
9294,B,0.82080000000000009,0,8208
9295,A,0.37920000000000004,0,3792
9295,B,0.79420000000000002,0,7942
9296,A,0.2833,0,2833
9296,B,0.1913,0,1913
9297,A,0.98810000000000009,0,9881
9297,B,0.57640000000000002,0,5764
9298,A,1.5095000000000001,1,15095
9298,B,0.36720000000000003,0,3672
9299,A,0.71420000000000006,1,7142
9299,B,1.625,0,16250
9300,A,0.59910000000000008,1,5991
9300,B,0.63180000000000003,0,6318
9301,A,0.64970000000000006,1,6497
9301,B,0.12050000000000001,0,1205
9302,A,0.58950000000000002,1,5895
9302,B,2.3961000000000001,0,23961
9303,A,0.49280000000000002,1,4928
9303,B,1.1704000000000001,0,11704
9304,A,0.23670000000000002,1,2367
9304,B,0.74830000000000008,0,7483
9305,A,1.5881000000000001,1,15881
9305,B,1.5604,1,15604
9306,A,1.7444000000000002,1,17444
9306,B,0.86710000000000009,0,8671
9307,A,0.4158,1,4158
9307,B,2.4998,1,24998
9308,A,0.99010000000000009,1,9901
9308,B,0.88400000000000001,1,8840
9309,A,0.63960000000000006,1,6396
9309,B,0.30460000000000004,0,3046
9310,A,0.38630000000000003,1,3863
9310,B,0.11460000000000001,0,1146
9311,A,0.63750000000000007,1,6375
9311,B,1.4257,1,14257
9312,A,1.0463,1,10463
9312,B,1.4646000000000001,1,14646
9313,A,0.57469999999999999,1,5747
9313,B,0.44120000000000004,0,4412
9314,A,1.1274,1,11274
9314,B,1.4910000000000001,0,14910
9315,A,0.68149999999999999,1,6815
9315,B,1.6391,0,16391
9316,A,0.80870000000000009,1,8087
9316,B,1.3859000000000001,0,13859
9317,A,0.61309999999999998,1,6131
9317,B,0.35900000000000004,0,3590
9318,A,1.3442000000000001,1,13442
9318,B,0.9356000000000001,0,9356
9319,A,0.4859,1,4859
9319,B,0.77850000000000008,0,7785
9320,A,0.88,1,8800
9320,B,0.70250000000000001,0,7025
9321,A,0.53029999999999999,1,5303
9321,B,0.27490000000000003,0,2749
9322,A,1.2792000000000001,1,12792
9322,B,0.57540000000000002,0,5754
9323,A,0.89319999999999999,1,8932
9323,B,0.51100000000000001,0,5110
9324,A,0.53249999999999997,1,5325
9324,B,0.5373,0,5373
9325,A,0.219,0,2190
9325,B,1.0275000000000001,0,10275
9326,A,0.77200000000000002,1,7720
9326,B,1.2412000000000001,1,12412
9327,A,0.72610000000000008,1,7261
9327,B,0.89360000000000006,1,8936
9328,A,0.2258,1,2258
9328,B,0.45040000000000002,0,4504
9329,A,1.9683000000000002,1,19683
9329,B,0.72220000000000006,0,7222
9330,A,2.1933000000000002,1,21933
9330,B,4.0396000000000001,1,40396
9331,A,1.9846000000000001,1,19846
9331,B,0.93140000000000001,0,9314
9332,A,0.44180000000000003,1,4418
9332,B,0.28320000000000001,0,2832
9333,A,0.70040000000000002,1,7004
9333,B,1.8303,0,18303
9334,A,0.9719000000000001,1,9719
9334,B,0.23140000000000002,0,2314
9335,A,1.3445,1,13445
9335,B,3.7655000000000003,0,37655
9336,A,0.87220000000000009,1,8722
9336,B,4.4790000000000001,1,44790
9337,A,1.9136000000000002,1,19136
9337,B,0.1459,0,1459
9338,A,0.65010000000000001,1,6501
9338,B,2.6515,1,26515
9339,A,1.2874000000000001,1,12874
9339,B,0.17680000000000001,0,1768
9340,A,0.96290000000000009,1,9629
9340,B,3.2221000000000002,0,32221
9341,A,0.70490000000000008,1,7049
9341,B,0.38680000000000003,0,3868
9342,A,0.90550000000000008,1,9055
9342,B,1.1816,0,11816
9343,A,0.33240000000000003,1,3324
9343,B,4.2819000000000003,0,42819
9344,A,0.46740000000000004,1,4674
9344,B,1.1559000000000001,1,11559
9345,A,0.68969999999999998,1,6897
9345,B,3.6589,0,36589
9346,A,0.3533,1,3533
9346,B,0.19700000000000001,0,1970
9347,A,0.48010000000000003,1,4801
9347,B,1.8916000000000002,1,18916
9348,A,0.61370000000000002,1,6137
9348,B,0.65300000000000002,0,6530
9349,A,0.60880000000000001,1,6088
9349,B,0.58120000000000005,0,5812
9350,A,0.4249,1,4249
9350,B,0.99890000000000001,0,9989
9351,A,1.2963,1,12963
9351,B,0.59830000000000005,0,5983
9352,A,0.59040000000000004,1,5904
9352,B,1.4411,0,14411
9353,A,0.83279999999999998,1,8328
9353,B,1.2190000000000001,0,12190
9354,A,0.88790000000000002,1,8879
9354,B,0.26130000000000003,0,2613
9355,A,0.77170000000000005,1,7717
9355,B,0.90429999999999999,0,9043
9356,A,0.60760000000000003,1,6076
9356,B,6.5590999999999999,0,65591
9357,A,0.4884,1,4884
9357,B,1.9841000000000002,0,19841
9358,A,0.65800000000000003,1,6580
9358,B,2.8602000000000003,0,28602
9359,A,1.0568,1,10568
9359,B,0.58800000000000008,1,5880
9360,A,0.71410000000000007,1,7141
9360,B,0.68640000000000001,0,6864
9361,A,0.51060000000000005,1,5106
9361,B,0.4425,0,4425
9362,A,0.877,1,8770
9362,B,0.5353,0,5353
9363,A,0.40379999999999999,1,4038
9363,B,0.31540000000000001,0,3154
9364,A,0.32569999999999999,1,3257
9364,B,1.6560000000000001,1,16560
9365,A,0.98710000000000009,1,9871
9365,B,0.90200000000000002,0,9020
9366,A,0.95010000000000006,1,9501
9366,B,0.82740000000000002,0,8274
9367,A,1.2211000000000001,1,12211
9367,B,2.4245000000000001,1,24245
9368,A,0.45630000000000004,1,4563
9368,B,0.50050000000000006,0,5005
9369,A,0.74099999999999999,1,7410
9369,B,1.9401000000000002,1,19401
9370,A,0.57040000000000002,1,5704
9370,B,0.1711,0,1711
9371,A,0.6724,1,6724
9371,B,0.46870000000000001,0,4687
9372,A,0.84360000000000002,1,8436
9372,B,0.91880000000000006,1,9188
9373,A,0.6351,1,6351
9373,B,2.2537000000000003,0,22537
9374,A,0.5101,1,5101
9374,B,0.96260000000000001,0,9626
9375,A,0.59650000000000003,1,5965
9375,B,2.6594000000000002,1,26594
9376,A,0.4173,1,4173
9376,B,0.39880000000000004,0,3988
9377,A,0.57790000000000008,1,5779
9377,B,0.89560000000000006,0,8956
9378,A,0.60150000000000003,1,6015
9378,B,0.33650000000000002,0,3365
9379,A,1.8357000000000001,1,18357
9379,B,0.18480000000000002,0,1848
9380,A,0.58110000000000006,1,5811
9380,B,0.74690000000000001,0,7469
9381,A,0.59050000000000002,1,5905
9381,B,2.0874999999999999,0,20875
9382,A,1.0156000000000001,1,10156
9382,B,0.54600000000000004,0,5460
9383,A,0.3236,1,3236
9383,B,0.45960000000000001,0,4596
9384,A,0.55220000000000002,1,5522
9384,B,8.7769000000000013,1,87769
9385,A,0.35100000000000003,1,3510
9385,B,1.0871999999999999,0,10872
9386,A,1.1623000000000001,1,11623
9386,B,0.57800000000000007,0,5780
9387,A,0.89610000000000001,1,8961
9387,B,1.1926000000000001,0,11926
9388,A,0.75109999999999999,1,7511
9388,B,1.4059000000000001,0,14059
9389,A,0.98380000000000001,1,9838
9389,B,3.1099000000000001,1,31099
9390,A,0.35210000000000002,1,3521
9390,B,0.80449999999999999,0,8045
9391,A,0.56569999999999998,1,5657
9391,B,1.0841000000000001,0,10841
9392,A,1.2327000000000001,1,12327
9392,B,2.0084,0,20084
9393,A,1.3475000000000001,1,13475
9393,B,0.32120000000000004,0,3212
9394,A,0.88250000000000006,1,8825
9394,B,1.0856000000000001,1,10856
9395,A,0.76040000000000008,1,7604
9395,B,0.99380000000000002,0,9938
9396,A,0.36749999999999999,1,3675
9396,B,2.3129,1,23129
9397,A,0.63729999999999998,1,6373
9397,B,0.5363,0,5363
9398,A,0.63,1,6300
9398,B,0.55180000000000007,0,5518
9399,A,3.0403000000000002,1,30403
9399,B,1.5642,0,15642
9400,A,1.3352000000000002,1,13352
9400,B,1.2074,0,12074
9401,A,1.0128000000000001,1,10128
9401,B,1.3055000000000001,1,13055
9402,A,1.0354000000000001,1,10354
9402,B,0.26990000000000003,0,2699
9403,A,0.52760000000000007,1,5276
9403,B,0.23240000000000002,0,2324
9404,A,1.0262,1,10262
9404,B,1.4568000000000001,0,14568
9405,A,0.65500000000000003,1,6550
9405,B,0.51670000000000005,0,5167
9406,A,0.55400000000000005,1,5540
9406,B,0.79400000000000004,0,7940
9407,A,0.75360000000000005,1,7536
9407,B,1.2949000000000002,0,12949
9408,A,0.59660000000000002,1,5966
9408,B,2.5727000000000002,1,25727
9409,A,0.48610000000000003,1,4861
9409,B,2.6853000000000002,0,26853
9410,A,0.76670000000000005,1,7667
9410,B,0.66800000000000004,0,6680
9411,A,0.47970000000000002,1,4797
9411,B,1.0496000000000001,0,10496
9412,A,0.81740000000000002,1,8174
9412,B,0.24500000000000002,0,2450
9413,A,0.19060000000000002,0,1906
9413,B,0.64590000000000003,0,6459
9414,A,0.4073,1,4073
9414,B,0.3528,0,3528
9415,A,1.4684000000000001,1,14684
9415,B,1.5604,1,15604
9416,A,0.49780000000000002,1,4978
9416,B,3.4571000000000001,0,34571
9417,A,0.47000000000000003,1,4700
9417,B,1.4730000000000001,1,14730
9418,A,0.5746,1,5746
9418,B,0.67620000000000002,0,6762
9419,A,0.91270000000000007,1,9127
9419,B,2.8214000000000001,0,28214
9420,A,0.1221,0,1221
9420,B,2.7855000000000003,1,27855
9421,A,0.51200000000000001,1,5120
9421,B,0.41960000000000003,0,4196
9422,A,0.54420000000000002,1,5442
9422,B,0.3745,0,3745
9423,A,1.2374000000000001,1,12374
9423,B,0.75690000000000002,0,7569
9424,A,0.71489999999999998,1,7149
9424,B,0.68240000000000001,1,6824
9425,A,0.85130000000000006,1,8513
9425,B,3.3274000000000004,1,33274
9426,A,0.78980000000000006,1,7898
9426,B,0.24070000000000003,0,2407
9427,A,1.6664000000000001,1,16664
9427,B,1.6273,0,16273
9428,A,0.4143,1,4143
9428,B,3.3756000000000004,1,33756
9429,A,0.69530000000000003,1,6953
9429,B,0.41350000000000003,0,4135
9430,A,0.9627,1,9627
9430,B,0.92620000000000002,1,9262
9431,A,0.49340000000000001,1,4934
9431,B,1.6957,1,16957
9432,A,0.37809999999999999,1,3781
9432,B,0.45660000000000001,0,4566
9433,A,0.5927,1,5927
9433,B,0.40870000000000001,0,4087
9434,A,0.79900000000000004,1,7990
9434,B,2.5942000000000003,0,25942
9435,A,0.97330000000000005,1,9733
9435,B,1.2866,1,12866
9436,A,1.4266000000000001,1,14266
9436,B,1.5874000000000001,1,15874
9437,A,0.69669999999999999,1,6967
9437,B,0.23090000000000002,0,2309
9438,A,0.2525,0,2525
9438,B,2.8961000000000001,0,28961
9439,A,1.8567,1,18567
9439,B,0.88900000000000001,1,8890
9440,A,0.70890000000000009,1,7089
9440,B,0.2175,0,2175
9441,A,0.56380000000000008,1,5638
9441,B,1.5696000000000001,0,15696
9442,A,0.80070000000000008,1,8007
9442,B,1.139,0,11390
9443,A,1.8042,1,18042
9443,B,0.81040000000000001,0,8104
9444,A,0.30110000000000003,0,3011
9444,B,1.2074,1,12074
9445,A,1.0885,1,10885
9445,B,1.1975,0,11975
9446,A,0.7923,1,7923
9446,B,2.0697000000000001,0,20697
9447,A,0.63390000000000002,1,6339
9447,B,2.2219000000000002,1,22219
9448,A,0.54100000000000004,1,5410
9448,B,0.30560000000000004,0,3056
9449,A,0.43480000000000002,1,4348
9449,B,0.95840000000000003,0,9584
9450,A,0.72860000000000003,1,7286
9450,B,0.23130000000000001,0,2313
9451,A,1.0433000000000001,1,10433
9451,B,1.2185000000000001,0,12185
9452,A,0.66560000000000008,1,6656
9452,B,0.29310000000000003,0,2931
9453,A,0.27790000000000004,0,2779
9453,B,0.4647,0,4647
9454,A,0.40790000000000004,1,4079
9454,B,0.27629999999999999,0,2763
9455,A,0.79190000000000005,1,7919
9455,B,0.77240000000000009,0,7724
9456,A,0.80130000000000001,1,8013
9456,B,0.42220000000000002,0,4222
9457,A,2.0491000000000001,1,20491
9457,B,0.81620000000000004,0,8162
9458,A,0.60299999999999998,1,6030
9458,B,0.12290000000000001,0,1229
9459,A,0.90870000000000006,1,9087
9459,B,0.33690000000000003,0,3369
9460,A,2.3743000000000003,1,23743
9460,B,2.6571000000000002,1,26571
9461,A,1.5521,1,15521
9461,B,4.1557000000000004,0,41557
9462,A,0.39950000000000002,1,3995
9462,B,0.4839,0,4839
9463,A,0.61080000000000001,1,6108
9463,B,0.84190000000000009,1,8419
9464,A,0.7974,1,7974
9464,B,0.34400000000000003,0,3440
9465,A,0.63760000000000006,1,6376
9465,B,4.1645000000000003,1,41645
9466,A,0.87060000000000004,1,8706
9466,B,1.4686000000000001,1,14686
9467,A,0.79930000000000001,1,7993
9467,B,1.6161000000000001,0,16161
9468,A,0.99530000000000007,1,9953
9468,B,2.1424000000000003,1,21424
9469,A,0.89770000000000005,1,8977
9469,B,0.9042,0,9042
9470,A,0.7157,1,7157
9470,B,0.92070000000000007,1,9207
9471,A,0.52070000000000005,0,5207
9471,B,0.77540000000000009,0,7754
9472,A,0.49160000000000004,1,4916
9472,B,0.29050000000000004,0,2905
9473,A,0.51229999999999998,1,5123
9473,B,0.39790000000000003,0,3979
9474,A,0.61770000000000003,1,6177
9474,B,0.27650000000000002,0,2765
9475,A,0.60130000000000006,1,6013
9475,B,0.75230000000000008,1,7523
9476,A,0.46130000000000004,1,4613
9476,B,1.6783000000000001,0,16783
9477,A,1.2792000000000001,1,12792
9477,B,0.45190000000000002,0,4519
9478,A,2.0045999999999999,1,20046
9478,B,0.75270000000000004,0,7527
9479,A,0.56100000000000005,1,5610
9479,B,1.8812,1,18812
9480,A,0.36710000000000004,1,3671
9480,B,2.8029000000000002,0,28029
9481,A,0.35420000000000001,1,3542
9481,B,0.27650000000000002,0,2765
9482,A,1.5152000000000001,1,15152
9482,B,0.45120000000000005,0,4512
9483,A,0.48180000000000001,1,4818
9483,B,1.7531000000000001,1,17531
9484,A,0.85600000000000009,1,8560
9484,B,2.0773000000000001,0,20773
9485,A,0.53660000000000008,1,5366
9485,B,1.3316000000000001,1,13316
9486,A,1.3081,1,13081
9486,B,1.4430000000000001,0,14430
9487,A,0.41270000000000001,1,4127
9487,B,1.6687000000000001,0,16687
9488,A,1.0985,1,10985
9488,B,0.56330000000000002,0,5633
9489,A,0.3382,0,3382
9489,B,0.1898,0,1898
9490,A,0.61820000000000008,1,6182
9490,B,2.3191000000000002,0,23191
9491,A,0.70050000000000001,1,7005
9491,B,0.86280000000000001,0,8628
9492,A,0.25620000000000004,1,2562
9492,B,0.85250000000000004,0,8525
9493,A,0.48930000000000001,1,4893
9493,B,0.27179999999999999,0,2718
9494,A,0.63700000000000001,1,6370
9494,B,1.0939000000000001,0,10939
9495,A,0.93490000000000006,1,9349
9495,B,0.61780000000000002,0,6178
9496,A,1.5976000000000001,1,15976
9496,B,0.34240000000000004,0,3424
9497,A,0.59830000000000005,1,5983
9497,B,1.7913000000000001,0,17913
9498,A,0.77490000000000003,1,7749
9498,B,0.27210000000000001,0,2721
9499,A,0.5101,1,5101
9499,B,1.1269,0,11269
9500,A,0.77280000000000004,1,7728
9500,B,1.1117000000000001,0,11117
9501,A,0.79849999999999999,1,7985
9501,B,1.7423000000000002,0,17423
9502,A,0.50780000000000003,1,5078
9502,B,0.6734,0,6734
9503,A,0.6986,1,6986
9503,B,2.6004,1,26004
9504,A,0.40140000000000003,1,4014
9504,B,0.73810000000000009,1,7381
9505,A,0.52010000000000001,1,5201
9505,B,1.4759,0,14759
9506,A,0.96850000000000003,1,9685
9506,B,1.9095000000000002,1,19095
9507,A,0.379,1,3790
9507,B,0.26419999999999999,0,2642
9508,A,0.4546,1,4546
9508,B,2.8719000000000001,0,28719
9509,A,0.87320000000000009,1,8732
9509,B,0.8963000000000001,0,8963
9510,A,0.62380000000000002,1,6238
9510,B,0.9506,0,9506
9511,A,1.0971,0,10971
9511,B,0.67410000000000003,0,6741
9512,A,0.56640000000000001,1,5664
9512,B,0.81170000000000009,0,8117
9513,A,0.59279999999999999,1,5928
9513,B,0.3987,0,3987
9514,A,1.2121,1,12121
9514,B,0.70950000000000002,0,7095
9515,A,0.5958,1,5958
9515,B,0.59320000000000006,1,5932
9516,A,1.4827000000000001,1,14827
9516,B,0.58289999999999997,0,5829
9517,A,0.44480000000000003,1,4448
9517,B,0.35360000000000003,0,3536
9518,A,0.88630000000000009,1,8863
9518,B,0.89060000000000006,0,8906
9519,A,0.54659999999999997,1,5466
9519,B,0.33960000000000001,0,3396
9520,A,0.876,1,8760
9520,B,0.26569999999999999,0,2657
9521,A,0.73020000000000007,1,7302
9521,B,1.3108,0,13108
9522,A,1.3061,1,13061
9522,B,0.66520000000000001,0,6652
9523,A,0.86860000000000004,1,8686
9523,B,2.9386000000000001,1,29386
9524,A,1.3121,1,13121
9524,B,0.2107,0,2107
9525,A,1.0429000000000002,1,10429
9525,B,0.74830000000000008,0,7483
9526,A,0.62630000000000008,1,6263
9526,B,2.0167999999999999,1,20168
9527,A,1.0069000000000001,1,10069
9527,B,0.4914,0,4914
9528,A,1.2111000000000001,1,12111
9528,B,0.53520000000000001,0,5352
9529,A,1.2516,1,12516
9529,B,2.1722999999999999,0,21723
9530,A,0.38940000000000002,1,3894
9530,B,0.39040000000000002,0,3904
9531,A,1.0661,1,10661
9531,B,0.3196,0,3196
9532,A,0.43660000000000004,1,4366
9532,B,0.39850000000000002,0,3985
9533,A,0.9718,1,9718
9533,B,1.4562000000000002,0,14562
9534,A,0.42949999999999999,1,4295
9534,B,0.73570000000000002,0,7357
9535,A,0.52280000000000004,1,5228
9535,B,0.54070000000000007,0,5407
9536,A,0.73080000000000001,1,7308
9536,B,1.2103000000000002,1,12103
9537,A,0.57769999999999999,1,5777
9537,B,0.57820000000000005,0,5782
9538,A,0.56580000000000008,1,5658
9538,B,0.75409999999999999,1,7541
9539,A,1.0754000000000001,1,10754
9539,B,0.1825,0,1825
9540,A,1.1388,1,11388
9540,B,1.893,0,18930
9541,A,0.48100000000000004,1,4810
9541,B,1.5894000000000001,1,15894
9542,A,0.47800000000000004,1,4780
9542,B,1.0777000000000001,0,10777
9543,A,0.73320000000000007,1,7332
9543,B,0.2802,0,2802
9544,A,1.1773,1,11773
9544,B,3.0753000000000004,0,30753
9545,A,1.151,1,11510
9545,B,1.7395,0,17395
9546,A,1.0706,1,10706
9546,B,1.4787000000000001,1,14787
9547,A,0.87330000000000008,1,8733
9547,B,1.2395,0,12395
9548,A,0.4824,1,4824
9548,B,2.7927,0,27927
9549,A,0.53639999999999999,1,5364
9549,B,0.89290000000000003,1,8929
9550,A,2.0228999999999999,1,20229
9550,B,0.85060000000000002,0,8506
9551,A,0.46850000000000003,1,4685
9551,B,1.2688000000000001,0,12688
9552,A,0.86340000000000006,1,8634
9552,B,1.0537000000000001,1,10537
9553,A,0.6966,1,6966
9553,B,2.3731,1,23731
9554,A,0.74180000000000001,1,7418
9554,B,1.3558000000000001,1,13558
9555,A,0.98410000000000009,1,9841
9555,B,0.89680000000000004,1,8968
9556,A,0.76530000000000009,1,7653
9556,B,0.218,0,2180
9557,A,1.9430000000000001,1,19430
9557,B,0.42860000000000004,1,4286
9558,A,0.37580000000000002,1,3758
9558,B,0.43540000000000001,0,4354
9559,A,0.29220000000000002,1,2922
9559,B,0.61550000000000005,0,6155
9560,A,0.81759999999999999,1,8176
9560,B,0.35370000000000001,0,3537
9561,A,0.87120000000000009,1,8712
9561,B,4.4649000000000001,0,44649
9562,A,0.50429999999999997,1,5043
9562,B,0.82869999999999999,0,8287
9563,A,0.85830000000000006,1,8583
9563,B,0.33340000000000003,0,3334
9564,A,0.55470000000000008,1,5547
9564,B,0.47640000000000005,1,4764
9565,A,0.81900000000000006,1,8190
9565,B,0.95540000000000003,0,9554
9566,A,1.1803000000000001,1,11803
9566,B,0.51619999999999999,0,5162
9567,A,1.3809,1,13809
9567,B,1.4480000000000002,0,14480
9568,A,0.56790000000000007,1,5679
9568,B,2.0627,0,20627
9569,A,0.71510000000000007,1,7151
9569,B,1.0189000000000001,1,10189
9570,A,0.81020000000000003,0,8102
9570,B,1.2054,0,12054
9571,A,0.61960000000000004,1,6196
9571,B,0.92310000000000003,1,9231
9572,A,1.1540000000000001,1,11540
9572,B,1.6319000000000001,1,16319
9573,A,0.94550000000000001,1,9455
9573,B,0.72589999999999999,0,7259
9574,A,1.1788000000000001,1,11788
9574,B,2.3919000000000001,0,23919
9575,A,1.0299,1,10299
9575,B,1.4662000000000002,1,14662
9576,A,1.6848000000000001,1,16848
9576,B,2.6597,0,26597
9577,A,0.46610000000000001,1,4661
9577,B,0.53790000000000004,1,5379
9578,A,1.5124,1,15124
9578,B,0.19520000000000001,0,1952
9579,A,0.99640000000000006,1,9964
9579,B,0.65310000000000001,1,6531
9580,A,0.71779999999999999,1,7178
9580,B,2.8262,0,28262
9581,A,1.0049000000000001,1,10049
9581,B,0.46540000000000004,0,4654
9582,A,1.3015000000000001,1,13015
9582,B,0.56420000000000003,0,5642
9583,A,0.29289999999999999,1,2929
9583,B,0.64029999999999998,0,6403
9584,A,0.71600000000000008,0,7160
9584,B,0.80180000000000007,0,8018
9585,A,1.3545,1,13545
9585,B,0.65270000000000006,0,6527
9586,A,1.0438000000000001,1,10438
9586,B,0.75470000000000004,0,7547
9587,A,1.2618,1,12618
9587,B,0.50590000000000002,0,5059
9588,A,0.92110000000000003,1,9211
9588,B,0.29780000000000001,0,2978
9589,A,0.47700000000000004,1,4770
9589,B,1.0429000000000002,1,10429
9590,A,1.0102,1,10102
9590,B,4.7385999999999999,0,47386
9591,A,0.9365,1,9365
9591,B,2.5603000000000002,0,25603
9592,A,0.623,1,6230
9592,B,0.46540000000000004,0,4654
9593,A,0.2321,0,2321
9593,B,1.0174000000000001,0,10174
9594,A,0.71020000000000005,1,7102
9594,B,1.5227000000000002,0,15227
9595,A,0.67110000000000003,1,6711
9595,B,0.80930000000000002,1,8093
9596,A,0.67210000000000003,1,6721
9596,B,0.31140000000000001,0,3114
9597,A,0.6028,1,6028
9597,B,0.19980000000000001,0,1998
9598,A,1.3707,1,13707
9598,B,2.7918000000000003,1,27918
9599,A,0.63660000000000005,1,6366
9599,B,1.8229000000000002,0,18229
9600,A,0.7913,1,7913
9600,B,1.5399,1,15399
9601,A,1.2016,1,12016
9601,B,5.1932,0,51932
9602,A,1.752,1,17520
9602,B,0.56720000000000004,0,5672
9603,A,1.7669000000000001,1,17669
9603,B,1.7505000000000002,1,17505
9604,A,0.78500000000000003,1,7850
9604,B,2.2528999999999999,1,22529
9605,A,0.57479999999999998,1,5748
9605,B,0.503,0,5030
9606,A,0.77280000000000004,1,7728
9606,B,0.83560000000000001,0,8356
9607,A,1.2298,1,12298
9607,B,0.28270000000000001,0,2827
9608,A,0.68630000000000002,1,6863
9608,B,0.69550000000000001,0,6955
9609,A,1.135,1,11350
9609,B,2.2801,1,22801
9610,A,0.68100000000000005,1,6810
9610,B,0.20120000000000002,0,2012
9611,A,1.2337,1,12337
9611,B,1.1251,1,11251
9612,A,1.0807,1,10807
9612,B,1.5370000000000001,1,15370
9613,A,0.89419999999999999,1,8942
9613,B,0.92970000000000008,0,9297
9614,A,1.2543,1,12543
9614,B,1.4040000000000001,1,14040
9615,A,0.63840000000000008,1,6384
9615,B,1.5388000000000002,0,15388
9616,A,1.9157000000000002,1,19157
9616,B,0.3473,0,3473
9617,A,0.8085,0,8085
9617,B,0.78580000000000005,1,7858
9618,A,0.95740000000000003,1,9574
9618,B,1.2092000000000001,1,12092
9619,A,0.84600000000000009,1,8460
9619,B,0.54090000000000005,0,5409
9620,A,1.4949000000000001,1,14949
9620,B,0.57569999999999999,0,5757
9621,A,0.71040000000000003,1,7104
9621,B,0.39400000000000002,0,3940
9622,A,1.2644,1,12644
9622,B,1.6217000000000001,1,16217
9623,A,0.52470000000000006,1,5247
9623,B,0.85530000000000006,0,8553
9624,A,0.74660000000000004,1,7466
9624,B,0.62509999999999999,0,6251
9625,A,0.82010000000000005,1,8201
9625,B,0.55620000000000003,0,5562
9626,A,0.78570000000000007,1,7857
9626,B,0.99630000000000007,0,9963
9627,A,0.44430000000000003,1,4443
9627,B,2.5531999999999999,0,25532
9628,A,0.77580000000000005,1,7758
9628,B,2.6020000000000003,1,26020
9629,A,0.3871,1,3871
9629,B,1.0321,0,10321
9630,A,0.94040000000000001,0,9404
9630,B,1.5103,1,15103
9631,A,0.96450000000000002,1,9645
9631,B,1.9173,1,19173
9632,A,0.93680000000000008,1,9368
9632,B,0.4592,0,4592
9633,A,0.43190000000000001,1,4319
9633,B,0.7288,0,7288
9634,A,0.9456,1,9456
9634,B,1.7665000000000002,0,17665
9635,A,0.83150000000000002,1,8315
9635,B,1.4426000000000001,1,14426
9636,A,0.9526,1,9526
9636,B,0.31220000000000003,0,3122
9637,A,0.83220000000000005,1,8322
9637,B,0.52210000000000001,0,5221
9638,A,0.51040000000000008,1,5104
9638,B,0.2467,0,2467
9639,A,0.66010000000000002,1,6601
9639,B,0.33440000000000003,0,3344
9640,A,1.3916000000000002,1,13916
9640,B,0.8367,1,8367
9641,A,1.5099,1,15099
9641,B,0.505,0,5050
9642,A,0.43380000000000002,1,4338
9642,B,2.1901999999999999,1,21902
9643,A,0.77380000000000004,1,7738
9643,B,0.4083,0,4083
9644,A,0.93570000000000009,1,9357
9644,B,0.65229999999999999,0,6523
9645,A,0.70840000000000003,1,7084
9645,B,0.49250000000000005,0,4925
9646,A,1.1642000000000001,1,11642
9646,B,1.9340000000000002,0,19340
9647,A,0.73950000000000005,1,7395
9647,B,2.0105,0,20105
9648,A,0.94210000000000005,1,9421
9648,B,2.1297999999999999,1,21298
9649,A,0.61709999999999998,1,6171
9649,B,1.4413,0,14413
9650,A,1.9878,1,19878
9650,B,1.5846,1,15846
9651,A,0.72510000000000008,1,7251
9651,B,1.5127000000000002,0,15127
9652,A,0.46940000000000004,1,4694
9652,B,0.26930000000000004,0,2693
9653,A,0.83579999999999999,1,8358
9653,B,0.17530000000000001,0,1753
9654,A,0.84460000000000002,1,8446
9654,B,1.2549000000000001,1,12549
9655,A,0.48880000000000001,1,4888
9655,B,0.64460000000000006,0,6446
9656,A,1.0121,1,10121
9656,B,1.8912,0,18912
9657,A,1.2031000000000001,1,12031
9657,B,1.8518000000000001,0,18518
9658,A,0.8165,1,8165
9658,B,0.50519999999999998,0,5052
9659,A,0.78280000000000005,1,7828
9659,B,1.0655000000000001,0,10655
9660,A,0.59870000000000001,1,5987
9660,B,0.9820000000000001,1,9820
9661,A,0.6976,1,6976
9661,B,1.4325000000000001,0,14325
9662,A,1.7826000000000002,1,17826
9662,B,1.7117,1,17117
9663,A,1.0383,1,10383
9663,B,1.6850000000000001,1,16850
9664,A,0.3579,0,3579
9664,B,4.2511999999999999,0,42512
9665,A,1.3408,1,13408
9665,B,2.0077000000000003,0,20077
9666,A,0.76819999999999999,1,7682
9666,B,0.32890000000000003,0,3289
9667,A,1.1843000000000001,0,11843
9667,B,1.0390000000000001,0,10390
9668,A,1.4651000000000001,1,14651
9668,B,0.76960000000000006,0,7696
9669,A,0.39960000000000001,1,3996
9669,B,1.0710999999999999,0,10711
9670,A,0.85450000000000004,1,8545
9670,B,0.88790000000000002,0,8879
9671,A,0.62770000000000004,1,6277
9671,B,2.706,1,27060
9672,A,0.4919,1,4919
9672,B,0.67110000000000003,1,6711
9673,A,1.0466,1,10466
9673,B,1.4221000000000001,0,14221
9674,A,0.63660000000000005,1,6366
9674,B,0.72640000000000005,0,7264
9675,A,0.50130000000000008,1,5013
9675,B,0.68580000000000008,0,6858
9676,A,0.51100000000000001,1,5110
9676,B,0.90000000000000002,0,9000
9677,A,0.56010000000000004,1,5601
9677,B,0.46910000000000002,0,4691
9678,A,0.74270000000000003,1,7427
9678,B,0.48410000000000003,0,4841
9679,A,0.88280000000000003,1,8828
9679,B,0.78239999999999998,0,7824
9680,A,1.4550000000000001,1,14550
9680,B,0.18730000000000002,0,1873
9681,A,0.92790000000000006,1,9279
9681,B,1.1834,0,11834
9682,A,0.95140000000000002,1,9514
9682,B,2.5018000000000002,0,25018
9683,A,1.9069,1,19069
9683,B,0.2737,0,2737
9684,A,0.97530000000000006,1,9753
9684,B,1.5088000000000001,1,15088
9685,A,0.62040000000000006,1,6204
9685,B,0.48470000000000002,1,4847
9686,A,1.9810000000000001,1,19810
9686,B,0.37890000000000001,0,3789
9687,A,0.80430000000000001,1,8043
9687,B,1.0021,1,10021
9688,A,0.78570000000000007,1,7857
9688,B,1.2164000000000001,1,12164
9689,A,0.54290000000000005,1,5429
9689,B,2.165,1,21650
9690,A,0.28170000000000001,1,2817
9690,B,0.94090000000000007,0,9409
9691,A,0.95080000000000009,1,9508
9691,B,0.37460000000000004,0,3746
9692,A,0.89440000000000008,1,8944
9692,B,0.873,0,8730
9693,A,0.65329999999999999,0,6533
9693,B,1.3202,0,13202
9694,A,0.36160000000000003,1,3616
9694,B,2.9172000000000002,1,29172
9695,A,1.2890000000000001,1,12890
9695,B,1.0278,0,10278
9696,A,1.0371000000000001,1,10371
9696,B,3.0797000000000003,0,30797
9697,A,0.54549999999999998,1,5455
9697,B,0.49830000000000002,0,4983
9698,A,0.30890000000000001,1,3089
9698,B,0.71100000000000008,1,7110
9699,A,0.5917,1,5917
9699,B,1.2410000000000001,1,12410
9700,A,0.83210000000000006,1,8321
9700,B,0.5736,0,5736
9701,A,1.1236000000000002,1,11236
9701,B,1.7035,0,17035
9702,A,0.47210000000000002,1,4721
9702,B,0.31590000000000001,0,3159
9703,A,0.95740000000000003,1,9574
9703,B,0.44240000000000002,0,4424
9704,A,0.32490000000000002,1,3249
9704,B,0.2293,0,2293
9705,A,1.0564,1,10564
9705,B,3.2121,1,32121
9706,A,0.96300000000000008,1,9630
9706,B,1.1222000000000001,0,11222
9707,A,0.78590000000000004,1,7859
9707,B,9.5927000000000007,1,95927
9708,A,1.4032,1,14032
9708,B,1.2058,0,12058
9709,A,0.34410000000000002,1,3441
9709,B,0.6089,0,6089
9710,A,0.60620000000000007,1,6062
9710,B,1.7911000000000001,0,17911
9711,A,1.8194000000000001,1,18194
9711,B,0.5131,0,5131
9712,A,0.83420000000000005,1,8342
9712,B,1.0999000000000001,0,10999
9713,A,2.081,1,20810
9713,B,0.31740000000000002,0,3174
9714,A,0.59160000000000001,1,5916
9714,B,2.8160000000000003,0,28160
9715,A,1.2217,1,12217
9715,B,1.2613000000000001,1,12613
9716,A,0.443,1,4430
9716,B,0.37820000000000004,0,3782
9717,A,1.2302,1,12302
9717,B,1.2771000000000001,0,12771
9718,A,0.33829999999999999,1,3383
9718,B,0.76940000000000008,0,7694
9719,A,0.63780000000000003,1,6378
9719,B,0.25840000000000002,0,2584
9720,A,0.84030000000000005,1,8403
9720,B,0.34200000000000003,0,3420
9721,A,1.3239000000000001,1,13239
9721,B,1.8083,1,18083
9722,A,1.4667000000000001,1,14667
9722,B,0.82740000000000002,0,8274
9723,A,0.33340000000000003,1,3334
9723,B,3.3429000000000002,1,33429
9724,A,0.4723,1,4723
9724,B,0.68980000000000008,0,6898
9725,A,0.94740000000000002,1,9474
9725,B,0.46820000000000001,0,4682
9726,A,0.55459999999999998,1,5546
9726,B,0.3508,0,3508
9727,A,1.5097,1,15097
9727,B,2.1435,1,21435
9728,A,0.87990000000000002,1,8799
9728,B,0.60680000000000001,1,6068
9729,A,0.60310000000000008,1,6031
9729,B,0.15390000000000001,0,1539
9730,A,0.49130000000000001,1,4913
9730,B,0.52239999999999998,0,5224
9731,A,0.8580000000000001,1,8580
9731,B,0.59589999999999999,0,5959
9732,A,0.84840000000000004,1,8484
9732,B,1.5716000000000001,1,15716
9733,A,0.86940000000000006,1,8694
9733,B,1.7130000000000001,0,17130
9734,A,0.77990000000000004,1,7799
9734,B,1.1293,0,11293
9735,A,0.71260000000000001,1,7126
9735,B,1.6418000000000001,1,16418
9736,A,0.52800000000000002,1,5280
9736,B,4.2917000000000005,0,42917
9737,A,0.86740000000000006,1,8674
9737,B,0.76919999999999999,0,7692
9738,A,0.57110000000000005,1,5711
9738,B,0.1686,0,1686
9739,A,0.55880000000000007,1,5588
9739,B,0.49620000000000003,0,4962
9740,A,0.64090000000000003,1,6409
9740,B,0.54790000000000005,0,5479
9741,A,0.95000000000000007,1,9500
9741,B,0.35170000000000001,0,3517
9742,A,0.4153,1,4153
9742,B,0.48060000000000003,0,4806
9743,A,1.1523000000000001,1,11523
9743,B,2.3795000000000002,0,23795
9744,A,0.55710000000000004,1,5571
9744,B,0.39250000000000002,0,3925
9745,A,1.2543,1,12543
9745,B,0.51729999999999998,1,5173
9746,A,0.78920000000000001,1,7892
9746,B,1.0745,1,10745
9747,A,0.55090000000000006,1,5509
9747,B,0.70779999999999998,1,7078
9748,A,1.0279,1,10279
9748,B,4.3456000000000001,1,43456
9749,A,0.79800000000000004,1,7980
9749,B,2.6124000000000001,1,26124
9750,A,1.3600000000000001,1,13600
9750,B,1.6302000000000001,0,16302
9751,A,0.63160000000000005,1,6316
9751,B,0.32890000000000003,0,3289
9752,A,0.55359999999999998,1,5536
9752,B,1.0795000000000001,0,10795
9753,A,0.36320000000000002,1,3632
9753,B,3.0501,1,30501
9754,A,0.66700000000000004,1,6670
9754,B,1.2619,1,12619
9755,A,0.61640000000000006,1,6164
9755,B,0.26950000000000002,1,2695
9756,A,0.76700000000000002,1,7670
9756,B,1.7040000000000002,0,17040
9757,A,1.0184,1,10184
9757,B,0.70230000000000004,0,7023
9758,A,1.2006000000000001,1,12006
9758,B,0.13570000000000002,0,1357
9759,A,0.53880000000000006,1,5388
9759,B,1.2331000000000001,1,12331
9760,A,0.81690000000000007,1,8169
9760,B,0.78720000000000001,0,7872
9761,A,0.69840000000000002,1,6984
9761,B,0.5161,0,5161
9762,A,0.60299999999999998,1,6030
9762,B,0.39410000000000001,0,3941
9763,A,1.028,1,10280
9763,B,1.6700000000000002,0,16700
9764,A,0.29470000000000002,1,2947
9764,B,1.0142,1,10142
9765,A,0.43540000000000001,1,4354
9765,B,0.77129999999999999,1,7713
9766,A,0.94840000000000002,1,9484
9766,B,0.67500000000000004,0,6750
9767,A,1.1402000000000001,1,11402
9767,B,2.4225000000000003,1,24225
9768,A,0.50660000000000005,1,5066
9768,B,1.8694000000000002,0,18694
9769,A,0.44440000000000002,1,4444
9769,B,1.2224000000000002,0,12224
9770,A,0.82650000000000001,1,8265
9770,B,0.38840000000000002,0,3884
9771,A,0.47400000000000003,1,4740
9771,B,0.59870000000000001,0,5987
9772,A,1.0683,1,10683
9772,B,3.9899,0,39899
9773,A,1.6828000000000001,1,16828
9773,B,0.60210000000000008,0,6021
9774,A,0.60670000000000002,1,6067
9774,B,2.2761,1,22761
9775,A,0.82069999999999999,1,8207
9775,B,0.73520000000000008,1,7352
9776,A,0.72310000000000008,1,7231
9776,B,0.67280000000000006,0,6728
9777,A,0.33680000000000004,1,3368
9777,B,2.5807000000000002,1,25807
9778,A,1.4520000000000002,1,14520
9778,B,1.3895,1,13895
9779,A,0.65090000000000003,1,6509
9779,B,2.6664000000000003,0,26664
9780,A,1.1459000000000001,1,11459
9780,B,0.3654,0,3654
9781,A,0.20800000000000002,1,2080
9781,B,0.97360000000000002,1,9736
9782,A,0.83860000000000001,1,8386
9782,B,3.3456000000000001,1,33456
9783,A,0.78300000000000003,1,7830
9783,B,1.3817000000000002,0,13817
9784,A,0.48800000000000004,1,4880
9784,B,0.15870000000000001,0,1587
9785,A,1.054,1,10540
9785,B,3.5488,0,35488
9786,A,0.44120000000000004,1,4412
9786,B,0.876,1,8760
9787,A,0.53560000000000008,1,5356
9787,B,1.7368000000000001,0,17368
9788,A,1.49,1,14900
9788,B,1.4719,0,14719
9789,A,0.59089999999999998,1,5909
9789,B,1.4471000000000001,0,14471
9790,A,0.47940000000000005,0,4794
9790,B,1.9614,0,19614
9791,A,1.3514000000000002,1,13514
9791,B,2.1428000000000003,0,21428
9792,A,1.1020000000000001,1,11020
9792,B,1.6435000000000002,0,16435
9793,A,1.0486,1,10486
9793,B,0.80720000000000003,0,8072
9794,A,0.92120000000000002,1,9212
9794,B,0.19500000000000001,0,1950
9795,A,0.66190000000000004,1,6619
9795,B,0.95330000000000004,0,9533
9796,A,0.36499999999999999,1,3650
9796,B,0.92470000000000008,0,9247
9797,A,0.7974,1,7974
9797,B,0.3291,0,3291
9798,A,1.0568,1,10568
9798,B,1.0125999999999999,0,10126
9799,A,0.33510000000000001,0,3351
9799,B,2.2448000000000001,1,22448
9800,A,0.74530000000000007,1,7453
9800,B,0.35060000000000002,0,3506
9801,A,1.3394000000000001,1,13394
9801,B,0.58160000000000001,0,5816
9802,A,0.76390000000000002,1,7639
9802,B,1.1844000000000001,1,11844
9803,A,1.5423,1,15423
9803,B,0.42570000000000002,0,4257
9804,A,3.0374000000000003,1,30374
9804,B,1.1242000000000001,1,11242
9805,A,0.57769999999999999,1,5777
9805,B,1.2056,0,12056
9806,A,1.0102,1,10102
9806,B,2.3792,1,23792
9807,A,0.58340000000000003,1,5834
9807,B,1.2094,1,12094
9808,A,0.9254,1,9254
9808,B,0.29870000000000002,0,2987
9809,A,0.64770000000000005,1,6477
9809,B,1.2448000000000001,0,12448
9810,A,0.84400000000000008,1,8440
9810,B,0.89190000000000003,0,8919
9811,A,0.64540000000000008,1,6454
9811,B,0.95760000000000001,0,9576
9812,A,0.81190000000000007,1,8119
9812,B,0.9869,1,9869
9813,A,1.7601,1,17601
9813,B,1.6634,1,16634
9814,A,0.69569999999999999,1,6957
9814,B,1.2955000000000001,0,12955
9815,A,0.78570000000000007,1,7857
9815,B,1.3969,1,13969
9816,A,0.46610000000000001,1,4661
9816,B,1.6563000000000001,0,16563
9817,A,0.95730000000000004,1,9573
9817,B,1.5077,0,15077
9818,A,0.2417,0,2417
9818,B,0.091200000000000003,0,912
9819,A,1.9791000000000001,1,19791
9819,B,0.5403,1,5403
9820,A,0.66900000000000004,1,6690
9820,B,3.7960000000000003,0,37960
9821,A,0.35450000000000004,1,3545
9821,B,0.46240000000000003,0,4624
9822,A,0.64170000000000005,1,6417
9822,B,0.81200000000000006,0,8120
9823,A,0.71190000000000009,1,7119
9823,B,3.2238000000000002,1,32238
9824,A,0.69740000000000002,1,6974
9824,B,1.4354,0,14354
9825,A,0.79190000000000005,1,7919
9825,B,0.65029999999999999,0,6503
9826,A,0.82730000000000004,1,8273
9826,B,3.746,1,37460
9827,A,0.65329999999999999,1,6533
9827,B,0.71190000000000009,0,7119
9828,A,1.1085,1,11085
9828,B,0.4375,0,4375
9829,A,0.69430000000000003,1,6943
9829,B,2.9570000000000003,1,29570
9830,A,0.94940000000000002,0,9494
9830,B,0.29670000000000002,0,2967
9831,A,0.8599,1,8599
9831,B,0.46910000000000002,0,4691
9832,A,0.63470000000000004,1,6347
9832,B,0.69500000000000006,1,6950
9833,A,0.70620000000000005,1,7062
9833,B,0.61599999999999999,0,6160
9834,A,0.77450000000000008,1,7745
9834,B,1.3636000000000001,1,13636
9835,A,0.68480000000000008,1,6848
9835,B,1.3434000000000001,1,13434
9836,A,0.48820000000000002,1,4882
9836,B,1.9869000000000001,0,19869
9837,A,1.0169000000000001,1,10169
9837,B,1.0838000000000001,1,10838
9838,A,0.7772,1,7772
9838,B,0.2084,0,2084
9839,A,0.60140000000000005,1,6014
9839,B,1.3139000000000001,0,13139
9840,A,0.66500000000000004,1,6650
9840,B,0.85850000000000004,0,8585
9841,A,0.59910000000000008,1,5991
9841,B,0.33480000000000004,0,3348
9842,A,0.39750000000000002,1,3975
9842,B,2.0971000000000002,1,20971
9843,A,0.65280000000000005,1,6528
9843,B,0.23340000000000002,0,2334
9844,A,0.45520000000000005,1,4552
9844,B,1.9331,1,19331
9845,A,0.93330000000000002,1,9333
9845,B,1.3094000000000001,1,13094
9846,A,0.33540000000000003,1,3354
9846,B,1.7324000000000002,0,17324
9847,A,1.1459000000000001,1,11459
9847,B,0.73230000000000006,0,7323
9848,A,0.59860000000000002,1,5986
9848,B,0.20380000000000001,0,2038
9849,A,0.94230000000000003,1,9423
9849,B,0.79449999999999998,0,7945
9850,A,0.501,1,5010
9850,B,3.3180000000000001,1,33180
9851,A,0.51919999999999999,1,5192
9851,B,1.2464,0,12464
9852,A,1.3638000000000001,1,13638
9852,B,0.371,0,3710
9853,A,0.68300000000000005,1,6830
9853,B,0.94120000000000004,1,9412
9854,A,1.5281,1,15281
9854,B,0.37870000000000004,0,3787
9855,A,0.62580000000000002,1,6258
9855,B,0.8165,1,8165
9856,A,0.38090000000000002,1,3809
9856,B,0.5504,0,5504
9857,A,0.53400000000000003,1,5340
9857,B,0.56769999999999998,0,5677
9858,A,1.105,1,11050
9858,B,1.4576,0,14576
9859,A,1.224,1,12240
9859,B,0.65300000000000002,1,6530
9860,A,0.41000000000000003,1,4100
9860,B,1.4256,0,14256
9861,A,0.70820000000000005,1,7082
9861,B,1.3325,1,13325
9862,A,1.5477000000000001,1,15477
9862,B,0.47620000000000001,0,4762
9863,A,0.52139999999999997,1,5214
9863,B,0.44880000000000003,0,4488
9864,A,0.25840000000000002,1,2584
9864,B,0.69320000000000004,0,6932
9865,A,0.77029999999999998,1,7703
9865,B,0.37940000000000002,0,3794
9866,A,0.57020000000000004,1,5702
9866,B,2.6959,1,26959
9867,A,1.1778,1,11778
9867,B,1.1885000000000001,1,11885
9868,A,0.48480000000000001,0,4848
9868,B,1.9637,0,19637
9869,A,0.32930000000000004,1,3293
9869,B,6.2278000000000002,1,62278
9870,A,0.46400000000000002,1,4640
9870,B,0.91260000000000008,0,9126
9871,A,0.68580000000000008,1,6858
9871,B,2.2686000000000002,1,22686
9872,A,0.31459999999999999,1,3146
9872,B,1.8706,1,18706
9873,A,0.316,1,3160
9873,B,0.53800000000000003,0,5380
9874,A,0.84110000000000007,1,8411
9874,B,1.4973000000000001,1,14973
9875,A,0.45810000000000001,1,4581
9875,B,1.7730000000000001,0,17730
9876,A,1.5980000000000001,1,15980
9876,B,1.9084000000000001,1,19084
9877,A,0.85160000000000002,1,8516
9877,B,7.8965000000000005,0,78965
9878,A,0.52480000000000004,0,5248
9878,B,0.61320000000000008,1,6132
9879,A,0.46140000000000003,1,4614
9879,B,3.5372000000000003,1,35372
9880,A,0.98740000000000006,1,9874
9880,B,2.2944,1,22944
9881,A,0.66410000000000002,1,6641
9881,B,5.0743999999999998,0,50744
9882,A,0.77890000000000004,1,7789
9882,B,0.1174,0,1174
9883,A,0.76929999999999998,1,7693
9883,B,1.4670000000000001,1,14670
9884,A,0.496,1,4960
9884,B,1.9028,1,19028
9885,A,0.67930000000000001,1,6793
9885,B,0.69090000000000007,0,6909
9886,A,1.1754,1,11754
9886,B,0.76619999999999999,0,7662
9887,A,0.95800000000000007,1,9580
9887,B,0.95050000000000001,0,9505
9888,A,1.0998000000000001,1,10998
9888,B,0.65690000000000004,0,6569
9889,A,0.53810000000000002,1,5381
9889,B,0.92260000000000009,0,9226
9890,A,1.0401,1,10401
9890,B,0.5806,0,5806
9891,A,0.32370000000000004,1,3237
9891,B,0.40390000000000004,0,4039
9892,A,0.99170000000000003,1,9917
9892,B,0.69790000000000008,0,6979
9893,A,0.8024,1,8024
9893,B,5.3843000000000005,0,53843
9894,A,1.2074,1,12074
9894,B,0.30170000000000002,0,3017
9895,A,0.88750000000000007,1,8875
9895,B,0.5252,0,5252
9896,A,0.29999999999999999,0,3000
9896,B,0.72730000000000006,0,7273
9897,A,0.85570000000000002,1,8557
9897,B,2.0674000000000001,0,20674
9898,A,1.0135000000000001,1,10135
9898,B,0.84150000000000003,0,8415
9899,A,0.53029999999999999,1,5303
9899,B,2.0537000000000001,0,20537
9900,A,0.873,1,8730
9900,B,2.101,1,21010
9901,A,1.5144,1,15144
9901,B,0.69820000000000004,1,6982
9902,A,0.7681,1,7681
9902,B,1.3247,0,13247
9903,A,0.74070000000000003,1,7407
9903,B,1.1018000000000001,1,11018
9904,A,1.3064,1,13064
9904,B,2.0174000000000003,0,20174
9905,A,0.77970000000000006,1,7797
9905,B,0.51690000000000003,1,5169
9906,A,0.64070000000000005,1,6407
9906,B,2.0198,0,20198
9907,A,1.5806,1,15806
9907,B,1.5884,1,15884
9908,A,0.61720000000000008,1,6172
9908,B,0.64939999999999998,1,6494
9909,A,0.72520000000000007,0,7252
9909,B,2.5423,0,25423
9910,A,1.1883000000000001,1,11883
9910,B,0.1384,0,1384
9911,A,0.41150000000000003,1,4115
9911,B,0.63980000000000004,0,6398
9912,A,0.45000000000000001,1,4500
9912,B,1.718,0,17180
9913,A,0.84230000000000005,1,8423
9913,B,1.2709000000000001,0,12709
9914,A,0.69359999999999999,1,6936
9914,B,0.83930000000000005,1,8393
9915,A,0.38220000000000004,1,3822
9915,B,1.1120000000000001,0,11120
9916,A,0.83830000000000005,1,8383
9916,B,0.60710000000000008,0,6071
9917,A,0.97300000000000009,1,9730
9917,B,0.29899999999999999,0,2990
9918,A,0.75270000000000004,1,7527
9918,B,1.6789000000000001,1,16789
9919,A,0.93320000000000003,1,9332
9919,B,0.59570000000000001,0,5957
9920,A,1.2932000000000001,1,12932
9920,B,0.34010000000000001,0,3401
9921,A,0.78980000000000006,1,7898
9921,B,0.97060000000000002,0,9706
9922,A,0.50429999999999997,1,5043
9922,B,0.99470000000000003,0,9947
9923,A,1.8421000000000001,1,18421
9923,B,0.22520000000000001,0,2252
9924,A,0.77540000000000009,1,7754
9924,B,1.1125,0,11125
9925,A,1.4663000000000002,1,14663
9925,B,1.9794,1,19794
9926,A,0.33580000000000004,1,3358
9926,B,0.3493,0,3493
9927,A,1.0943000000000001,1,10943
9927,B,1.1357000000000002,0,11357
9928,A,0.75609999999999999,1,7561
9928,B,0.2225,0,2225
9929,A,0.85460000000000003,1,8546
9929,B,0.33030000000000004,0,3303
9930,A,0.34650000000000003,1,3465
9930,B,0.86890000000000001,0,8689
9931,A,0.48660000000000003,1,4866
9931,B,1.0463,0,10463
9932,A,0.78660000000000008,1,7866
9932,B,0.57090000000000007,0,5709
9933,A,1.3224,1,13224
9933,B,1.6571,1,16571
9934,A,0.69259999999999999,1,6926
9934,B,1.5608,0,15608
9935,A,0.313,1,3130
9935,B,0.18690000000000001,0,1869
9936,A,0.97470000000000001,1,9747
9936,B,1.7001000000000002,1,17001
9937,A,0.47020000000000001,1,4702
9937,B,0.61420000000000008,1,6142
9938,A,1.4814000000000001,1,14814
9938,B,1.8357000000000001,0,18357
9939,A,0.32530000000000003,1,3253
9939,B,0.49280000000000002,0,4928
9940,A,0.55180000000000007,1,5518
9940,B,1.4871000000000001,0,14871
9941,A,1.2145000000000001,1,12145
9941,B,0.76440000000000008,0,7644
9942,A,0.46510000000000001,1,4651
9942,B,0.53939999999999999,1,5394
9943,A,0.60220000000000007,1,6022
9943,B,0.47740000000000005,1,4774
9944,A,1.1016000000000001,1,11016
9944,B,0.80780000000000007,0,8078
9945,A,0.9244,1,9244
9945,B,0.49400000000000005,1,4940
9946,A,0.93870000000000009,1,9387
9946,B,1.2129000000000001,0,12129
9947,A,0.37190000000000001,1,3719
9947,B,2.0949,1,20949
9948,A,0.59040000000000004,1,5904
9948,B,0.55230000000000001,1,5523
9949,A,0.60210000000000008,1,6021
9949,B,0.71989999999999998,0,7199
9950,A,1.3941000000000001,1,13941
9950,B,2.0461,1,20461
9951,A,0.92330000000000001,1,9233
9951,B,2.3317000000000001,0,23317
9952,A,0.60099999999999998,1,6010
9952,B,1.6886000000000001,0,16886
9953,A,1.7273000000000001,1,17273
9953,B,0.3382,0,3382
9954,A,0.62840000000000007,1,6284
9954,B,1.7038,1,17038
9955,A,1.276,1,12760
9955,B,1.1702000000000001,0,11702
9956,A,1.4875,1,14875
9956,B,1.2821,0,12821
9957,A,0.59950000000000003,1,5995
9957,B,2.7618,1,27618
9958,A,0.87620000000000009,1,8762
9958,B,0.59850000000000003,1,5985
9959,A,0.6825,1,6825
9959,B,0.45200000000000001,0,4520
9960,A,0.54710000000000003,1,5471
9960,B,1.1846000000000001,0,11846
9961,A,1.2031000000000001,1,12031
9961,B,0.76690000000000003,0,7669
9962,A,0.4602,1,4602
9962,B,1.0482,0,10482
9963,A,2.0528,1,20528
9963,B,2.2200000000000002,0,22200
9964,A,1.1156000000000001,1,11156
9964,B,1.2858000000000001,1,12858
9965,A,0.72240000000000004,1,7224
9965,B,0.64950000000000008,0,6495
9966,A,0.87460000000000004,1,8746
9966,B,0.54859999999999998,0,5486
9967,A,1.1402000000000001,1,11402
9967,B,0.60420000000000007,0,6042
9968,A,1.2391000000000001,1,12391
9968,B,0.66720000000000002,0,6672
9969,A,0.77970000000000006,1,7797
9969,B,0.51619999999999999,0,5162
9970,A,1.4238000000000002,1,14238
9970,B,0.40360000000000001,0,4036
9971,A,0.377,1,3770
9971,B,0.61130000000000007,1,6113
9972,A,0.44210000000000005,1,4421
9972,B,0.20670000000000002,0,2067
9973,A,0.81810000000000005,1,8181
9973,B,2.0388999999999999,0,20389
9974,A,0.93310000000000004,1,9331
9974,B,0.77740000000000009,0,7774
9975,A,0.86350000000000005,1,8635
9975,B,2.7948,1,27948
9976,A,0.9981000000000001,1,9981
9976,B,0.66139999999999999,0,6614
9977,A,0.70150000000000001,1,7015
9977,B,1.232,0,12320
9978,A,0.74640000000000006,1,7464
9978,B,0.15590000000000001,0,1559
9979,A,0.8962,1,8962
9979,B,1.4412,0,14412
9980,A,0.4199,1,4199
9980,B,0.24150000000000002,0,2415
9981,A,0.6401,1,6401
9981,B,0.33400000000000002,0,3340
9982,A,0.85860000000000003,1,8586
9982,B,4.5376000000000003,1,45376
9983,A,1.5455000000000001,1,15455
9983,B,0.70579999999999998,0,7058
9984,A,0.65410000000000001,1,6541
9984,B,0.77390000000000003,0,7739
9985,A,0.6331,1,6331
9985,B,1.1864000000000001,0,11864
9986,A,0.67870000000000008,1,6787
9986,B,1.1892,0,11892
9987,A,1.2886,1,12886
9987,B,0.70350000000000001,0,7035
9988,A,0.95960000000000001,1,9596
9988,B,6.5705,0,65705
9989,A,0.51929999999999998,1,5193
9989,B,0.61470000000000002,0,6147
9990,A,0.8669,1,8669
9990,B,0.93500000000000005,0,9350
9991,A,2.8719000000000001,1,28719
9991,B,1.8157000000000001,0,18157
9992,A,0.76070000000000004,1,7607
9992,B,1.1621000000000001,0,11621
9993,A,0.35070000000000001,1,3507
9993,B,1.5697000000000001,1,15697
9994,A,1.8942000000000001,1,18942
9994,B,0.75370000000000004,1,7537
9995,A,0.46940000000000004,1,4694
9995,B,1.0389000000000002,1,10389
9996,A,1.5133000000000001,1,15133
9996,B,1.0847,0,10847
9997,A,0.90129999999999999,1,9013
9997,B,0.75850000000000006,0,7585
9998,A,0.48560000000000003,1,4856
9998,B,1.3120000000000001,0,13120
9999,A,1.0003,1,10003
9999,B,0.43610000000000004,0,4361
